
-------------------------------------------------------------------------------
   ROBOCOPY     ::     Robust File Copy for Windows                              
-------------------------------------------------------------------------------

  Started : 2026729 20:03:58
   Source : C:\Users\DELL\OneDrive\Desktop\sparta代码修改流程\sparta-master\
     Dest : C:\Users\DELL\OneDrive\Desktop\src_20260715\

    Files : *.*
	    
  Options : *.* /S /E /DCOPY:DAT /COPY:DAT /NP /XJ /MT:8 /R:1 /W:1 

------------------------------------------------------------------------------

	    New File  		     326	C:\Users\DELL\OneDrive\Desktop\sparta代码修改流程\sparta-master\.gitignore
	    New File  		    5802	C:\Users\DELL\OneDrive\Desktop\sparta代码修改流程\sparta-master\BUILD_CMAKE.md
	    New File  		   17771	C:\Users\DELL\OneDrive\Desktop\sparta代码修改流程\sparta-master\LICENSE
	    New File  		    1812	C:\Users\DELL\OneDrive\Desktop\sparta代码修改流程\sparta-master\README
	    New File  		     283	C:\Users\DELL\OneDrive\Desktop\sparta代码修改流程\sparta-master\.github\CODEOWNERS
	    New File  		    1815	C:\Users\DELL\OneDrive\Desktop\sparta代码修改流程\sparta-master\.github\ISSUE_TEMPLATE.md
	    New File  		    1310	C:\Users\DELL\OneDrive\Desktop\sparta代码修改流程\sparta-master\.github\PULL_REQUEST_TEMPLATE.md
	    New File  		     203	C:\Users\DELL\OneDrive\Desktop\sparta代码修改流程\sparta-master\bench\ar.species
	    New File  		     122	C:\Users\DELL\OneDrive\Desktop\sparta代码修改流程\sparta-master\bench\ar.vss
	    New File  		   46972	C:\Users\DELL\OneDrive\Desktop\sparta代码修改流程\sparta-master\bench\data.sphere
	    New File  		    1045	C:\Users\DELL\OneDrive\Desktop\sparta代码修改流程\sparta-master\bench\in.collide
	    New File  		    1008	C:\Users\DELL\OneDrive\Desktop\sparta代码修改流程\sparta-master\bench\in.free
	    New File  		    1677	C:\Users\DELL\OneDrive\Desktop\sparta代码修改流程\sparta-master\bench\in.sphere
	    New File  		    5925	C:\Users\DELL\OneDrive\Desktop\sparta代码修改流程\sparta-master\bench\log.7Jul14.collide.icc.100K.1
	    New File  		    5979	C:\Users\DELL\OneDrive\Desktop\sparta代码修改流程\sparta-master\bench\log.7Jul14.collide.icc.100K.8
	    New File  		    5889	C:\Users\DELL\OneDrive\Desktop\sparta代码修改流程\sparta-master\bench\log.7Jul14.collide.icc.10K.1
	    New File  		    5957	C:\Users\DELL\OneDrive\Desktop\sparta代码修改流程\sparta-master\bench\log.7Jul14.collide.icc.10K.8
	    New File  		    5933	C:\Users\DELL\OneDrive\Desktop\sparta代码修改流程\sparta-master\bench\log.7Jul14.collide.icc.10M.1
	    New File  		    6040	C:\Users\DELL\OneDrive\Desktop\sparta代码修改流程\sparta-master\bench\log.7Jul14.collide.icc.10M.8
	    New File  		    5922	C:\Users\DELL\OneDrive\Desktop\sparta代码修改流程\sparta-master\bench\log.7Jul14.collide.icc.1M.1
	    New File  		    6009	C:\Users\DELL\OneDrive\Desktop\sparta代码修改流程\sparta-master\bench\log.7Jul14.collide.icc.1M.8
	    New File  		    5770	C:\Users\DELL\OneDrive\Desktop\sparta代码修改流程\sparta-master\bench\log.7Jul14.free.icc.100K.1
	    New File  		    5824	C:\Users\DELL\OneDrive\Desktop\sparta代码修改流程\sparta-master\bench\log.7Jul14.free.icc.100K.8
	    New File  		    5740	C:\Users\DELL\OneDrive\Desktop\sparta代码修改流程\sparta-master\bench\log.7Jul14.free.icc.10K.1
	    New File  		    5794	C:\Users\DELL\OneDrive\Desktop\sparta代码修改流程\sparta-master\bench\log.7Jul14.free.icc.10K.8
	    New File  		    5782	C:\Users\DELL\OneDrive\Desktop\sparta代码修改流程\sparta-master\bench\log.7Jul14.free.icc.10M.1
	    New File  		    5888	C:\Users\DELL\OneDrive\Desktop\sparta代码修改流程\sparta-master\bench\log.7Jul14.free.icc.10M.8
	    New File  		    5771	C:\Users\DELL\OneDrive\Desktop\sparta代码修改流程\sparta-master\bench\log.7Jul14.free.icc.1M.1
	    New File  		    5852	C:\Users\DELL\OneDrive\Desktop\sparta代码修改流程\sparta-master\bench\log.7Jul14.free.icc.1M.8
	    New File  		    7558	C:\Users\DELL\OneDrive\Desktop\sparta代码修改流程\sparta-master\bench\log.7Jul14.sphere.icc.100K.1
	    New File  		    7611	C:\Users\DELL\OneDrive\Desktop\sparta代码修改流程\sparta-master\bench\log.7Jul14.sphere.icc.100K.8
	    New File  		    7545	C:\Users\DELL\OneDrive\Desktop\sparta代码修改流程\sparta-master\bench\log.7Jul14.sphere.icc.10K.1
	    New File  		    7585	C:\Users\DELL\OneDrive\Desktop\sparta代码修改流程\sparta-master\bench\log.7Jul14.sphere.icc.10K.8
	    New File  		    2235	C:\Users\DELL\OneDrive\Desktop\sparta代码修改流程\sparta-master\bench\log.7Jul14.sphere.icc.10M.1
	    New File  		    2241	C:\Users\DELL\OneDrive\Desktop\sparta代码修改流程\sparta-master\bench\log.7Jul14.sphere.icc.10M.8
	    New File  		    7588	C:\Users\DELL\OneDrive\Desktop\sparta代码修改流程\sparta-master\bench\log.7Jul14.sphere.icc.1M.1
	    New File  		    7634	C:\Users\DELL\OneDrive\Desktop\sparta代码修改流程\sparta-master\bench\log.7Jul14.sphere.icc.1M.8
	    New File  		    3192	C:\Users\DELL\OneDrive\Desktop\sparta代码修改流程\sparta-master\bench\README
	    New File  		     569	C:\Users\DELL\OneDrive\Desktop\sparta代码修改流程\sparta-master\cmake\check_for_sparta_build_artifacts.sh
	    New File  		    5944	C:\Users\DELL\OneDrive\Desktop\sparta代码修改流程\sparta-master\cmake\CMakeLists.txt
	    New File  		      38	C:\Users\DELL\OneDrive\Desktop\sparta代码修改流程\sparta-master\cmake\make_style.sh
	    New File  		     976	C:\Users\DELL\OneDrive\Desktop\sparta代码修改流程\sparta-master\data\air.species
	    New File  		     449	C:\Users\DELL\OneDrive\Desktop\sparta代码修改流程\sparta-master\data\air.surf
	    New File  		    2955	C:\Users\DELL\OneDrive\Desktop\sparta代码修改流程\sparta-master\data\air.tce
	    New File  		     828	C:\Users\DELL\OneDrive\Desktop\sparta代码修改流程\sparta-master\data\air.vss
	    New File  		   8.0 m	C:\Users\DELL\OneDrive\Desktop\sparta代码修改流程\sparta-master\data\apollo.stl
	    New File  		     145	C:\Users\DELL\OneDrive\Desktop\sparta代码修改流程\sparta-master\data\ar.hs
	    New File  		     203	C:\Users\DELL\OneDrive\Desktop\sparta代码修改流程\sparta-master\data\ar.species
	    New File  		     126	C:\Users\DELL\OneDrive\Desktop\sparta代码修改流程\sparta-master\data\ar.vhs
	    New File  		     122	C:\Users\DELL\OneDrive\Desktop\sparta代码修改流程\sparta-master\data\ar.vss
	    New File  		     279	C:\Users\DELL\OneDrive\Desktop\sparta代码修改流程\sparta-master\data\co2.species
	    New File  		      71	C:\Users\DELL\OneDrive\Desktop\sparta代码修改流程\sparta-master\data\co2.species.vib
	    New File  		     330	C:\Users\DELL\OneDrive\Desktop\sparta代码修改流程\sparta-master\data\co2.vss
	    New File  		   4.4 m	C:\Users\DELL\OneDrive\Desktop\sparta代码修改流程\sparta-master\data\gemini.stl
	    New File  		    1464	C:\Users\DELL\OneDrive\Desktop\sparta代码修改流程\sparta-master\data\mars.species
	    New File  		   12427	C:\Users\DELL\OneDrive\Desktop\sparta代码修改流程\sparta-master\data\mars.tce
	    New File  		    1493	C:\Users\DELL\OneDrive\Desktop\sparta代码修改流程\sparta-master\data\mars.vss
	    New File  		  12.3 m	C:\Users\DELL\OneDrive\Desktop\sparta代码修改流程\sparta-master\data\orion.stl
	    New File  		    1621	C:\Users\DELL\OneDrive\Desktop\sparta代码修改流程\sparta-master\data\README
	    New File  		   1.4 m	C:\Users\DELL\OneDrive\Desktop\sparta代码修改流程\sparta-master\data\sdata.apollo
	    New File  		  778079	C:\Users\DELL\OneDrive\Desktop\sparta代码修改流程\sparta-master\data\sdata.gemini
	    New File  		   2.2 m	C:\Users\DELL\OneDrive\Desktop\sparta代码修改流程\sparta-master\data\sdata.orion
	    New File  		   58456	C:\Users\DELL\OneDrive\Desktop\sparta代码修改流程\sparta-master\data\sdata.shuttle
	    New File  		    6607	C:\Users\DELL\OneDrive\Desktop\sparta代码修改流程\sparta-master\data\sdata.sphere
	    New File  		     781	C:\Users\DELL\OneDrive\Desktop\sparta代码修改流程\sparta-master\examples\CMakeLists.txt
	    New File  		    2820	C:\Users\DELL\OneDrive\Desktop\sparta代码修改流程\sparta-master\examples\README
	    New File  		    2057	C:\Users\DELL\OneDrive\Desktop\sparta代码修改流程\sparta-master\python\install.py
	    New File  		    2078	C:\Users\DELL\OneDrive\Desktop\sparta代码修改流程\sparta-master\python\README
	    New File  		    4052	C:\Users\DELL\OneDrive\Desktop\sparta代码修改流程\sparta-master\python\sparta.py
	    New File  		     951	C:\Users\DELL\OneDrive\Desktop\sparta代码修改流程\sparta-master\lib\README
	    New File  		   18278	C:\Users\DELL\OneDrive\Desktop\sparta代码修改流程\sparta-master\doc\adapt_grid.html
	    New File  		   16805	C:\Users\DELL\OneDrive\Desktop\sparta代码修改流程\sparta-master\doc\adapt_grid.txt
	    New File  		   10041	C:\Users\DELL\OneDrive\Desktop\sparta代码修改流程\sparta-master\doc\balance_grid.html
	    New File  		    9145	C:\Users\DELL\OneDrive\Desktop\sparta代码修改流程\sparta-master\doc\balance_grid.txt
	    New File  		    3155	C:\Users\DELL\OneDrive\Desktop\sparta代码修改流程\sparta-master\doc\boundary.html
	    New File  		    2715	C:\Users\DELL\OneDrive\Desktop\sparta代码修改流程\sparta-master\doc\boundary.txt
	    New File  		    2865	C:\Users\DELL\OneDrive\Desktop\sparta代码修改流程\sparta-master\doc\bound_modify.html
	    New File  		    2452	C:\Users\DELL\OneDrive\Desktop\sparta代码修改流程\sparta-master\doc\bound_modify.txt
	    New File  		    1164	C:\Users\DELL\OneDrive\Desktop\sparta代码修改流程\sparta-master\doc\clear.html
	    New File  		     967	C:\Users\DELL\OneDrive\Desktop\sparta代码修改流程\sparta-master\doc\clear.txt
	    New File  		   11544	C:\Users\DELL\OneDrive\Desktop\sparta代码修改流程\sparta-master\doc\collide.html
	    New File  		   10588	C:\Users\DELL\OneDrive\Desktop\sparta代码修改流程\sparta-master\doc\collide.txt
	    New File  		    7968	C:\Users\DELL\OneDrive\Desktop\sparta代码修改流程\sparta-master\doc\collide_modify.html
	    New File  		    7318	C:\Users\DELL\OneDrive\Desktop\sparta代码修改流程\sparta-master\doc\collide_modify.txt
	    New File  		    8150	C:\Users\DELL\OneDrive\Desktop\sparta代码修改流程\sparta-master\doc\compute.html
	    New File  		    7057	C:\Users\DELL\OneDrive\Desktop\sparta代码修改流程\sparta-master\doc\compute.txt
	    New File  		   12133	C:\Users\DELL\OneDrive\Desktop\sparta代码修改流程\sparta-master\doc\compute_boundary.html
	    New File  		   11165	C:\Users\DELL\OneDrive\Desktop\sparta代码修改流程\sparta-master\doc\compute_boundary.txt
	    New File  		    4028	C:\Users\DELL\OneDrive\Desktop\sparta代码修改流程\sparta-master\doc\compute_count.html
	    New File  		    3619	C:\Users\DELL\OneDrive\Desktop\sparta代码修改流程\sparta-master\doc\compute_count.txt
	    New File  		    6647	C:\Users\DELL\OneDrive\Desktop\sparta代码修改流程\sparta-master\doc\compute_distsurf_grid.html
	    New File  		    6062	C:\Users\DELL\OneDrive\Desktop\sparta代码修改流程\sparta-master\doc\compute_distsurf_grid.txt
	    New File  		    7913	C:\Users\DELL\OneDrive\Desktop\sparta代码修改流程\sparta-master\doc\compute_dt_grid.html
	    New File  		    7228	C:\Users\DELL\OneDrive\Desktop\sparta代码修改流程\sparta-master\doc\compute_dt_grid.txt
	    New File  		    7954	C:\Users\DELL\OneDrive\Desktop\sparta代码修改流程\sparta-master\doc\compute_eflux_grid.html
	    New File  		    7243	C:\Users\DELL\OneDrive\Desktop\sparta代码修改流程\sparta-master\doc\compute_eflux_grid.txt
	    New File  		   11240	C:\Users\DELL\OneDrive\Desktop\sparta代码修改流程\sparta-master\doc\compute_fft_grid.html
	    New File  		   10200	C:\Users\DELL\OneDrive\Desktop\sparta代码修改流程\sparta-master\doc\compute_fft_grid.txt
	    New File  		    2430	C:\Users\DELL\OneDrive\Desktop\sparta代码修改流程\sparta-master\doc\compute_gas_collision_grid.html
	    New File  		    2079	C:\Users\DELL\OneDrive\Desktop\sparta代码修改流程\sparta-master\doc\compute_gas_collision_grid.txt
	    New File  		    4794	C:\Users\DELL\OneDrive\Desktop\sparta代码修改流程\sparta-master\doc\compute_gas_collision_tally.html
	    New File  		    4102	C:\Users\DELL\OneDrive\Desktop\sparta代码修改流程\sparta-master\doc\compute_gas_collision_tally.txt
	    New File  		    4386	C:\Users\DELL\OneDrive\Desktop\sparta代码修改流程\sparta-master\doc\compute_gas_reaction_grid.html
	    New File  		    3877	C:\Users\DELL\OneDrive\Desktop\sparta代码修改流程\sparta-master\doc\compute_gas_reaction_grid.txt
	    New File  		    6884	C:\Users\DELL\OneDrive\Desktop\sparta代码修改流程\sparta-master\doc\compute_gas_reaction_tally.html
	    New File  		    6082	C:\Users\DELL\OneDrive\Desktop\sparta代码修改流程\sparta-master\doc\compute_gas_reaction_tally.txt
	    New File  		   14443	C:\Users\DELL\OneDrive\Desktop\sparta代码修改流程\sparta-master\doc\compute_grid.html
	    New File  		   12964	C:\Users\DELL\OneDrive\Desktop\sparta代码修改流程\sparta-master\doc\compute_grid.txt
	    New File  		    7521	C:\Users\DELL\OneDrive\Desktop\sparta代码修改流程\sparta-master\doc\compute_isurf_grid.html
	    New File  		    6852	C:\Users\DELL\OneDrive\Desktop\sparta代码修改流程\sparta-master\doc\compute_isurf_grid.txt
	    New File  		    2813	C:\Users\DELL\OneDrive\Desktop\sparta代码修改流程\sparta-master\doc\compute_ke_particle.html
	    New File  		    2418	C:\Users\DELL\OneDrive\Desktop\sparta代码修改流程\sparta-master\doc\compute_ke_particle.txt
	    New File  		   12741	C:\Users\DELL\OneDrive\Desktop\sparta代码修改流程\sparta-master\doc\compute_lambda_grid.html
	    New File  		   11506	C:\Users\DELL\OneDrive\Desktop\sparta代码修改流程\sparta-master\doc\compute_lambda_grid.txt
	    New File  		    8410	C:\Users\DELL\OneDrive\Desktop\sparta代码修改流程\sparta-master\doc\compute_pflux_grid.html
	    New File  		    7640	C:\Users\DELL\OneDrive\Desktop\sparta代码修改流程\sparta-master\doc\compute_pflux_grid.txt
	    New File  		    6275	C:\Users\DELL\OneDrive\Desktop\sparta代码修改流程\sparta-master\doc\compute_property_grid.html
	    New File  		    5575	C:\Users\DELL\OneDrive\Desktop\sparta代码修改流程\sparta-master\doc\compute_property_grid.txt
	    New File  		    4791	C:\Users\DELL\OneDrive\Desktop\sparta代码修改流程\sparta-master\doc\compute_property_surf.html
	    New File  		    4211	C:\Users\DELL\OneDrive\Desktop\sparta代码修改流程\sparta-master\doc\compute_property_surf.txt
	    New File  		    3825	C:\Users\DELL\OneDrive\Desktop\sparta代码修改流程\sparta-master\doc\compute_react_boundary.html
	    New File  		    3448	C:\Users\DELL\OneDrive\Desktop\sparta代码修改流程\sparta-master\doc\compute_react_boundary.txt
	    New File  		    4849	C:\Users\DELL\OneDrive\Desktop\sparta代码修改流程\sparta-master\doc\compute_react_isurf_grid.html
	    New File  		    4350	C:\Users\DELL\OneDrive\Desktop\sparta代码修改流程\sparta-master\doc\compute_react_isurf_grid.txt
	    New File  		    4695	C:\Users\DELL\OneDrive\Desktop\sparta代码修改流程\sparta-master\doc\compute_react_surf.html
	    New File  		    4210	C:\Users\DELL\OneDrive\Desktop\sparta代码修改流程\sparta-master\doc\compute_react_surf.txt
	    New File  		   13922	C:\Users\DELL\OneDrive\Desktop\sparta代码修改流程\sparta-master\doc\compute_reduce.html
	    New File  		   12980	C:\Users\DELL\OneDrive\Desktop\sparta代码修改流程\sparta-master\doc\compute_reduce.txt
	    New File  		    8486	C:\Users\DELL\OneDrive\Desktop\sparta代码修改流程\sparta-master\doc\compute_sonine_grid.html
	    New File  		    7804	C:\Users\DELL\OneDrive\Desktop\sparta代码修改流程\sparta-master\doc\compute_sonine_grid.txt
	    New File  		   22343	C:\Users\DELL\OneDrive\Desktop\sparta代码修改流程\sparta-master\doc\compute_surf.html
	    New File  		   20593	C:\Users\DELL\OneDrive\Desktop\sparta代码修改流程\sparta-master\doc\compute_surf.txt
	    New File  		    5487	C:\Users\DELL\OneDrive\Desktop\sparta代码修改流程\sparta-master\doc\compute_surf_collision_tally.html
	    New File  		    4737	C:\Users\DELL\OneDrive\Desktop\sparta代码修改流程\sparta-master\doc\compute_surf_collision_tally.txt
	    New File  		    8061	C:\Users\DELL\OneDrive\Desktop\sparta代码修改流程\sparta-master\doc\compute_surf_reaction_tally.html
	    New File  		    7082	C:\Users\DELL\OneDrive\Desktop\sparta代码修改流程\sparta-master\doc\compute_surf_reaction_tally.txt
	    New File  		    2867	C:\Users\DELL\OneDrive\Desktop\sparta代码修改流程\sparta-master\doc\compute_temp.html
	    New File  		    2515	C:\Users\DELL\OneDrive\Desktop\sparta代码修改流程\sparta-master\doc\compute_temp.txt
	    New File  		    8197	C:\Users\DELL\OneDrive\Desktop\sparta代码修改流程\sparta-master\doc\compute_thermal_grid.html
	    New File  		    7498	C:\Users\DELL\OneDrive\Desktop\sparta代码修改流程\sparta-master\doc\compute_thermal_grid.txt
	    New File  		    8232	C:\Users\DELL\OneDrive\Desktop\sparta代码修改流程\sparta-master\doc\compute_tvib_grid.html
	    New File  		    7586	C:\Users\DELL\OneDrive\Desktop\sparta代码修改流程\sparta-master\doc\compute_tvib_grid.txt
	    New File  		    1469	C:\Users\DELL\OneDrive\Desktop\sparta代码修改流程\sparta-master\doc\create_box.html
	    New File  		    1233	C:\Users\DELL\OneDrive\Desktop\sparta代码修改流程\sparta-master\doc\create_box.txt
	    New File  		   12774	C:\Users\DELL\OneDrive\Desktop\sparta代码修改流程\sparta-master\doc\create_grid.html
	    New File  		   11801	C:\Users\DELL\OneDrive\Desktop\sparta代码修改流程\sparta-master\doc\create_grid.txt
	    New File  		   15022	C:\Users\DELL\OneDrive\Desktop\sparta代码修改流程\sparta-master\doc\create_isurf.html
	    New File  		   14060	C:\Users\DELL\OneDrive\Desktop\sparta代码修改流程\sparta-master\doc\create_isurf.txt
	    New File  		   25826	C:\Users\DELL\OneDrive\Desktop\sparta代码修改流程\sparta-master\doc\create_particles.html
	    New File  		   23730	C:\Users\DELL\OneDrive\Desktop\sparta代码修改流程\sparta-master\doc\create_particles.txt
	    New File  		   19422	C:\Users\DELL\OneDrive\Desktop\sparta代码修改流程\sparta-master\doc\custom.html
	    New File  		   18098	C:\Users\DELL\OneDrive\Desktop\sparta代码修改流程\sparta-master\doc\custom.txt
	    New File  		     976	C:\Users\DELL\OneDrive\Desktop\sparta代码修改流程\sparta-master\doc\dimension.html
	    New File  		     784	C:\Users\DELL\OneDrive\Desktop\sparta代码修改流程\sparta-master\doc\dimension.txt
	    New File  		   29174	C:\Users\DELL\OneDrive\Desktop\sparta代码修改流程\sparta-master\doc\dump.html
	    New File  		   27040	C:\Users\DELL\OneDrive\Desktop\sparta代码修改流程\sparta-master\doc\dump.txt
	    New File  		   32495	C:\Users\DELL\OneDrive\Desktop\sparta代码修改流程\sparta-master\doc\dump_image.html
	    New File  		   29773	C:\Users\DELL\OneDrive\Desktop\sparta代码修改流程\sparta-master\doc\dump_image.txt
	    New File  		   37496	C:\Users\DELL\OneDrive\Desktop\sparta代码修改流程\sparta-master\doc\dump_modify.html
	    New File  		   33652	C:\Users\DELL\OneDrive\Desktop\sparta代码修改流程\sparta-master\doc\dump_modify.txt
	    New File  		     937	C:\Users\DELL\OneDrive\Desktop\sparta代码修改流程\sparta-master\doc\echo.html
	    New File  		     744	C:\Users\DELL\OneDrive\Desktop\sparta代码修改流程\sparta-master\doc\echo.txt
	    New File  		    8396	C:\Users\DELL\OneDrive\Desktop\sparta代码修改流程\sparta-master\doc\fix.html
	    New File  		    7340	C:\Users\DELL\OneDrive\Desktop\sparta代码修改流程\sparta-master\doc\fix.txt
	    New File  		   16933	C:\Users\DELL\OneDrive\Desktop\sparta代码修改流程\sparta-master\doc\fix_ablate.html
	    New File  		   15676	C:\Users\DELL\OneDrive\Desktop\sparta代码修改流程\sparta-master\doc\fix_ablate.txt
	    New File  		    5708	C:\Users\DELL\OneDrive\Desktop\sparta代码修改流程\sparta-master\doc\fix_adapt.html
	    New File  		    5162	C:\Users\DELL\OneDrive\Desktop\sparta代码修改流程\sparta-master\doc\fix_adapt.txt
	    New File  		    5249	C:\Users\DELL\OneDrive\Desktop\sparta代码修改流程\sparta-master\doc\fix_ambipolar.html
	    New File  		    4783	C:\Users\DELL\OneDrive\Desktop\sparta代码修改流程\sparta-master\doc\fix_ambipolar.txt
	    New File  		   13543	C:\Users\DELL\OneDrive\Desktop\sparta代码修改流程\sparta-master\doc\fix_ave_grid.html
	    New File  		   12507	C:\Users\DELL\OneDrive\Desktop\sparta代码修改流程\sparta-master\doc\fix_ave_grid.txt
	    New File  		   19526	C:\Users\DELL\OneDrive\Desktop\sparta代码修改流程\sparta-master\doc\fix_ave_histo.html
	    New File  		   18040	C:\Users\DELL\OneDrive\Desktop\sparta代码修改流程\sparta-master\doc\fix_ave_histo.txt
	    New File  		   11334	C:\Users\DELL\OneDrive\Desktop\sparta代码修改流程\sparta-master\doc\fix_ave_surf.html
	    New File  		   10472	C:\Users\DELL\OneDrive\Desktop\sparta代码修改流程\sparta-master\doc\fix_ave_surf.txt
	    New File  		   15436	C:\Users\DELL\OneDrive\Desktop\sparta代码修改流程\sparta-master\doc\fix_ave_time.html
	    New File  		   14292	C:\Users\DELL\OneDrive\Desktop\sparta代码修改流程\sparta-master\doc\fix_ave_time.txt
	    New File  		   10565	C:\Users\DELL\OneDrive\Desktop\sparta代码修改流程\sparta-master\doc\fix_balance.html
	    New File  		    9705	C:\Users\DELL\OneDrive\Desktop\sparta代码修改流程\sparta-master\doc\fix_balance.txt
	    New File  		    4625	C:\Users\DELL\OneDrive\Desktop\sparta代码修改流程\sparta-master\doc\fix_custom.html
	    New File  		    4101	C:\Users\DELL\OneDrive\Desktop\sparta代码修改流程\sparta-master\doc\fix_custom.txt
	    New File  		    4798	C:\Users\DELL\OneDrive\Desktop\sparta代码修改流程\sparta-master\doc\fix_dt_reset.html
	    New File  		    4348	C:\Users\DELL\OneDrive\Desktop\sparta代码修改流程\sparta-master\doc\fix_dt_reset.txt
	    New File  		   14949	C:\Users\DELL\OneDrive\Desktop\sparta代码修改流程\sparta-master\doc\fix_emit_face.html
	    New File  		   13683	C:\Users\DELL\OneDrive\Desktop\sparta代码修改流程\sparta-master\doc\fix_emit_face.txt
	    New File  		   20389	C:\Users\DELL\OneDrive\Desktop\sparta代码修改流程\sparta-master\doc\fix_emit_face_file.html
	    New File  		   19062	C:\Users\DELL\OneDrive\Desktop\sparta代码修改流程\sparta-master\doc\fix_emit_face_file.txt
	    New File  		   19845	C:\Users\DELL\OneDrive\Desktop\sparta代码修改流程\sparta-master\doc\fix_emit_surf.html
	    New File  		   18316	C:\Users\DELL\OneDrive\Desktop\sparta代码修改流程\sparta-master\doc\fix_emit_surf.txt
	    New File  		    5670	C:\Users\DELL\OneDrive\Desktop\sparta代码修改流程\sparta-master\doc\fix_field_file_grid.html
	    New File  		    5234	C:\Users\DELL\OneDrive\Desktop\sparta代码修改流程\sparta-master\doc\fix_field_grid.html
	    New File  		    4767	C:\Users\DELL\OneDrive\Desktop\sparta代码修改流程\sparta-master\doc\fix_field_grid.txt
	    New File  		    4920	C:\Users\DELL\OneDrive\Desktop\sparta代码修改流程\sparta-master\doc\fix_field_particle.html
	    New File  		    4478	C:\Users\DELL\OneDrive\Desktop\sparta代码修改流程\sparta-master\doc\fix_field_particle.txt
	    New File  		    3970	C:\Users\DELL\OneDrive\Desktop\sparta代码修改流程\sparta-master\doc\fix_grid_check.html
	    New File  		    3534	C:\Users\DELL\OneDrive\Desktop\sparta代码修改流程\sparta-master\doc\fix_grid_check.txt
	    New File  		    5764	C:\Users\DELL\OneDrive\Desktop\sparta代码修改流程\sparta-master\doc\fix_halt.html
	    New File  		    5117	C:\Users\DELL\OneDrive\Desktop\sparta代码修改流程\sparta-master\doc\fix_halt.txt
	    New File  		    4752	C:\Users\DELL\OneDrive\Desktop\sparta代码修改流程\sparta-master\doc\fix_move_surf.html
	    New File  		    4194	C:\Users\DELL\OneDrive\Desktop\sparta代码修改流程\sparta-master\doc\fix_move_surf.txt
	    New File  		    3364	C:\Users\DELL\OneDrive\Desktop\sparta代码修改流程\sparta-master\doc\fix_print.html
	    New File  		    2926	C:\Users\DELL\OneDrive\Desktop\sparta代码修改流程\sparta-master\doc\fix_print.txt
	    New File  		    6102	C:\Users\DELL\OneDrive\Desktop\sparta代码修改流程\sparta-master\doc\fix_surf_temp.html
	    New File  		    5527	C:\Users\DELL\OneDrive\Desktop\sparta代码修改流程\sparta-master\doc\fix_surf_temp.txt
	    New File  		    3231	C:\Users\DELL\OneDrive\Desktop\sparta代码修改流程\sparta-master\doc\fix_temp_global_rescale.html
	    New File  		    2912	C:\Users\DELL\OneDrive\Desktop\sparta代码修改流程\sparta-master\doc\fix_temp_global_rescale.txt
	    New File  		    5500	C:\Users\DELL\OneDrive\Desktop\sparta代码修改流程\sparta-master\doc\fix_temp_rescale.html
	    New File  		    4982	C:\Users\DELL\OneDrive\Desktop\sparta代码修改流程\sparta-master\doc\fix_temp_rescale.txt
	    New File  		    4235	C:\Users\DELL\OneDrive\Desktop\sparta代码修改流程\sparta-master\doc\fix_vibmode.html
	    New File  		    3832	C:\Users\DELL\OneDrive\Desktop\sparta代码修改流程\sparta-master\doc\fix_vibmode.txt
	    New File  		   24583	C:\Users\DELL\OneDrive\Desktop\sparta代码修改流程\sparta-master\doc\global.html
	    New File  		   23131	C:\Users\DELL\OneDrive\Desktop\sparta代码修改流程\sparta-master\doc\global.txt
	    New File  		    9435	C:\Users\DELL\OneDrive\Desktop\sparta代码修改流程\sparta-master\doc\group.html
	    New File  		    8578	C:\Users\DELL\OneDrive\Desktop\sparta代码修改流程\sparta-master\doc\group.txt
	    New File  		    7448	C:\Users\DELL\OneDrive\Desktop\sparta代码修改流程\sparta-master\doc\if.html
	    New File  		    6977	C:\Users\DELL\OneDrive\Desktop\sparta代码修改流程\sparta-master\doc\if.txt
	    New File  		    1102	C:\Users\DELL\OneDrive\Desktop\sparta代码修改流程\sparta-master\doc\include.html
	    New File  		     901	C:\Users\DELL\OneDrive\Desktop\sparta代码修改流程\sparta-master\doc\include.txt
	    New File  		    3910	C:\Users\DELL\OneDrive\Desktop\sparta代码修改流程\sparta-master\doc\jump.html
	    New File  		    3496	C:\Users\DELL\OneDrive\Desktop\sparta代码修改流程\sparta-master\doc\jump.txt
	    New File  		    1013	C:\Users\DELL\OneDrive\Desktop\sparta代码修改流程\sparta-master\doc\label.html
	    New File  		     840	C:\Users\DELL\OneDrive\Desktop\sparta代码修改流程\sparta-master\doc\label.txt
	    New File  		    1419	C:\Users\DELL\OneDrive\Desktop\sparta代码修改流程\sparta-master\doc\log.html
	    New File  		    1213	C:\Users\DELL\OneDrive\Desktop\sparta代码修改流程\sparta-master\doc\log.txt
	    New File  		    9168	C:\Users\DELL\OneDrive\Desktop\sparta代码修改流程\sparta-master\doc\Manual.html
	    New File  		    8817	C:\Users\DELL\OneDrive\Desktop\sparta代码修改流程\sparta-master\doc\Manual.txt
	    New File  		   11179	C:\Users\DELL\OneDrive\Desktop\sparta代码修改流程\sparta-master\doc\mixture.html
	    New File  		   10431	C:\Users\DELL\OneDrive\Desktop\sparta代码修改流程\sparta-master\doc\mixture.txt
	    New File  		    4669	C:\Users\DELL\OneDrive\Desktop\sparta代码修改流程\sparta-master\doc\move_surf.html
	    New File  		    4256	C:\Users\DELL\OneDrive\Desktop\sparta代码修改流程\sparta-master\doc\move_surf.txt
	    New File  		    5413	C:\Users\DELL\OneDrive\Desktop\sparta代码修改流程\sparta-master\doc\next.html
	    New File  		    4866	C:\Users\DELL\OneDrive\Desktop\sparta代码修改流程\sparta-master\doc\next.txt
	    New File  		    6661	C:\Users\DELL\OneDrive\Desktop\sparta代码修改流程\sparta-master\doc\package.html
	    New File  		    6098	C:\Users\DELL\OneDrive\Desktop\sparta代码修改流程\sparta-master\doc\package.txt
	    New File  		    2671	C:\Users\DELL\OneDrive\Desktop\sparta代码修改流程\sparta-master\doc\partition.html
	    New File  		    2377	C:\Users\DELL\OneDrive\Desktop\sparta代码修改流程\sparta-master\doc\partition.txt
	    New File  		    2852	C:\Users\DELL\OneDrive\Desktop\sparta代码修改流程\sparta-master\doc\print.html
	    New File  		    2435	C:\Users\DELL\OneDrive\Desktop\sparta代码修改流程\sparta-master\doc\print.txt
	    New File  		   33568	C:\Users\DELL\OneDrive\Desktop\sparta代码修改流程\sparta-master\doc\python.html
	    New File  		   31882	C:\Users\DELL\OneDrive\Desktop\sparta代码修改流程\sparta-master\doc\python.txt
	    New File  		     836	C:\Users\DELL\OneDrive\Desktop\sparta代码修改流程\sparta-master\doc\quit.html
	    New File  		     652	C:\Users\DELL\OneDrive\Desktop\sparta代码修改流程\sparta-master\doc\quit.txt
	    New File  		   16200	C:\Users\DELL\OneDrive\Desktop\sparta代码修改流程\sparta-master\doc\react.html
	    New File  		   14997	C:\Users\DELL\OneDrive\Desktop\sparta代码修改流程\sparta-master\doc\react.txt
	    New File  		    4378	C:\Users\DELL\OneDrive\Desktop\sparta代码修改流程\sparta-master\doc\react_modify.html
	    New File  		    4016	C:\Users\DELL\OneDrive\Desktop\sparta代码修改流程\sparta-master\doc\react_modify.txt
	    New File  		    5066	C:\Users\DELL\OneDrive\Desktop\sparta代码修改流程\sparta-master\doc\read_grid.html
	    New File  		    4554	C:\Users\DELL\OneDrive\Desktop\sparta代码修改流程\sparta-master\doc\read_grid.txt
	    New File  		   16840	C:\Users\DELL\OneDrive\Desktop\sparta代码修改流程\sparta-master\doc\read_isurf.html
	    New File  		   15774	C:\Users\DELL\OneDrive\Desktop\sparta代码修改流程\sparta-master\doc\read_isurf.txt
	    New File  		    2860	C:\Users\DELL\OneDrive\Desktop\sparta代码修改流程\sparta-master\doc\read_particles.html
	    New File  		    2560	C:\Users\DELL\OneDrive\Desktop\sparta代码修改流程\sparta-master\doc\read_particles.txt
	    New File  		   11130	C:\Users\DELL\OneDrive\Desktop\sparta代码修改流程\sparta-master\doc\read_restart.html
	    New File  		    9939	C:\Users\DELL\OneDrive\Desktop\sparta代码修改流程\sparta-master\doc\read_restart.txt
	    New File  		   35650	C:\Users\DELL\OneDrive\Desktop\sparta代码修改流程\sparta-master\doc\read_surf.html
	    New File  		   33543	C:\Users\DELL\OneDrive\Desktop\sparta代码修改流程\sparta-master\doc\read_surf.txt
	    New File  		    4639	C:\Users\DELL\OneDrive\Desktop\sparta代码修改流程\sparta-master\doc\region.html
	    New File  		    4179	C:\Users\DELL\OneDrive\Desktop\sparta代码修改流程\sparta-master\doc\region.txt
	    New File  		    1545	C:\Users\DELL\OneDrive\Desktop\sparta代码修改流程\sparta-master\doc\remove_surf.html
	    New File  		    1276	C:\Users\DELL\OneDrive\Desktop\sparta代码修改流程\sparta-master\doc\remove_surf.txt
	    New File  		    1742	C:\Users\DELL\OneDrive\Desktop\sparta代码修改流程\sparta-master\doc\reset_timestep.html
	    New File  		    1464	C:\Users\DELL\OneDrive\Desktop\sparta代码修改流程\sparta-master\doc\reset_timestep.txt
	    New File  		    6361	C:\Users\DELL\OneDrive\Desktop\sparta代码修改流程\sparta-master\doc\restart.html
	    New File  		    5911	C:\Users\DELL\OneDrive\Desktop\sparta代码修改流程\sparta-master\doc\restart.txt
	    New File  		    8011	C:\Users\DELL\OneDrive\Desktop\sparta代码修改流程\sparta-master\doc\run.html
	    New File  		    7314	C:\Users\DELL\OneDrive\Desktop\sparta代码修改流程\sparta-master\doc\run.txt
	    New File  		    1856	C:\Users\DELL\OneDrive\Desktop\sparta代码修改流程\sparta-master\doc\scale_particles.html
	    New File  		    1592	C:\Users\DELL\OneDrive\Desktop\sparta代码修改流程\sparta-master\doc\scale_particles.txt
	    New File  		   33668	C:\Users\DELL\OneDrive\Desktop\sparta代码修改流程\sparta-master\doc\Section_accelerate.html
	    New File  		   28994	C:\Users\DELL\OneDrive\Desktop\sparta代码修改流程\sparta-master\doc\Section_accelerate.txt
	    New File  		   24216	C:\Users\DELL\OneDrive\Desktop\sparta代码修改流程\sparta-master\doc\Section_commands.html
	    New File  		   18011	C:\Users\DELL\OneDrive\Desktop\sparta代码修改流程\sparta-master\doc\Section_commands.txt
	    New File  		   71891	C:\Users\DELL\OneDrive\Desktop\sparta代码修改流程\sparta-master\doc\Section_errors.html
	    New File  		   67677	C:\Users\DELL\OneDrive\Desktop\sparta代码修改流程\sparta-master\doc\Section_errors.txt
	    New File  		    2275	C:\Users\DELL\OneDrive\Desktop\sparta代码修改流程\sparta-master\doc\Section_example.html
	    New File  		    2107	C:\Users\DELL\OneDrive\Desktop\sparta代码修改流程\sparta-master\doc\Section_example.txt
	    New File  		    2627	C:\Users\DELL\OneDrive\Desktop\sparta代码修改流程\sparta-master\doc\Section_history.html
	    New File  		    2338	C:\Users\DELL\OneDrive\Desktop\sparta代码修改流程\sparta-master\doc\Section_history.txt
	    New File  		   97960	C:\Users\DELL\OneDrive\Desktop\sparta代码修改流程\sparta-master\doc\Section_howto.html
	    New File  		   89223	C:\Users\DELL\OneDrive\Desktop\sparta代码修改流程\sparta-master\doc\Section_howto.txt
	    New File  		   14772	C:\Users\DELL\OneDrive\Desktop\sparta代码修改流程\sparta-master\doc\Section_intro.html
	    New File  		   12834	C:\Users\DELL\OneDrive\Desktop\sparta代码修改流程\sparta-master\doc\Section_intro.txt
	    New File  		   14203	C:\Users\DELL\OneDrive\Desktop\sparta代码修改流程\sparta-master\doc\Section_modify.html
	    New File  		   11872	C:\Users\DELL\OneDrive\Desktop\sparta代码修改流程\sparta-master\doc\Section_modify.txt
	    New File  		    8594	C:\Users\DELL\OneDrive\Desktop\sparta代码修改流程\sparta-master\doc\Section_packages.html
	    New File  		    7468	C:\Users\DELL\OneDrive\Desktop\sparta代码修改流程\sparta-master\doc\Section_packages.txt
	    New File  		    2240	C:\Users\DELL\OneDrive\Desktop\sparta代码修改流程\sparta-master\doc\Section_perf.html
	    New File  		    2054	C:\Users\DELL\OneDrive\Desktop\sparta代码修改流程\sparta-master\doc\Section_perf.txt
	    New File  		   24122	C:\Users\DELL\OneDrive\Desktop\sparta代码修改流程\sparta-master\doc\Section_python.html
	    New File  		   22522	C:\Users\DELL\OneDrive\Desktop\sparta代码修改流程\sparta-master\doc\Section_python.txt
	    New File  		   72573	C:\Users\DELL\OneDrive\Desktop\sparta代码修改流程\sparta-master\doc\Section_start.html
	    New File  		   68014	C:\Users\DELL\OneDrive\Desktop\sparta代码修改流程\sparta-master\doc\Section_start.txt
	    New File  		   10374	C:\Users\DELL\OneDrive\Desktop\sparta代码修改流程\sparta-master\doc\Section_tools.html
	    New File  		    9419	C:\Users\DELL\OneDrive\Desktop\sparta代码修改流程\sparta-master\doc\Section_tools.txt
	    New File  		    1119	C:\Users\DELL\OneDrive\Desktop\sparta代码修改流程\sparta-master\doc\seed.html
	    New File  		     960	C:\Users\DELL\OneDrive\Desktop\sparta代码修改流程\sparta-master\doc\seed.txt
	    New File  		    3829	C:\Users\DELL\OneDrive\Desktop\sparta代码修改流程\sparta-master\doc\shell.html
	    New File  		    3472	C:\Users\DELL\OneDrive\Desktop\sparta代码修改流程\sparta-master\doc\shell.txt
	    New File  		    6735	C:\Users\DELL\OneDrive\Desktop\sparta代码修改流程\sparta-master\doc\species.html
	    New File  		    6243	C:\Users\DELL\OneDrive\Desktop\sparta代码修改流程\sparta-master\doc\species.txt
	    New File  		    1727	C:\Users\DELL\OneDrive\Desktop\sparta代码修改流程\sparta-master\doc\species_modify.html
	    New File  		    1471	C:\Users\DELL\OneDrive\Desktop\sparta代码修改流程\sparta-master\doc\species_modify.txt
	    New File  		    1238	C:\Users\DELL\OneDrive\Desktop\sparta代码修改流程\sparta-master\doc\stats.html
	    New File  		     981	C:\Users\DELL\OneDrive\Desktop\sparta代码修改流程\sparta-master\doc\stats.txt
	    New File  		    4913	C:\Users\DELL\OneDrive\Desktop\sparta代码修改流程\sparta-master\doc\stats_modify.html
	    New File  		    4402	C:\Users\DELL\OneDrive\Desktop\sparta代码修改流程\sparta-master\doc\stats_modify.txt
	    New File  		   12777	C:\Users\DELL\OneDrive\Desktop\sparta代码修改流程\sparta-master\doc\stats_style.html
	    New File  		   11847	C:\Users\DELL\OneDrive\Desktop\sparta代码修改流程\sparta-master\doc\stats_style.txt
	    New File  		    2478	C:\Users\DELL\OneDrive\Desktop\sparta代码修改流程\sparta-master\doc\suffix.html
	    New File  		    2191	C:\Users\DELL\OneDrive\Desktop\sparta代码修改流程\sparta-master\doc\suffix.txt
	    New File  		   34983	C:\Users\DELL\OneDrive\Desktop\sparta代码修改流程\sparta-master\doc\surf_collide.html
	    New File  		   32119	C:\Users\DELL\OneDrive\Desktop\sparta代码修改流程\sparta-master\doc\surf_collide.txt
	    New File  		    2742	C:\Users\DELL\OneDrive\Desktop\sparta代码修改流程\sparta-master\doc\surf_modify.html
	    New File  		    2387	C:\Users\DELL\OneDrive\Desktop\sparta代码修改流程\sparta-master\doc\surf_modify.txt
	    New File  		   13073	C:\Users\DELL\OneDrive\Desktop\sparta代码修改流程\sparta-master\doc\surf_react.html
	    New File  		   12062	C:\Users\DELL\OneDrive\Desktop\sparta代码修改流程\sparta-master\doc\surf_react.txt
	    New File  		   17892	C:\Users\DELL\OneDrive\Desktop\sparta代码修改流程\sparta-master\doc\surf_react_adsorb.html
	    New File  		   16412	C:\Users\DELL\OneDrive\Desktop\sparta代码修改流程\sparta-master\doc\surf_react_adsorb.txt
	    New File  		     645	C:\Users\DELL\OneDrive\Desktop\sparta代码修改流程\sparta-master\doc\timestep.html
	    New File  		     472	C:\Users\DELL\OneDrive\Desktop\sparta代码修改流程\sparta-master\doc\timestep.txt
	    New File  		     714	C:\Users\DELL\OneDrive\Desktop\sparta代码修改流程\sparta-master\doc\uncompute.html
	    New File  		     534	C:\Users\DELL\OneDrive\Desktop\sparta代码修改流程\sparta-master\doc\uncompute.txt
	    New File  		     718	C:\Users\DELL\OneDrive\Desktop\sparta代码修改流程\sparta-master\doc\undump.html
	    New File  		     538	C:\Users\DELL\OneDrive\Desktop\sparta代码修改流程\sparta-master\doc\undump.txt
	    New File  		     666	C:\Users\DELL\OneDrive\Desktop\sparta代码修改流程\sparta-master\doc\unfix.html
	    New File  		     486	C:\Users\DELL\OneDrive\Desktop\sparta代码修改流程\sparta-master\doc\unfix.txt
	    New File  		    2324	C:\Users\DELL\OneDrive\Desktop\sparta代码修改流程\sparta-master\doc\units.html
	    New File  		    1965	C:\Users\DELL\OneDrive\Desktop\sparta代码修改流程\sparta-master\doc\units.txt
	    New File  		   58234	C:\Users\DELL\OneDrive\Desktop\sparta代码修改流程\sparta-master\doc\variable.html
	    New File  		   53963	C:\Users\DELL\OneDrive\Desktop\sparta代码修改流程\sparta-master\doc\variable.txt
	    New File  		    3139	C:\Users\DELL\OneDrive\Desktop\sparta代码修改流程\sparta-master\doc\write_grid.html
	    New File  		    2804	C:\Users\DELL\OneDrive\Desktop\sparta代码修改流程\sparta-master\doc\write_grid.txt
	    New File  		    2977	C:\Users\DELL\OneDrive\Desktop\sparta代码修改流程\sparta-master\doc\write_isurf.html
	    New File  		    2598	C:\Users\DELL\OneDrive\Desktop\sparta代码修改流程\sparta-master\doc\write_isurf.txt
	    New File  		    3952	C:\Users\DELL\OneDrive\Desktop\sparta代码修改流程\sparta-master\doc\write_restart.html
	    New File  		    3601	C:\Users\DELL\OneDrive\Desktop\sparta代码修改流程\sparta-master\doc\write_restart.txt
	    New File  		    7340	C:\Users\DELL\OneDrive\Desktop\sparta代码修改流程\sparta-master\doc\write_surf.html
	    New File  		    6695	C:\Users\DELL\OneDrive\Desktop\sparta代码修改流程\sparta-master\doc\write_surf.txt
	    New File  		     896	C:\Users\DELL\OneDrive\Desktop\sparta代码修改流程\sparta-master\tools\dump2cfg.py
	    New File  		     896	C:\Users\DELL\OneDrive\Desktop\sparta代码修改流程\sparta-master\tools\dump2xyz.py
	    New File  		     680	C:\Users\DELL\OneDrive\Desktop\sparta代码修改流程\sparta-master\tools\dumpsort.py
	    New File  		    9484	C:\Users\DELL\OneDrive\Desktop\sparta代码修改流程\sparta-master\tools\grid_refine.py
	    New File  		    2120	C:\Users\DELL\OneDrive\Desktop\sparta代码修改流程\sparta-master\tools\implicit_grid.py
	    New File  		    2610	C:\Users\DELL\OneDrive\Desktop\sparta代码修改流程\sparta-master\tools\jagged2d.py
	    New File  		    8231	C:\Users\DELL\OneDrive\Desktop\sparta代码修改流程\sparta-master\tools\jagged3d.py
	    New File  		     933	C:\Users\DELL\OneDrive\Desktop\sparta代码修改流程\sparta-master\tools\log2txt.py
	    New File  		     750	C:\Users\DELL\OneDrive\Desktop\sparta代码修改流程\sparta-master\tools\logplot.py
	    New File  		    4742	C:\Users\DELL\OneDrive\Desktop\sparta代码修改流程\sparta-master\tools\README
	    New File  		    3888	C:\Users\DELL\OneDrive\Desktop\sparta代码修改流程\sparta-master\tools\stl2surf.py
	    New File  		    2558	C:\Users\DELL\OneDrive\Desktop\sparta代码修改流程\sparta-master\tools\surf2stl.py
	    New File  		    4173	C:\Users\DELL\OneDrive\Desktop\sparta代码修改流程\sparta-master\tools\surf_create.py
	    New File  		    5930	C:\Users\DELL\OneDrive\Desktop\sparta代码修改流程\sparta-master\tools\surf_transform.py
	    New File  		     565	C:\Users\DELL\OneDrive\Desktop\sparta代码修改流程\sparta-master\src\.gitignore
	    New File  		    2460	C:\Users\DELL\OneDrive\Desktop\sparta代码修改流程\sparta-master\src\accelerator_kokkos.h
	    New File  		     976	C:\Users\DELL\OneDrive\Desktop\sparta代码修改流程\sparta-master\src\accelerator_kokkos_defs.h
	    New File  		   55587	C:\Users\DELL\OneDrive\Desktop\sparta代码修改流程\sparta-master\src\adapt_grid.cpp
	    New File  		    5076	C:\Users\DELL\OneDrive\Desktop\sparta代码修改流程\sparta-master\src\adapt_grid.h
	    New File  		   18186	C:\Users\DELL\OneDrive\Desktop\sparta代码修改流程\sparta-master\src\balance_grid.cpp
	    New File  		    1690	C:\Users\DELL\OneDrive\Desktop\sparta代码修改流程\sparta-master\src\balance_grid.h
	    New File  		    2652	C:\Users\DELL\OneDrive\Desktop\sparta代码修改流程\sparta-master\src\CMakeLists.txt
	    New File  		   69631	C:\Users\DELL\OneDrive\Desktop\sparta代码修改流程\sparta-master\src\collide.cpp
	    New File  		    7387	C:\Users\DELL\OneDrive\Desktop\sparta代码修改流程\sparta-master\src\collide.h
	    New File  		   33296	C:\Users\DELL\OneDrive\Desktop\sparta代码修改流程\sparta-master\src\collide_vss.cpp
	    New File  		    3898	C:\Users\DELL\OneDrive\Desktop\sparta代码修改流程\sparta-master\src\collide_vss.h
	    New File  		   36928	C:\Users\DELL\OneDrive\Desktop\sparta代码修改流程\sparta-master\src\comm.cpp
	    New File  		    3201	C:\Users\DELL\OneDrive\Desktop\sparta代码修改流程\sparta-master\src\comm.h
	    New File  		    4342	C:\Users\DELL\OneDrive\Desktop\sparta代码修改流程\sparta-master\src\compute.cpp
	    New File  		    7089	C:\Users\DELL\OneDrive\Desktop\sparta代码修改流程\sparta-master\src\compute.h
	    New File  		   12876	C:\Users\DELL\OneDrive\Desktop\sparta代码修改流程\sparta-master\src\compute_boundary.cpp
	    New File  		    2107	C:\Users\DELL\OneDrive\Desktop\sparta代码修改流程\sparta-master\src\compute_boundary.h
	    New File  		    6525	C:\Users\DELL\OneDrive\Desktop\sparta代码修改流程\sparta-master\src\compute_count.cpp
	    New File  		    2000	C:\Users\DELL\OneDrive\Desktop\sparta代码修改流程\sparta-master\src\compute_count.h
	    New File  		    7611	C:\Users\DELL\OneDrive\Desktop\sparta代码修改流程\sparta-master\src\compute_distsurf_grid.cpp
	    New File  		    1425	C:\Users\DELL\OneDrive\Desktop\sparta代码修改流程\sparta-master\src\compute_distsurf_grid.h
	    New File  		   24435	C:\Users\DELL\OneDrive\Desktop\sparta代码修改流程\sparta-master\src\compute_dt_grid.cpp
	    New File  		    1749	C:\Users\DELL\OneDrive\Desktop\sparta代码修改流程\sparta-master\src\compute_dt_grid.h
	    New File  		   13420	C:\Users\DELL\OneDrive\Desktop\sparta代码修改流程\sparta-master\src\compute_eflux_grid.cpp
	    New File  		    2449	C:\Users\DELL\OneDrive\Desktop\sparta代码修改流程\sparta-master\src\compute_eflux_grid.h
	    New File  		    5432	C:\Users\DELL\OneDrive\Desktop\sparta代码修改流程\sparta-master\src\compute_gas_collision_grid.cpp
	    New File  		    1868	C:\Users\DELL\OneDrive\Desktop\sparta代码修改流程\sparta-master\src\compute_gas_collision_grid.h
	    New File  		    8530	C:\Users\DELL\OneDrive\Desktop\sparta代码修改流程\sparta-master\src\compute_gas_collision_tally.cpp
	    New File  		    2086	C:\Users\DELL\OneDrive\Desktop\sparta代码修改流程\sparta-master\src\compute_gas_collision_tally.h
	    New File  		    7654	C:\Users\DELL\OneDrive\Desktop\sparta代码修改流程\sparta-master\src\compute_gas_reaction_grid.cpp
	    New File  		    1904	C:\Users\DELL\OneDrive\Desktop\sparta代码修改流程\sparta-master\src\compute_gas_reaction_grid.h
	    New File  		   10834	C:\Users\DELL\OneDrive\Desktop\sparta代码修改流程\sparta-master\src\compute_gas_reaction_tally.cpp
	    New File  		    2079	C:\Users\DELL\OneDrive\Desktop\sparta代码修改流程\sparta-master\src\compute_gas_reaction_tally.h
	    New File  		   18021	C:\Users\DELL\OneDrive\Desktop\sparta代码修改流程\sparta-master\src\compute_grid.cpp
	    New File  		    2858	C:\Users\DELL\OneDrive\Desktop\sparta代码修改流程\sparta-master\src\compute_grid.h
	    New File  		   17070	C:\Users\DELL\OneDrive\Desktop\sparta代码修改流程\sparta-master\src\compute_isurf_grid.cpp
	    New File  		    2757	C:\Users\DELL\OneDrive\Desktop\sparta代码修改流程\sparta-master\src\compute_isurf_grid.h
	    New File  		    2825	C:\Users\DELL\OneDrive\Desktop\sparta代码修改流程\sparta-master\src\compute_ke_particle.cpp
	    New File  		    1526	C:\Users\DELL\OneDrive\Desktop\sparta代码修改流程\sparta-master\src\compute_ke_particle.h
	    New File  		   24230	C:\Users\DELL\OneDrive\Desktop\sparta代码修改流程\sparta-master\src\compute_lambda_grid.cpp
	    New File  		    3023	C:\Users\DELL\OneDrive\Desktop\sparta代码修改流程\sparta-master\src\compute_lambda_grid.h
	    New File  		   12137	C:\Users\DELL\OneDrive\Desktop\sparta代码修改流程\sparta-master\src\compute_pflux_grid.cpp
	    New File  		    2449	C:\Users\DELL\OneDrive\Desktop\sparta代码修改流程\sparta-master\src\compute_pflux_grid.h
	    New File  		    9582	C:\Users\DELL\OneDrive\Desktop\sparta代码修改流程\sparta-master\src\compute_property_grid.cpp
	    New File  		    2033	C:\Users\DELL\OneDrive\Desktop\sparta代码修改流程\sparta-master\src\compute_property_grid.h
	    New File  		   17593	C:\Users\DELL\OneDrive\Desktop\sparta代码修改流程\sparta-master\src\compute_property_surf.cpp
	    New File  		    2411	C:\Users\DELL\OneDrive\Desktop\sparta代码修改流程\sparta-master\src\compute_property_surf.h
	    New File  		    5620	C:\Users\DELL\OneDrive\Desktop\sparta代码修改流程\sparta-master\src\compute_react_boundary.cpp
	    New File  		    1708	C:\Users\DELL\OneDrive\Desktop\sparta代码修改流程\sparta-master\src\compute_react_boundary.h
	    New File  		   10606	C:\Users\DELL\OneDrive\Desktop\sparta代码修改流程\sparta-master\src\compute_react_isurf_grid.cpp
	    New File  		    2607	C:\Users\DELL\OneDrive\Desktop\sparta代码修改流程\sparta-master\src\compute_react_isurf_grid.h
	    New File  		    8971	C:\Users\DELL\OneDrive\Desktop\sparta代码修改流程\sparta-master\src\compute_react_surf.cpp
	    New File  		    2355	C:\Users\DELL\OneDrive\Desktop\sparta代码修改流程\sparta-master\src\compute_react_surf.h
	    New File  		   40359	C:\Users\DELL\OneDrive\Desktop\sparta代码修改流程\sparta-master\src\compute_reduce.cpp
	    New File  		    4353	C:\Users\DELL\OneDrive\Desktop\sparta代码修改流程\sparta-master\src\compute_reduce.h
	    New File  		   10702	C:\Users\DELL\OneDrive\Desktop\sparta代码修改流程\sparta-master\src\compute_sonine_grid.cpp
	    New File  		    2766	C:\Users\DELL\OneDrive\Desktop\sparta代码修改流程\sparta-master\src\compute_sonine_grid.h
	    New File  		   22317	C:\Users\DELL\OneDrive\Desktop\sparta代码修改流程\sparta-master\src\compute_surf.cpp
	    New File  		    2952	C:\Users\DELL\OneDrive\Desktop\sparta代码修改流程\sparta-master\src\compute_surf.h
	    New File  		    8244	C:\Users\DELL\OneDrive\Desktop\sparta代码修改流程\sparta-master\src\compute_surf_collision_tally.cpp
	    New File  		    2084	C:\Users\DELL\OneDrive\Desktop\sparta代码修改流程\sparta-master\src\compute_surf_collision_tally.h
	    New File  		   10091	C:\Users\DELL\OneDrive\Desktop\sparta代码修改流程\sparta-master\src\compute_surf_reaction_tally.cpp
	    New File  		    2077	C:\Users\DELL\OneDrive\Desktop\sparta代码修改流程\sparta-master\src\compute_surf_reaction_tally.h
	    New File  		    1980	C:\Users\DELL\OneDrive\Desktop\sparta代码修改流程\sparta-master\src\compute_temp.cpp
	    New File  		    1250	C:\Users\DELL\OneDrive\Desktop\sparta代码修改流程\sparta-master\src\compute_temp.h
	    New File  		    8302	C:\Users\DELL\OneDrive\Desktop\sparta代码修改流程\sparta-master\src\compute_thermal_grid.cpp
	    New File  		    2530	C:\Users\DELL\OneDrive\Desktop\sparta代码修改流程\sparta-master\src\compute_thermal_grid.h
	    New File  		   18506	C:\Users\DELL\OneDrive\Desktop\sparta代码修改流程\sparta-master\src\compute_tvib_grid.cpp
	    New File  		    3444	C:\Users\DELL\OneDrive\Desktop\sparta代码修改流程\sparta-master\src\compute_tvib_grid.h
	    New File  		    2130	C:\Users\DELL\OneDrive\Desktop\sparta代码修改流程\sparta-master\src\create_box.cpp
	    New File  		    1611	C:\Users\DELL\OneDrive\Desktop\sparta代码修改流程\sparta-master\src\create_box.h
	    New File  		   22198	C:\Users\DELL\OneDrive\Desktop\sparta代码修改流程\sparta-master\src\create_grid.cpp
	    New File  		    3391	C:\Users\DELL\OneDrive\Desktop\sparta代码修改流程\sparta-master\src\create_grid.h
	    New File  		   56698	C:\Users\DELL\OneDrive\Desktop\sparta代码修改流程\sparta-master\src\create_isurf.cpp
	    New File  		    5240	C:\Users\DELL\OneDrive\Desktop\sparta代码修改流程\sparta-master\src\create_isurf.h
	    New File  		   46873	C:\Users\DELL\OneDrive\Desktop\sparta代码修改流程\sparta-master\src\create_particles.cpp
	    New File  		    3440	C:\Users\DELL\OneDrive\Desktop\sparta代码修改流程\sparta-master\src\create_particles.h
	    New File  		   63931	C:\Users\DELL\OneDrive\Desktop\sparta代码修改流程\sparta-master\src\custom.cpp
	    New File  		    3060	C:\Users\DELL\OneDrive\Desktop\sparta代码修改流程\sparta-master\src\custom.h
	    New File  		   38099	C:\Users\DELL\OneDrive\Desktop\sparta代码修改流程\sparta-master\src\cut2d.cpp
	    New File  		    6475	C:\Users\DELL\OneDrive\Desktop\sparta代码修改流程\sparta-master\src\cut2d.h
	    New File  		   73617	C:\Users\DELL\OneDrive\Desktop\sparta代码修改流程\sparta-master\src\cut3d.cpp
	    New File  		    9262	C:\Users\DELL\OneDrive\Desktop\sparta代码修改流程\sparta-master\src\cut3d.h
	    New File  		   55997	C:\Users\DELL\OneDrive\Desktop\sparta代码修改流程\sparta-master\src\decrement_lookup_table.h
	    New File  		    1404	C:\Users\DELL\OneDrive\Desktop\sparta代码修改流程\sparta-master\src\Depend.sh
	    New File  		   15197	C:\Users\DELL\OneDrive\Desktop\sparta代码修改流程\sparta-master\src\domain.cpp
	    New File  		    4534	C:\Users\DELL\OneDrive\Desktop\sparta代码修改流程\sparta-master\src\domain.h
	    New File  		   21327	C:\Users\DELL\OneDrive\Desktop\sparta代码修改流程\sparta-master\src\dump.cpp
	    New File  		    6044	C:\Users\DELL\OneDrive\Desktop\sparta代码修改流程\sparta-master\src\dump.h
	    New File  		   28993	C:\Users\DELL\OneDrive\Desktop\sparta代码修改流程\sparta-master\src\dump_grid.cpp
	    New File  		    4839	C:\Users\DELL\OneDrive\Desktop\sparta代码修改流程\sparta-master\src\dump_grid.h
	    New File  		   68236	C:\Users\DELL\OneDrive\Desktop\sparta代码修改流程\sparta-master\src\dump_image.cpp
	    New File  		    7993	C:\Users\DELL\OneDrive\Desktop\sparta代码修改流程\sparta-master\src\dump_image.h
	    New File  		    2808	C:\Users\DELL\OneDrive\Desktop\sparta代码修改流程\sparta-master\src\dump_movie.cpp
	    New File  		    1872	C:\Users\DELL\OneDrive\Desktop\sparta代码修改流程\sparta-master\src\dump_movie.h
	    New File  		   47672	C:\Users\DELL\OneDrive\Desktop\sparta代码修改流程\sparta-master\src\dump_particle.cpp
	    New File  		    6948	C:\Users\DELL\OneDrive\Desktop\sparta代码修改流程\sparta-master\src\dump_particle.h
	    New File  		   31763	C:\Users\DELL\OneDrive\Desktop\sparta代码修改流程\sparta-master\src\dump_surf.cpp
	    New File  		    5028	C:\Users\DELL\OneDrive\Desktop\sparta代码修改流程\sparta-master\src\dump_surf.h
	    New File  		   12175	C:\Users\DELL\OneDrive\Desktop\sparta代码修改流程\sparta-master\src\dump_tally.cpp
	    New File  		    3519	C:\Users\DELL\OneDrive\Desktop\sparta代码修改流程\sparta-master\src\dump_tally.h
	    New File  		    5231	C:\Users\DELL\OneDrive\Desktop\sparta代码修改流程\sparta-master\src\error.cpp
	    New File  		    1169	C:\Users\DELL\OneDrive\Desktop\sparta代码修改流程\sparta-master\src\error.h
	    New File  		   20818	C:\Users\DELL\OneDrive\Desktop\sparta代码修改流程\sparta-master\src\finish.cpp
	    New File  		     949	C:\Users\DELL\OneDrive\Desktop\sparta代码修改流程\sparta-master\src\finish.h
	    New File  		    2064	C:\Users\DELL\OneDrive\Desktop\sparta代码修改流程\sparta-master\src\fix.cpp
	    New File  		    5454	C:\Users\DELL\OneDrive\Desktop\sparta代码修改流程\sparta-master\src\fix.h
	    New File  		   54775	C:\Users\DELL\OneDrive\Desktop\sparta代码修改流程\sparta-master\src\fix_ablate.cpp
	    New File  		    4423	C:\Users\DELL\OneDrive\Desktop\sparta代码修改流程\sparta-master\src\fix_ablate.h
	    New File  		   31835	C:\Users\DELL\OneDrive\Desktop\sparta代码修改流程\sparta-master\src\fix_ablate_multi_inner.cpp
	    New File  		    5485	C:\Users\DELL\OneDrive\Desktop\sparta代码修改流程\sparta-master\src\fix_adapt.cpp
	    New File  		    1660	C:\Users\DELL\OneDrive\Desktop\sparta代码修改流程\sparta-master\src\fix_adapt.h
	    New File  		    6443	C:\Users\DELL\OneDrive\Desktop\sparta代码修改流程\sparta-master\src\fix_ambipolar.cpp
	    New File  		    1511	C:\Users\DELL\OneDrive\Desktop\sparta代码修改流程\sparta-master\src\fix_ambipolar.h
	    New File  		   32152	C:\Users\DELL\OneDrive\Desktop\sparta代码修改流程\sparta-master\src\fix_ave_grid.cpp
	    New File  		    4956	C:\Users\DELL\OneDrive\Desktop\sparta代码修改流程\sparta-master\src\fix_ave_grid.h
	    New File  		   37813	C:\Users\DELL\OneDrive\Desktop\sparta代码修改流程\sparta-master\src\fix_ave_histo.cpp
	    New File  		    5378	C:\Users\DELL\OneDrive\Desktop\sparta代码修改流程\sparta-master\src\fix_ave_histo.h
	    New File  		   13758	C:\Users\DELL\OneDrive\Desktop\sparta代码修改流程\sparta-master\src\fix_ave_histo_weight.cpp
	    New File  		    1952	C:\Users\DELL\OneDrive\Desktop\sparta代码修改流程\sparta-master\src\fix_ave_histo_weight.h
	    New File  		   21477	C:\Users\DELL\OneDrive\Desktop\sparta代码修改流程\sparta-master\src\fix_ave_surf.cpp
	    New File  		    3664	C:\Users\DELL\OneDrive\Desktop\sparta代码修改流程\sparta-master\src\fix_ave_surf.h
	    New File  		   24783	C:\Users\DELL\OneDrive\Desktop\sparta代码修改流程\sparta-master\src\fix_ave_time.cpp
	    New File  		    3562	C:\Users\DELL\OneDrive\Desktop\sparta代码修改流程\sparta-master\src\fix_ave_time.h
	    New File  		   12583	C:\Users\DELL\OneDrive\Desktop\sparta代码修改流程\sparta-master\src\fix_balance.cpp
	    New File  		    2162	C:\Users\DELL\OneDrive\Desktop\sparta代码修改流程\sparta-master\src\fix_balance.h
	    New File  		    2507	C:\Users\DELL\OneDrive\Desktop\sparta代码修改流程\sparta-master\src\fix_custom.cpp
	    New File  		    1294	C:\Users\DELL\OneDrive\Desktop\sparta代码修改流程\sparta-master\src\fix_custom.h
	    New File  		    8503	C:\Users\DELL\OneDrive\Desktop\sparta代码修改流程\sparta-master\src\fix_dt_reset.cpp
	    New File  		    1530	C:\Users\DELL\OneDrive\Desktop\sparta代码修改流程\sparta-master\src\fix_dt_reset.h
	    New File  		    7931	C:\Users\DELL\OneDrive\Desktop\sparta代码修改流程\sparta-master\src\fix_emit.cpp
	    New File  		    1615	C:\Users\DELL\OneDrive\Desktop\sparta代码修改流程\sparta-master\src\fix_emit.h
	    New File  		   39813	C:\Users\DELL\OneDrive\Desktop\sparta代码修改流程\sparta-master\src\fix_emit_face.cpp
	    New File  		    4324	C:\Users\DELL\OneDrive\Desktop\sparta代码修改流程\sparta-master\src\fix_emit_face.h
	    New File  		   43672	C:\Users\DELL\OneDrive\Desktop\sparta代码修改流程\sparta-master\src\fix_emit_face_file.cpp
	    New File  		    5054	C:\Users\DELL\OneDrive\Desktop\sparta代码修改流程\sparta-master\src\fix_emit_face_file.h
	    New File  		   55574	C:\Users\DELL\OneDrive\Desktop\sparta代码修改流程\sparta-master\src\fix_emit_surf.cpp
	    New File  		    5193	C:\Users\DELL\OneDrive\Desktop\sparta代码修改流程\sparta-master\src\fix_emit_surf.h
	    New File  		    4451	C:\Users\DELL\OneDrive\Desktop\sparta代码修改流程\sparta-master\src\fix_field_grid.cpp
	    New File  		    1469	C:\Users\DELL\OneDrive\Desktop\sparta代码修改流程\sparta-master\src\fix_field_grid.h
	    New File  		    4735	C:\Users\DELL\OneDrive\Desktop\sparta代码修改流程\sparta-master\src\fix_field_particle.cpp
	    New File  		    1501	C:\Users\DELL\OneDrive\Desktop\sparta代码修改流程\sparta-master\src\fix_field_particle.h
	    New File  		    8807	C:\Users\DELL\OneDrive\Desktop\sparta代码修改流程\sparta-master\src\fix_grid_check.cpp
	    New File  		    2054	C:\Users\DELL\OneDrive\Desktop\sparta代码修改流程\sparta-master\src\fix_grid_check.h
	    New File  		    8042	C:\Users\DELL\OneDrive\Desktop\sparta代码修改流程\sparta-master\src\fix_halt.cpp
	    New File  		    1518	C:\Users\DELL\OneDrive\Desktop\sparta代码修改流程\sparta-master\src\fix_halt.h
	    New File  		    5470	C:\Users\DELL\OneDrive\Desktop\sparta代码修改流程\sparta-master\src\fix_move_surf.cpp
	    New File  		    1699	C:\Users\DELL\OneDrive\Desktop\sparta代码修改流程\sparta-master\src\fix_move_surf.h
	    New File  		    3941	C:\Users\DELL\OneDrive\Desktop\sparta代码修改流程\sparta-master\src\fix_print.cpp
	    New File  		    1436	C:\Users\DELL\OneDrive\Desktop\sparta代码修改流程\sparta-master\src\fix_print.h
	    New File  		    8236	C:\Users\DELL\OneDrive\Desktop\sparta代码修改流程\sparta-master\src\fix_surf_temp.cpp
	    New File  		    1727	C:\Users\DELL\OneDrive\Desktop\sparta代码修改流程\sparta-master\src\fix_surf_temp.h
	    New File  		    3050	C:\Users\DELL\OneDrive\Desktop\sparta代码修改流程\sparta-master\src\fix_temp_global_rescale.cpp
	    New File  		    1515	C:\Users\DELL\OneDrive\Desktop\sparta代码修改流程\sparta-master\src\fix_temp_global_rescale.h
	    New File  		    9268	C:\Users\DELL\OneDrive\Desktop\sparta代码修改流程\sparta-master\src\fix_temp_rescale.cpp
	    New File  		    1640	C:\Users\DELL\OneDrive\Desktop\sparta代码修改流程\sparta-master\src\fix_temp_rescale.h
	    New File  		    4414	C:\Users\DELL\OneDrive\Desktop\sparta代码修改流程\sparta-master\src\fix_vibmode.cpp
	    New File  		    1319	C:\Users\DELL\OneDrive\Desktop\sparta代码修改流程\sparta-master\src\fix_vibmode.h
	    New File  		   57340	C:\Users\DELL\OneDrive\Desktop\sparta代码修改流程\sparta-master\src\geometry.cpp
	    New File  		    3063	C:\Users\DELL\OneDrive\Desktop\sparta代码修改流程\sparta-master\src\geometry.h
	    New File  		   84798	C:\Users\DELL\OneDrive\Desktop\sparta代码修改流程\sparta-master\src\grid.cpp
	    New File  		   21907	C:\Users\DELL\OneDrive\Desktop\sparta代码修改流程\sparta-master\src\grid.h
	    New File  		   13595	C:\Users\DELL\OneDrive\Desktop\sparta代码修改流程\sparta-master\src\grid_adapt.cpp
	    New File  		   11173	C:\Users\DELL\OneDrive\Desktop\sparta代码修改流程\sparta-master\src\grid_collate.cpp
	    New File  		   25327	C:\Users\DELL\OneDrive\Desktop\sparta代码修改流程\sparta-master\src\grid_comm.cpp
	    New File  		   15619	C:\Users\DELL\OneDrive\Desktop\sparta代码修改流程\sparta-master\src\grid_custom.cpp
	    New File  		   17077	C:\Users\DELL\OneDrive\Desktop\sparta代码修改流程\sparta-master\src\grid_id.cpp
	    New File  		   76571	C:\Users\DELL\OneDrive\Desktop\sparta代码修改流程\sparta-master\src\grid_surf.cpp
	    New File  		     838	C:\Users\DELL\OneDrive\Desktop\sparta代码修改流程\sparta-master\src\hash3.h
	    New File  		   11632	C:\Users\DELL\OneDrive\Desktop\sparta代码修改流程\sparta-master\src\hashlittle.cpp
	    New File  		     185	C:\Users\DELL\OneDrive\Desktop\sparta代码修改流程\sparta-master\src\hashlittle.h
	    New File  		    2775	C:\Users\DELL\OneDrive\Desktop\sparta代码修改流程\sparta-master\src\hash_options.h
	    New File  		   63549	C:\Users\DELL\OneDrive\Desktop\sparta代码修改流程\sparta-master\src\image.cpp
	    New File  		    5403	C:\Users\DELL\OneDrive\Desktop\sparta代码修改流程\sparta-master\src\image.h
	    New File  		   52846	C:\Users\DELL\OneDrive\Desktop\sparta代码修改流程\sparta-master\src\input.cpp
	    New File  		    5778	C:\Users\DELL\OneDrive\Desktop\sparta代码修改流程\sparta-master\src\input.h
	    New File  		     711	C:\Users\DELL\OneDrive\Desktop\sparta代码修改流程\sparta-master\src\Install.sh
	    New File  		   27290	C:\Users\DELL\OneDrive\Desktop\sparta代码修改流程\sparta-master\src\irregular.cpp
	    New File  		    3452	C:\Users\DELL\OneDrive\Desktop\sparta代码修改流程\sparta-master\src\irregular.h
	    New File  		   11200	C:\Users\DELL\OneDrive\Desktop\sparta代码修改流程\sparta-master\src\library.cpp
	    New File  		    1285	C:\Users\DELL\OneDrive\Desktop\sparta代码修改流程\sparta-master\src\library.h
	    New File  		  158668	C:\Users\DELL\OneDrive\Desktop\sparta代码修改流程\sparta-master\src\lookup_table.h
	    New File  		    1111	C:\Users\DELL\OneDrive\Desktop\sparta代码修改流程\sparta-master\src\main.cpp
	    New File  		    2592	C:\Users\DELL\OneDrive\Desktop\sparta代码修改流程\sparta-master\src\Make.sh
	    New File  		    8119	C:\Users\DELL\OneDrive\Desktop\sparta代码修改流程\sparta-master\src\Makefile
	    New File  		     252	C:\Users\DELL\OneDrive\Desktop\sparta代码修改流程\sparta-master\src\Makefile.package
	    New File  		     252	C:\Users\DELL\OneDrive\Desktop\sparta代码修改流程\sparta-master\src\Makefile.package.empty
	    New File  		     147	C:\Users\DELL\OneDrive\Desktop\sparta代码修改流程\sparta-master\src\Makefile.package.settings
	    New File  		     147	C:\Users\DELL\OneDrive\Desktop\sparta代码修改流程\sparta-master\src\Makefile.package.settings.empty
	    New File  		   56651	C:\Users\DELL\OneDrive\Desktop\sparta代码修改流程\sparta-master\src\marching_cubes.cpp
	    New File  		    1989	C:\Users\DELL\OneDrive\Desktop\sparta代码修改流程\sparta-master\src\marching_cubes.h
	    New File  		    8389	C:\Users\DELL\OneDrive\Desktop\sparta代码修改流程\sparta-master\src\marching_squares.cpp
	    New File  		    1109	C:\Users\DELL\OneDrive\Desktop\sparta代码修改流程\sparta-master\src\marching_squares.h
	    New File  		    1258	C:\Users\DELL\OneDrive\Desktop\sparta代码修改流程\sparta-master\src\math_const.h
	    New File  		    2710	C:\Users\DELL\OneDrive\Desktop\sparta代码修改流程\sparta-master\src\math_eigen.cpp
	    New File  		    1310	C:\Users\DELL\OneDrive\Desktop\sparta代码修改流程\sparta-master\src\math_eigen.h
	    New File  		   26655	C:\Users\DELL\OneDrive\Desktop\sparta代码修改流程\sparta-master\src\math_eigen_impl.h
	    New File  		    5847	C:\Users\DELL\OneDrive\Desktop\sparta代码修改流程\sparta-master\src\math_extra.cpp
	    New File  		   19312	C:\Users\DELL\OneDrive\Desktop\sparta代码修改流程\sparta-master\src\math_extra.h
	    New File  		    3529	C:\Users\DELL\OneDrive\Desktop\sparta代码修改流程\sparta-master\src\memory.cpp
	    New File  		   16053	C:\Users\DELL\OneDrive\Desktop\sparta代码修改流程\sparta-master\src\memory.h
	    New File  		   24019	C:\Users\DELL\OneDrive\Desktop\sparta代码修改流程\sparta-master\src\mixture.cpp
	    New File  		    4636	C:\Users\DELL\OneDrive\Desktop\sparta代码修改流程\sparta-master\src\mixture.h
	    New File  		   20383	C:\Users\DELL\OneDrive\Desktop\sparta代码修改流程\sparta-master\src\modify.cpp
	    New File  		    3810	C:\Users\DELL\OneDrive\Desktop\sparta代码修改流程\sparta-master\src\modify.h
	    New File  		   25529	C:\Users\DELL\OneDrive\Desktop\sparta代码修改流程\sparta-master\src\move_surf.cpp
	    New File  		    2477	C:\Users\DELL\OneDrive\Desktop\sparta代码修改流程\sparta-master\src\move_surf.h
	    New File  		    5686	C:\Users\DELL\OneDrive\Desktop\sparta代码修改流程\sparta-master\src\my_page.h
	    New File  		    2250	C:\Users\DELL\OneDrive\Desktop\sparta代码修改流程\sparta-master\src\my_vec.h
	    New File  		   26672	C:\Users\DELL\OneDrive\Desktop\sparta代码修改流程\sparta-master\src\output.cpp
	    New File  		    5491	C:\Users\DELL\OneDrive\Desktop\sparta代码修改流程\sparta-master\src\output.h
	    New File  		    2447	C:\Users\DELL\OneDrive\Desktop\sparta代码修改流程\sparta-master\src\Package.sh
	    New File  		   46975	C:\Users\DELL\OneDrive\Desktop\sparta代码修改流程\sparta-master\src\particle.cpp
	    New File  		    9586	C:\Users\DELL\OneDrive\Desktop\sparta代码修改流程\sparta-master\src\particle.h
	    New File  		   15823	C:\Users\DELL\OneDrive\Desktop\sparta代码修改流程\sparta-master\src\particle_custom.cpp
	    New File  		    2665	C:\Users\DELL\OneDrive\Desktop\sparta代码修改流程\sparta-master\src\pointers.h
	    New File  		     170	C:\Users\DELL\OneDrive\Desktop\sparta代码修改流程\sparta-master\src\Purge.list
	    New File  		    3661	C:\Users\DELL\OneDrive\Desktop\sparta代码修改流程\sparta-master\src\random_knuth.cpp
	    New File  		     995	C:\Users\DELL\OneDrive\Desktop\sparta代码修改流程\sparta-master\src\random_knuth.h
	    New File  		    3183	C:\Users\DELL\OneDrive\Desktop\sparta代码修改流程\sparta-master\src\random_mars.cpp
	    New File  		    1208	C:\Users\DELL\OneDrive\Desktop\sparta代码修改流程\sparta-master\src\random_mars.h
	    New File  		   28553	C:\Users\DELL\OneDrive\Desktop\sparta代码修改流程\sparta-master\src\rcb.cpp
	    New File  		    3770	C:\Users\DELL\OneDrive\Desktop\sparta代码修改流程\sparta-master\src\rcb.h
	    New File  		    3218	C:\Users\DELL\OneDrive\Desktop\sparta代码修改流程\sparta-master\src\react.cpp
	    New File  		    2321	C:\Users\DELL\OneDrive\Desktop\sparta代码修改流程\sparta-master\src\react.h
	    New File  		   27117	C:\Users\DELL\OneDrive\Desktop\sparta代码修改流程\sparta-master\src\react_bird.cpp
	    New File  		    4802	C:\Users\DELL\OneDrive\Desktop\sparta代码修改流程\sparta-master\src\react_bird.h
	    New File  		    6392	C:\Users\DELL\OneDrive\Desktop\sparta代码修改流程\sparta-master\src\react_qk.cpp
	    New File  		    1929	C:\Users\DELL\OneDrive\Desktop\sparta代码修改流程\sparta-master\src\react_qk.h
	    New File  		   10500	C:\Users\DELL\OneDrive\Desktop\sparta代码修改流程\sparta-master\src\react_tce.cpp
	    New File  		    2315	C:\Users\DELL\OneDrive\Desktop\sparta代码修改流程\sparta-master\src\react_tce.h
	    New File  		    8919	C:\Users\DELL\OneDrive\Desktop\sparta代码修改流程\sparta-master\src\react_tce_qk.cpp
	    New File  		    2229	C:\Users\DELL\OneDrive\Desktop\sparta代码修改流程\sparta-master\src\react_tce_qk.h
	    New File  		   17113	C:\Users\DELL\OneDrive\Desktop\sparta代码修改流程\sparta-master\src\read_grid.cpp
	    New File  		    3257	C:\Users\DELL\OneDrive\Desktop\sparta代码修改流程\sparta-master\src\read_grid.h
	    New File  		   26532	C:\Users\DELL\OneDrive\Desktop\sparta代码修改流程\sparta-master\src\read_isurf.cpp
	    New File  		    6974	C:\Users\DELL\OneDrive\Desktop\sparta代码修改流程\sparta-master\src\read_isurf.h
	    New File  		    9134	C:\Users\DELL\OneDrive\Desktop\sparta代码修改流程\sparta-master\src\read_particles.cpp
	    New File  		    2231	C:\Users\DELL\OneDrive\Desktop\sparta代码修改流程\sparta-master\src\read_particles.h
	    New File  		   62748	C:\Users\DELL\OneDrive\Desktop\sparta代码修改流程\sparta-master\src\read_restart.cpp
	    New File  		    7436	C:\Users\DELL\OneDrive\Desktop\sparta代码修改流程\sparta-master\src\read_restart.h
	    New File  		   77453	C:\Users\DELL\OneDrive\Desktop\sparta代码修改流程\sparta-master\src\read_surf.cpp
	    New File  		    8471	C:\Users\DELL\OneDrive\Desktop\sparta代码修改流程\sparta-master\src\read_surf.h
	    New File  		    2448	C:\Users\DELL\OneDrive\Desktop\sparta代码修改流程\sparta-master\src\region.cpp
	    New File  		    1643	C:\Users\DELL\OneDrive\Desktop\sparta代码修改流程\sparta-master\src\region.h
	    New File  		    2189	C:\Users\DELL\OneDrive\Desktop\sparta代码修改流程\sparta-master\src\region_block.cpp
	    New File  		    1252	C:\Users\DELL\OneDrive\Desktop\sparta代码修改流程\sparta-master\src\region_block.h
	    New File  		    3129	C:\Users\DELL\OneDrive\Desktop\sparta代码修改流程\sparta-master\src\region_cylinder.cpp
	    New File  		    1298	C:\Users\DELL\OneDrive\Desktop\sparta代码修改流程\sparta-master\src\region_cylinder.h
	    New File  		    3301	C:\Users\DELL\OneDrive\Desktop\sparta代码修改流程\sparta-master\src\region_intersect.cpp
	    New File  		    1439	C:\Users\DELL\OneDrive\Desktop\sparta代码修改流程\sparta-master\src\region_intersect.h
	    New File  		    1928	C:\Users\DELL\OneDrive\Desktop\sparta代码修改流程\sparta-master\src\region_plane.cpp
	    New File  		    1257	C:\Users\DELL\OneDrive\Desktop\sparta代码修改流程\sparta-master\src\region_plane.h
	    New File  		    1902	C:\Users\DELL\OneDrive\Desktop\sparta代码修改流程\sparta-master\src\region_sphere.cpp
	    New File  		    1260	C:\Users\DELL\OneDrive\Desktop\sparta代码修改流程\sparta-master\src\region_sphere.h
	    New File  		    2927	C:\Users\DELL\OneDrive\Desktop\sparta代码修改流程\sparta-master\src\region_union.cpp
	    New File  		    1388	C:\Users\DELL\OneDrive\Desktop\sparta代码修改流程\sparta-master\src\region_union.h
	    New File  		    7804	C:\Users\DELL\OneDrive\Desktop\sparta代码修改流程\sparta-master\src\remove_surf.cpp
	    New File  		    2375	C:\Users\DELL\OneDrive\Desktop\sparta代码修改流程\sparta-master\src\remove_surf.h
	    New File  		    7860	C:\Users\DELL\OneDrive\Desktop\sparta代码修改流程\sparta-master\src\run.cpp
	    New File  		    2375	C:\Users\DELL\OneDrive\Desktop\sparta代码修改流程\sparta-master\src\run.h
	    New File  		    4401	C:\Users\DELL\OneDrive\Desktop\sparta代码修改流程\sparta-master\src\scale_particles.cpp
	    New File  		    1021	C:\Users\DELL\OneDrive\Desktop\sparta代码修改流程\sparta-master\src\scale_particles.h
	    New File  		    3517	C:\Users\DELL\OneDrive\Desktop\sparta代码修改流程\sparta-master\src\spapython.cpp
	    New File  		    1881	C:\Users\DELL\OneDrive\Desktop\sparta代码修改流程\sparta-master\src\spapython.h
	    New File  		   19339	C:\Users\DELL\OneDrive\Desktop\sparta代码修改流程\sparta-master\src\sparta.cpp
	    New File  		    4753	C:\Users\DELL\OneDrive\Desktop\sparta代码修改流程\sparta-master\src\sparta.h
	    New File  		    1295	C:\Users\DELL\OneDrive\Desktop\sparta代码修改流程\sparta-master\src\sparta_masks.h
	    New File  		    3873	C:\Users\DELL\OneDrive\Desktop\sparta代码修改流程\sparta-master\src\spatype.h
	    New File  		    1069	C:\Users\DELL\OneDrive\Desktop\sparta代码修改流程\sparta-master\src\spawindows.h
	    New File  		   2.4 m	C:\Users\DELL\OneDrive\Desktop\sparta代码修改流程\sparta-master\src\spa_mpi
	    New File  		   2.9 m	C:\Users\DELL\OneDrive\Desktop\sparta代码修改流程\sparta-master\src\spa_serial.exe
	    New File  		   44226	C:\Users\DELL\OneDrive\Desktop\sparta代码修改流程\sparta-master\src\stats.cpp
	    New File  		    6616	C:\Users\DELL\OneDrive\Desktop\sparta代码修改流程\sparta-master\src\stats.h
	    New File  		      25	C:\Users\DELL\OneDrive\Desktop\sparta代码修改流程\sparta-master\src\style_collide.h
	    New File  		     493	C:\Users\DELL\OneDrive\Desktop\sparta代码修改流程\sparta-master\src\style_command.h
	    New File  		     906	C:\Users\DELL\OneDrive\Desktop\sparta代码修改流程\sparta-master\src\style_compute.h
	    New File  		     145	C:\Users\DELL\OneDrive\Desktop\sparta代码修改流程\sparta-master\src\style_dump.h
	    New File  		     653	C:\Users\DELL\OneDrive\Desktop\sparta代码修改流程\sparta-master\src\style_fix.h
	    New File  		      71	C:\Users\DELL\OneDrive\Desktop\sparta代码修改流程\sparta-master\src\style_react.h
	    New File  		     164	C:\Users\DELL\OneDrive\Desktop\sparta代码修改流程\sparta-master\src\style_region.h
	    New File  		     304	C:\Users\DELL\OneDrive\Desktop\sparta代码修改流程\sparta-master\src\style_surf_collide.h
	    New File  		     121	C:\Users\DELL\OneDrive\Desktop\sparta代码修改流程\sparta-master\src\style_surf_react.h
	    New File  		   94673	C:\Users\DELL\OneDrive\Desktop\sparta代码修改流程\sparta-master\src\surf.cpp
	    New File  		   17238	C:\Users\DELL\OneDrive\Desktop\sparta代码修改流程\sparta-master\src\surf.h
	    New File  		   20541	C:\Users\DELL\OneDrive\Desktop\sparta代码修改流程\sparta-master\src\surf_collate.cpp
	    New File  		    7160	C:\Users\DELL\OneDrive\Desktop\sparta代码修改流程\sparta-master\src\surf_collide.cpp
	    New File  		    3165	C:\Users\DELL\OneDrive\Desktop\sparta代码修改流程\sparta-master\src\surf_collide.h
	    New File  		    6831	C:\Users\DELL\OneDrive\Desktop\sparta代码修改流程\sparta-master\src\surf_collide_adiabatic.cpp
	    New File  		    1736	C:\Users\DELL\OneDrive\Desktop\sparta代码修改流程\sparta-master\src\surf_collide_adiabatic.h
	    New File  		   15458	C:\Users\DELL\OneDrive\Desktop\sparta代码修改流程\sparta-master\src\surf_collide_cll.cpp
	    New File  		    2363	C:\Users\DELL\OneDrive\Desktop\sparta代码修改流程\sparta-master\src\surf_collide_cll.h
	    New File  		   11206	C:\Users\DELL\OneDrive\Desktop\sparta代码修改流程\sparta-master\src\surf_collide_diffuse.cpp
	    New File  		    2462	C:\Users\DELL\OneDrive\Desktop\sparta代码修改流程\sparta-master\src\surf_collide_diffuse.h
	    New File  		   15338	C:\Users\DELL\OneDrive\Desktop\sparta代码修改流程\sparta-master\src\surf_collide_impulsive.cpp
	    New File  		    2759	C:\Users\DELL\OneDrive\Desktop\sparta代码修改流程\sparta-master\src\surf_collide_impulsive.h
	    New File  		    5839	C:\Users\DELL\OneDrive\Desktop\sparta代码修改流程\sparta-master\src\surf_collide_piston.cpp
	    New File  		    1574	C:\Users\DELL\OneDrive\Desktop\sparta代码修改流程\sparta-master\src\surf_collide_piston.h
	    New File  		    5271	C:\Users\DELL\OneDrive\Desktop\sparta代码修改流程\sparta-master\src\surf_collide_specular.cpp
	    New File  		    1662	C:\Users\DELL\OneDrive\Desktop\sparta代码修改流程\sparta-master\src\surf_collide_specular.h
	    New File  		   10425	C:\Users\DELL\OneDrive\Desktop\sparta代码修改流程\sparta-master\src\surf_collide_td.cpp
	    New File  		    1980	C:\Users\DELL\OneDrive\Desktop\sparta代码修改流程\sparta-master\src\surf_collide_td.h
	    New File  		    1603	C:\Users\DELL\OneDrive\Desktop\sparta代码修改流程\sparta-master\src\surf_collide_transparent.cpp
	    New File  		    1549	C:\Users\DELL\OneDrive\Desktop\sparta代码修改流程\sparta-master\src\surf_collide_transparent.h
	    New File  		    1676	C:\Users\DELL\OneDrive\Desktop\sparta代码修改流程\sparta-master\src\surf_collide_vanish.cpp
	    New File  		    1509	C:\Users\DELL\OneDrive\Desktop\sparta代码修改流程\sparta-master\src\surf_collide_vanish.h
	    New File  		   30906	C:\Users\DELL\OneDrive\Desktop\sparta代码修改流程\sparta-master\src\surf_comm.cpp
	    New File  		   22022	C:\Users\DELL\OneDrive\Desktop\sparta代码修改流程\sparta-master\src\surf_custom.cpp
	    New File  		    3294	C:\Users\DELL\OneDrive\Desktop\sparta代码修改流程\sparta-master\src\surf_react.cpp
	    New File  		    2529	C:\Users\DELL\OneDrive\Desktop\sparta代码修改流程\sparta-master\src\surf_react.h
	    New File  		  135336	C:\Users\DELL\OneDrive\Desktop\sparta代码修改流程\sparta-master\src\surf_react_adsorb.cpp
	    New File  		   11089	C:\Users\DELL\OneDrive\Desktop\sparta代码修改流程\sparta-master\src\surf_react_adsorb.h
	    New File  		   31720	C:\Users\DELL\OneDrive\Desktop\sparta代码修改流程\sparta-master\src\surf_react_gamma.cpp
	    New File  		    3488	C:\Users\DELL\OneDrive\Desktop\sparta代码修改流程\sparta-master\src\surf_react_gamma.h
	    New File  		    3524	C:\Users\DELL\OneDrive\Desktop\sparta代码修改流程\sparta-master\src\surf_react_global.cpp
	    New File  		    1694	C:\Users\DELL\OneDrive\Desktop\sparta代码修改流程\sparta-master\src\surf_react_global.h
	    New File  		   12997	C:\Users\DELL\OneDrive\Desktop\sparta代码修改流程\sparta-master\src\surf_react_prob.cpp
	    New File  		    2945	C:\Users\DELL\OneDrive\Desktop\sparta代码修改流程\sparta-master\src\surf_react_prob.h
	    New File  		    4421	C:\Users\DELL\OneDrive\Desktop\sparta代码修改流程\sparta-master\src\timer.cpp
	    New File  		    2157	C:\Users\DELL\OneDrive\Desktop\sparta代码修改流程\sparta-master\src\timer.h
	    New File  		    3132	C:\Users\DELL\OneDrive\Desktop\sparta代码修改流程\sparta-master\src\universe.cpp
	    New File  		    1701	C:\Users\DELL\OneDrive\Desktop\sparta代码修改流程\sparta-master\src\universe.h
	    New File  		   65703	C:\Users\DELL\OneDrive\Desktop\sparta代码修改流程\sparta-master\src\update.cpp
	    New File  		    9724	C:\Users\DELL\OneDrive\Desktop\sparta代码修改流程\sparta-master\src\update.h
	    New File  		   31805	C:\Users\DELL\OneDrive\Desktop\sparta代码修改流程\sparta-master\src\utils.cpp
	    New File  		    9186	C:\Users\DELL\OneDrive\Desktop\sparta代码修改流程\sparta-master\src\utils.h
	    New File  		  151412	C:\Users\DELL\OneDrive\Desktop\sparta代码修改流程\sparta-master\src\variable.cpp
	    New File  		   11417	C:\Users\DELL\OneDrive\Desktop\sparta代码修改流程\sparta-master\src\variable.h
	    New File  		      37	C:\Users\DELL\OneDrive\Desktop\sparta代码修改流程\sparta-master\src\version.h
	    New File  		    8084	C:\Users\DELL\OneDrive\Desktop\sparta代码修改流程\sparta-master\src\write_grid.cpp
	    New File  		    1856	C:\Users\DELL\OneDrive\Desktop\sparta代码修改流程\sparta-master\src\write_grid.h
	    New File  		    7720	C:\Users\DELL\OneDrive\Desktop\sparta代码修改流程\sparta-master\src\write_isurf.cpp
	    New File  		    1446	C:\Users\DELL\OneDrive\Desktop\sparta代码修改流程\sparta-master\src\write_isurf.h
	    New File  		   26105	C:\Users\DELL\OneDrive\Desktop\sparta代码修改流程\sparta-master\src\write_restart.cpp
	    New File  		    2864	C:\Users\DELL\OneDrive\Desktop\sparta代码修改流程\sparta-master\src\write_restart.h
	    New File  		   32646	C:\Users\DELL\OneDrive\Desktop\sparta代码修改流程\sparta-master\src\write_surf.cpp
	    New File  		    3224	C:\Users\DELL\OneDrive\Desktop\sparta代码修改流程\sparta-master\src\write_surf.h
	    New File  		    3058	C:\Users\DELL\OneDrive\Desktop\sparta代码修改流程\sparta-master\.github\workflows\main.yml
	    New File  		     288	C:\Users\DELL\OneDrive\Desktop\sparta代码修改流程\sparta-master\cmake\Modules\DetectHIPInstallation.cmake
	    New File  		    2007	C:\Users\DELL\OneDrive\Desktop\sparta代码修改流程\sparta-master\cmake\Modules\FindFFTW3.cmake
	    New File  		    1079	C:\Users\DELL\OneDrive\Desktop\sparta代码修改流程\sparta-master\cmake\Modules\FindMKL.cmake
	    New File  		     629	C:\Users\DELL\OneDrive\Desktop\sparta代码修改流程\sparta-master\cmake\presets\astra_kokkos.cmake
	    New File  		    1828	C:\Users\DELL\OneDrive\Desktop\sparta代码修改流程\sparta-master\cmake\presets\chama.cmake
	    New File  		     544	C:\Users\DELL\OneDrive\Desktop\sparta代码修改流程\sparta-master\cmake\presets\chama_big.cmake
	    New File  		     569	C:\Users\DELL\OneDrive\Desktop\sparta代码修改流程\sparta-master\cmake\presets\chama_mpich.cmake
	    New File  		    1264	C:\Users\DELL\OneDrive\Desktop\sparta代码修改流程\sparta-master\cmake\presets\elcapitan_kokkos.cmake
	    New File  		    1996	C:\Users\DELL\OneDrive\Desktop\sparta代码修改流程\sparta-master\cmake\presets\kokkos_common.cmake
	    New File  		    1140	C:\Users\DELL\OneDrive\Desktop\sparta代码修改流程\sparta-master\cmake\presets\kokkos_cuda.cmake
	    New File  		    1267	C:\Users\DELL\OneDrive\Desktop\sparta代码修改流程\sparta-master\cmake\presets\kokkos_hip.cmake
	    New File  		     621	C:\Users\DELL\OneDrive\Desktop\sparta代码修改流程\sparta-master\cmake\presets\kokkos_mpi_only.cmake
	    New File  		     535	C:\Users\DELL\OneDrive\Desktop\sparta代码修改流程\sparta-master\cmake\presets\kokkos_omp.cmake
	    New File  		     847	C:\Users\DELL\OneDrive\Desktop\sparta代码修改流程\sparta-master\cmake\presets\kokkos_phi.cmake
	    New File  		    1531	C:\Users\DELL\OneDrive\Desktop\sparta代码修改流程\sparta-master\cmake\presets\kokkos_sycl.cmake
	    New File  		    1518	C:\Users\DELL\OneDrive\Desktop\sparta代码修改流程\sparta-master\cmake\presets\mac.cmake
	    New File  		    1059	C:\Users\DELL\OneDrive\Desktop\sparta代码修改流程\sparta-master\cmake\presets\mac_mpi.cmake
	    New File  		    1134	C:\Users\DELL\OneDrive\Desktop\sparta代码修改流程\sparta-master\cmake\presets\mpi.cmake
	    New File  		     517	C:\Users\DELL\OneDrive\Desktop\sparta代码修改流程\sparta-master\cmake\presets\mpi_big.cmake
	    New File  		     614	C:\Users\DELL\OneDrive\Desktop\sparta代码修改流程\sparta-master\cmake\presets\mpi_debug.cmake
	    New File  		    1318	C:\Users\DELL\OneDrive\Desktop\sparta代码修改流程\sparta-master\cmake\presets\openmpi.cmake
	    New File  		    1378	C:\Users\DELL\OneDrive\Desktop\sparta代码修改流程\sparta-master\cmake\presets\serial.cmake
	    New File  		     661	C:\Users\DELL\OneDrive\Desktop\sparta代码修改流程\sparta-master\cmake\presets\serial_debug.cmake
	    New File  		     976	C:\Users\DELL\OneDrive\Desktop\sparta代码修改流程\sparta-master\examples\ablation\air.species
	    New File  		     828	C:\Users\DELL\OneDrive\Desktop\sparta代码修改流程\sparta-master\examples\ablation\air.vss
	    New File  		   10209	C:\Users\DELL\OneDrive\Desktop\sparta代码修改流程\sparta-master\examples\ablation\binary.101x101
	    New File  		    9273	C:\Users\DELL\OneDrive\Desktop\sparta代码修改流程\sparta-master\examples\ablation\binary.21x21x21
	    New File  		     210	C:\Users\DELL\OneDrive\Desktop\sparta代码修改流程\sparta-master\examples\ablation\data.etch2d
	    New File  		 1030313	C:\Users\DELL\OneDrive\Desktop\sparta代码修改流程\sparta-master\examples\ablation\fibers-101x101x101.binary
	    New File  		    1780	C:\Users\DELL\OneDrive\Desktop\sparta代码修改流程\sparta-master\examples\ablation\in.ablation.2d
	    New File  		    1662	C:\Users\DELL\OneDrive\Desktop\sparta代码修改流程\sparta-master\examples\ablation\in.ablation.3d
	    New File  		    1646	C:\Users\DELL\OneDrive\Desktop\sparta代码修改流程\sparta-master\examples\ablation\in.ablation.3d.reactions
	    New File  		    1391	C:\Users\DELL\OneDrive\Desktop\sparta代码修改流程\sparta-master\examples\ablation\in.ablation.multi.inner.3d
	    New File  		    8843	C:\Users\DELL\OneDrive\Desktop\sparta代码修改流程\sparta-master\examples\ablation\log.14Nov24.mpi_1.ablation.multi.inner.3d
	    New File  		    8986	C:\Users\DELL\OneDrive\Desktop\sparta代码修改流程\sparta-master\examples\ablation\log.14Nov24.mpi_4.ablation.multi.inner.3d
	    New File  		    5630	C:\Users\DELL\OneDrive\Desktop\sparta代码修改流程\sparta-master\examples\ablation\log.7Feb24.mpi_1.ablation.2d
	    New File  		    5810	C:\Users\DELL\OneDrive\Desktop\sparta代码修改流程\sparta-master\examples\ablation\log.7Feb24.mpi_1.ablation.3d
	    New File  		    5761	C:\Users\DELL\OneDrive\Desktop\sparta代码修改流程\sparta-master\examples\ablation\log.7Feb24.mpi_4.ablation.2d
	    New File  		    5853	C:\Users\DELL\OneDrive\Desktop\sparta代码修改流程\sparta-master\examples\ablation\log.7Feb24.mpi_4.ablation.3d
	    New File  		     573	C:\Users\DELL\OneDrive\Desktop\sparta代码修改流程\sparta-master\examples\ablation\README
	    New File  		     976	C:\Users\DELL\OneDrive\Desktop\sparta代码修改流程\sparta-master\examples\adapt\air.species
	    New File  		     828	C:\Users\DELL\OneDrive\Desktop\sparta代码修改流程\sparta-master\examples\adapt\air.vss
	    New File  		    1977	C:\Users\DELL\OneDrive\Desktop\sparta代码修改流程\sparta-master\examples\adapt\data.circle
	    New File  		    1747	C:\Users\DELL\OneDrive\Desktop\sparta代码修改流程\sparta-master\examples\adapt\in.adapt.rotate
	    New File  		    2020	C:\Users\DELL\OneDrive\Desktop\sparta代码修改流程\sparta-master\examples\adapt\in.adapt.slide
	    New File  		    2507	C:\Users\DELL\OneDrive\Desktop\sparta代码修改流程\sparta-master\examples\adapt\in.adapt.static
	    New File  		   14275	C:\Users\DELL\OneDrive\Desktop\sparta代码修改流程\sparta-master\examples\adapt\log.11Sep23.mpi_1.adapt.rotate
	    New File  		   18765	C:\Users\DELL\OneDrive\Desktop\sparta代码修改流程\sparta-master\examples\adapt\log.11Sep23.mpi_1.adapt.slide
	    New File  		   17560	C:\Users\DELL\OneDrive\Desktop\sparta代码修改流程\sparta-master\examples\adapt\log.11Sep23.mpi_1.adapt.static
	    New File  		   14459	C:\Users\DELL\OneDrive\Desktop\sparta代码修改流程\sparta-master\examples\adapt\log.11Sep23.mpi_4.adapt.rotate
	    New File  		   18985	C:\Users\DELL\OneDrive\Desktop\sparta代码修改流程\sparta-master\examples\adapt\log.11Sep23.mpi_4.adapt.slide
	    New File  		   17768	C:\Users\DELL\OneDrive\Desktop\sparta代码修改流程\sparta-master\examples\adapt\log.11Sep23.mpi_4.adapt.static
	    New File  		     203	C:\Users\DELL\OneDrive\Desktop\sparta代码修改流程\sparta-master\examples\adjust_temp\ar.species
	    New File  		     122	C:\Users\DELL\OneDrive\Desktop\sparta代码修改流程\sparta-master\examples\adjust_temp\ar.vss
	    New File  		    1559	C:\Users\DELL\OneDrive\Desktop\sparta代码修改流程\sparta-master\examples\adjust_temp\circle.surf
	    New File  		    1911	C:\Users\DELL\OneDrive\Desktop\sparta代码修改流程\sparta-master\examples\adjust_temp\in.circle.adjust
	    New File  		    1874	C:\Users\DELL\OneDrive\Desktop\sparta代码修改流程\sparta-master\examples\adjust_temp\in.circle.constant
	    New File  		    1898	C:\Users\DELL\OneDrive\Desktop\sparta代码修改流程\sparta-master\examples\adjust_temp\in.sphere.adjust
	    New File  		    1877	C:\Users\DELL\OneDrive\Desktop\sparta代码修改流程\sparta-master\examples\adjust_temp\in.sphere.constant
	    New File  		    5682	C:\Users\DELL\OneDrive\Desktop\sparta代码修改流程\sparta-master\examples\adjust_temp\log.14Oct24.mpi_1.circle.adjust
	    New File  		    5650	C:\Users\DELL\OneDrive\Desktop\sparta代码修改流程\sparta-master\examples\adjust_temp\log.14Oct24.mpi_1.circle.constant
	    New File  		    5904	C:\Users\DELL\OneDrive\Desktop\sparta代码修改流程\sparta-master\examples\adjust_temp\log.14Oct24.mpi_1.sphere.adjust
	    New File  		    5881	C:\Users\DELL\OneDrive\Desktop\sparta代码修改流程\sparta-master\examples\adjust_temp\log.14Oct24.mpi_1.sphere.constant
	    New File  		    5711	C:\Users\DELL\OneDrive\Desktop\sparta代码修改流程\sparta-master\examples\adjust_temp\log.14Oct24.mpi_4.circle.adjust
	    New File  		    5674	C:\Users\DELL\OneDrive\Desktop\sparta代码修改流程\sparta-master\examples\adjust_temp\log.14Oct24.mpi_4.circle.constant
	    New File  		    5931	C:\Users\DELL\OneDrive\Desktop\sparta代码修改流程\sparta-master\examples\adjust_temp\log.14Oct24.mpi_4.sphere.adjust
	    New File  		    5915	C:\Users\DELL\OneDrive\Desktop\sparta代码修改流程\sparta-master\examples\adjust_temp\log.14Oct24.mpi_4.sphere.constant
	    New File  		   65464	C:\Users\DELL\OneDrive\Desktop\sparta代码修改流程\sparta-master\examples\adjust_temp\sphere.surf
	    New File  		     976	C:\Users\DELL\OneDrive\Desktop\sparta代码修改流程\sparta-master\examples\axi\air.species
	    New File  		     976	C:\Users\DELL\OneDrive\Desktop\sparta代码修改流程\sparta-master\examples\ambi\air.species
	    New File  		     475	C:\Users\DELL\OneDrive\Desktop\sparta代码修改流程\sparta-master\examples\axi\air.vss
	    New File  		     119	C:\Users\DELL\OneDrive\Desktop\sparta代码修改流程\sparta-master\examples\ambi\air.surf
	    New File  		    1977	C:\Users\DELL\OneDrive\Desktop\sparta代码修改流程\sparta-master\examples\axi\data.circle
	    New File  		    2955	C:\Users\DELL\OneDrive\Desktop\sparta代码修改流程\sparta-master\examples\ambi\air.tce
	    New File  		     828	C:\Users\DELL\OneDrive\Desktop\sparta代码修改流程\sparta-master\examples\ambi\air.vss
	    New File  		    1393	C:\Users\DELL\OneDrive\Desktop\sparta代码修改流程\sparta-master\examples\axi\in.axi
	    New File  		   46584	C:\Users\DELL\OneDrive\Desktop\sparta代码修改流程\sparta-master\examples\ambi\data.circle
	    New File  		    2051	C:\Users\DELL\OneDrive\Desktop\sparta代码修改流程\sparta-master\examples\ambi\in.ambi
	    New File  		    6080	C:\Users\DELL\OneDrive\Desktop\sparta代码修改流程\sparta-master\examples\ambi\log.12May15.linux.mpi_1.ambi
	    New File  		     203	C:\Users\DELL\OneDrive\Desktop\sparta代码修改流程\sparta-master\examples\bfield\ar.species
	    New File  		     976	C:\Users\DELL\OneDrive\Desktop\sparta代码修改流程\sparta-master\examples\chem\air.species
	    New File  		     122	C:\Users\DELL\OneDrive\Desktop\sparta代码修改流程\sparta-master\examples\bfield\ar.vss
	    New File  		    2063	C:\Users\DELL\OneDrive\Desktop\sparta代码修改流程\sparta-master\examples\bfield\in.bfield
	    New File  		    2291	C:\Users\DELL\OneDrive\Desktop\sparta代码修改流程\sparta-master\examples\bfield\in.bfield.grid
	    New File  		    5176	C:\Users\DELL\OneDrive\Desktop\sparta代码修改流程\sparta-master\examples\bfield\log.1Feb24.mpi_1.bfield
	    New File  		    2955	C:\Users\DELL\OneDrive\Desktop\sparta代码修改流程\sparta-master\examples\chem\air.tce
	    New File  		     475	C:\Users\DELL\OneDrive\Desktop\sparta代码修改流程\sparta-master\examples\chem\air.vss
	    New File  		    5406	C:\Users\DELL\OneDrive\Desktop\sparta代码修改流程\sparta-master\examples\bfield\log.1Feb24.mpi_1.bfield.grid
	    New File  		    1321	C:\Users\DELL\OneDrive\Desktop\sparta代码修改流程\sparta-master\examples\chem\in.chem
	    New File  		    5304	C:\Users\DELL\OneDrive\Desktop\sparta代码修改流程\sparta-master\examples\bfield\log.1Feb24.mpi_4.bfield
	    New File  		    4680	C:\Users\DELL\OneDrive\Desktop\sparta代码修改流程\sparta-master\examples\chem\log.11Sep23.mpi_1.chem
	    New File  		    5530	C:\Users\DELL\OneDrive\Desktop\sparta代码修改流程\sparta-master\examples\bfield\log.1Feb24.mpi_4.bfield.grid
	    New File  		    4846	C:\Users\DELL\OneDrive\Desktop\sparta代码修改流程\sparta-master\examples\chem\log.11Sep23.mpi_4.chem
	    New File  		     976	C:\Users\DELL\OneDrive\Desktop\sparta代码修改流程\sparta-master\examples\chem_rates\air.species
	    New File  		    2955	C:\Users\DELL\OneDrive\Desktop\sparta代码修改流程\sparta-master\examples\chem_rates\air.tce
	    New File  		     475	C:\Users\DELL\OneDrive\Desktop\sparta代码修改流程\sparta-master\examples\chem_rates\air.vss
	    New File  		    1548	C:\Users\DELL\OneDrive\Desktop\sparta代码修改流程\sparta-master\examples\chem_rates\in.chem_rates
	    New File  		    4862	C:\Users\DELL\OneDrive\Desktop\sparta代码修改流程\sparta-master\examples\chem_rates\log.29Jan24.mpi_1.chem_rates
	    New File  		    5023	C:\Users\DELL\OneDrive\Desktop\sparta代码修改流程\sparta-master\examples\chem_rates\log.29Jan24.mpi_4.chem_rates
	    New File  		     976	C:\Users\DELL\OneDrive\Desktop\sparta代码修改流程\sparta-master\examples\cylinder\air.species
	    New File  		    2955	C:\Users\DELL\OneDrive\Desktop\sparta代码修改流程\sparta-master\examples\cylinder\air.tce
	    New File  		     828	C:\Users\DELL\OneDrive\Desktop\sparta代码修改流程\sparta-master\examples\cylinder\air.vss
	    New File  		     596	C:\Users\DELL\OneDrive\Desktop\sparta代码修改流程\sparta-master\examples\collide\6SpeciesAir.species
	    New File  		  506308	C:\Users\DELL\OneDrive\Desktop\sparta代码修改流程\sparta-master\examples\cylinder\circle_R0.5_P10000.surf
	    New File  		     976	C:\Users\DELL\OneDrive\Desktop\sparta代码修改流程\sparta-master\examples\circle\air.species
	    New File  		    4945	C:\Users\DELL\OneDrive\Desktop\sparta代码修改流程\sparta-master\examples\cylinder\in.cylinder
	    New File  		    1197	C:\Users\DELL\OneDrive\Desktop\sparta代码修改流程\sparta-master\examples\collide\6SpeciesAirII.vss
	    New File  		    1230	C:\Users\DELL\OneDrive\Desktop\sparta代码修改流程\sparta-master\examples\collide\6SpeciesAirIII.vss
	    New File  		     203	C:\Users\DELL\OneDrive\Desktop\sparta代码修改流程\sparta-master\examples\collide\ar.species
	    New File  		     122	C:\Users\DELL\OneDrive\Desktop\sparta代码修改流程\sparta-master\examples\collide\ar.vss
	    New File  		    1319	C:\Users\DELL\OneDrive\Desktop\sparta代码修改流程\sparta-master\examples\collide\in.collide
	    New File  		     475	C:\Users\DELL\OneDrive\Desktop\sparta代码修改流程\sparta-master\examples\circle\air.vss
	    New File  		    1126	C:\Users\DELL\OneDrive\Desktop\sparta代码修改流程\sparta-master\examples\collide\in.collideInterspecies
	    New File  		    1977	C:\Users\DELL\OneDrive\Desktop\sparta代码修改流程\sparta-master\examples\circle\data.circle
	    New File  		    4222	C:\Users\DELL\OneDrive\Desktop\sparta代码修改流程\sparta-master\examples\collide\log.11Sep23.mpi_1.collideInterspecies
	    New File  		      85	C:\Users\DELL\OneDrive\Desktop\sparta代码修改流程\sparta-master\examples\circle\data.plane1
	    New File  		    4379	C:\Users\DELL\OneDrive\Desktop\sparta代码修改流程\sparta-master\examples\collide\log.11Sep23.mpi_4.collideInterspecies
	    New File  		    2777	C:\Users\DELL\OneDrive\Desktop\sparta代码修改流程\sparta-master\examples\collide\log.collideInterspecies.13Dec18.g++.1
	    New File  		      81	C:\Users\DELL\OneDrive\Desktop\sparta代码修改流程\sparta-master\examples\circle\data.plane2
	    New File  		    2885	C:\Users\DELL\OneDrive\Desktop\sparta代码修改流程\sparta-master\examples\collide\log.collideInterspecies.13Dec18.g++.4
	    New File  		    1231	C:\Users\DELL\OneDrive\Desktop\sparta代码修改流程\sparta-master\examples\circle\in.circle
	    New File  		    1258	C:\Users\DELL\OneDrive\Desktop\sparta代码修改流程\sparta-master\examples\circle\in.circle.distributed
	    New File  		    2168	C:\Users\DELL\OneDrive\Desktop\sparta代码修改流程\sparta-master\examples\circle\in.circle.transparent
	    New File  		    5088	C:\Users\DELL\OneDrive\Desktop\sparta代码修改流程\sparta-master\examples\circle\log.11Sep23.mpi_1.circle
	    New File  		    5113	C:\Users\DELL\OneDrive\Desktop\sparta代码修改流程\sparta-master\examples\circle\log.11Sep23.mpi_1.circle.distributed
	    New File  		    7775	C:\Users\DELL\OneDrive\Desktop\sparta代码修改流程\sparta-master\examples\circle\log.11Sep23.mpi_1.circle.transparent
	    New File  		    5240	C:\Users\DELL\OneDrive\Desktop\sparta代码修改流程\sparta-master\examples\circle\log.11Sep23.mpi_4.circle
	    New File  		    5274	C:\Users\DELL\OneDrive\Desktop\sparta代码修改流程\sparta-master\examples\circle\log.11Sep23.mpi_4.circle.distributed
	    New File  		    7919	C:\Users\DELL\OneDrive\Desktop\sparta代码修改流程\sparta-master\examples\circle\log.11Sep23.mpi_4.circle.transparent
	    New File  		     976	C:\Users\DELL\OneDrive\Desktop\sparta代码修改流程\sparta-master\examples\emit\air.species
	    New File  		     828	C:\Users\DELL\OneDrive\Desktop\sparta代码修改流程\sparta-master\examples\emit\air.vss
	    New File  		    1977	C:\Users\DELL\OneDrive\Desktop\sparta代码修改流程\sparta-master\examples\emit\data.circle
	    New File  		    1248	C:\Users\DELL\OneDrive\Desktop\sparta代码修改流程\sparta-master\examples\emit\in.emit.face
	    New File  		    1316	C:\Users\DELL\OneDrive\Desktop\sparta代码修改流程\sparta-master\examples\emit\in.emit.face.region
	    New File  		    1461	C:\Users\DELL\OneDrive\Desktop\sparta代码修改流程\sparta-master\examples\emit\in.emit.surf.boundary
	    New File  		    1247	C:\Users\DELL\OneDrive\Desktop\sparta代码修改流程\sparta-master\examples\emit\in.emit.surf.flow
	    New File  		    1315	C:\Users\DELL\OneDrive\Desktop\sparta代码修改流程\sparta-master\examples\emit\in.emit.surf.flow.region
	    New File  		    1440	C:\Users\DELL\OneDrive\Desktop\sparta代码修改流程\sparta-master\examples\emit\in.emit.surf.normal
	    New File  		    1325	C:\Users\DELL\OneDrive\Desktop\sparta代码修改流程\sparta-master\examples\emit\in.emit.surf.normal.region
	    New File  		    4620	C:\Users\DELL\OneDrive\Desktop\sparta代码修改流程\sparta-master\examples\emit\log.11Sep23.mpi_1.emit.face
	    New File  		    4680	C:\Users\DELL\OneDrive\Desktop\sparta代码修改流程\sparta-master\examples\emit\log.11Sep23.mpi_1.emit.face.region
	    New File  		    4772	C:\Users\DELL\OneDrive\Desktop\sparta代码修改流程\sparta-master\examples\emit\log.11Sep23.mpi_4.emit.face
	    New File  		    4819	C:\Users\DELL\OneDrive\Desktop\sparta代码修改流程\sparta-master\examples\emit\log.11Sep23.mpi_4.emit.face.region
	    New File  		    5406	C:\Users\DELL\OneDrive\Desktop\sparta代码修改流程\sparta-master\examples\emit\log.31Oct25.mpi_1.emit.surf.boundary
	    New File  		    4611	C:\Users\DELL\OneDrive\Desktop\sparta代码修改流程\sparta-master\examples\emit\log.31Oct25.mpi_1.emit.surf.flow
	    New File  		    4656	C:\Users\DELL\OneDrive\Desktop\sparta代码修改流程\sparta-master\examples\emit\log.31Oct25.mpi_1.emit.surf.flow.region
	    New File  		    4799	C:\Users\DELL\OneDrive\Desktop\sparta代码修改流程\sparta-master\examples\emit\log.31Oct25.mpi_1.emit.surf.normal
	    New File  		    4666	C:\Users\DELL\OneDrive\Desktop\sparta代码修改流程\sparta-master\examples\emit\log.31Oct25.mpi_1.emit.surf.normal.region
	    New File  		    5562	C:\Users\DELL\OneDrive\Desktop\sparta代码修改流程\sparta-master\examples\emit\log.31Oct25.mpi_4.emit.surf.boundary
	    New File  		    4764	C:\Users\DELL\OneDrive\Desktop\sparta代码修改流程\sparta-master\examples\emit\log.31Oct25.mpi_4.emit.surf.flow
	    New File  		    4807	C:\Users\DELL\OneDrive\Desktop\sparta代码修改流程\sparta-master\examples\emit\log.31Oct25.mpi_4.emit.surf.flow.region
	    New File  		    4956	C:\Users\DELL\OneDrive\Desktop\sparta代码修改流程\sparta-master\examples\emit\log.31Oct25.mpi_4.emit.surf.normal
	    New File  		    4821	C:\Users\DELL\OneDrive\Desktop\sparta代码修改流程\sparta-master\examples\emit\log.31Oct25.mpi_4.emit.surf.normal.region
	    New File  		    1051	C:\Users\DELL\OneDrive\Desktop\sparta代码修改流程\sparta-master\examples\explicit2implicit\air.species
	    New File  		     511	C:\Users\DELL\OneDrive\Desktop\sparta代码修改流程\sparta-master\examples\explicit2implicit\air.vss
	    New File  		    5113	C:\Users\DELL\OneDrive\Desktop\sparta代码修改流程\sparta-master\examples\explicit2implicit\data.circle2d
	    New File  		  236664	C:\Users\DELL\OneDrive\Desktop\sparta代码修改流程\sparta-master\examples\explicit2implicit\data.sphere3d
	    New File  		    1399	C:\Users\DELL\OneDrive\Desktop\sparta代码修改流程\sparta-master\examples\explicit2implicit\in.exp2imp.circle.2d
	    New File  		    1646	C:\Users\DELL\OneDrive\Desktop\sparta代码修改流程\sparta-master\examples\explicit2implicit\in.exp2imp.sphere.3d
	    New File  		    7363	C:\Users\DELL\OneDrive\Desktop\sparta代码修改流程\sparta-master\examples\explicit2implicit\log.24Oct24.mpi_1.exp2imp.sphere.3d
	    New File  		    7520	C:\Users\DELL\OneDrive\Desktop\sparta代码修改流程\sparta-master\examples\explicit2implicit\log.24Oct24.mpi_4.exp2imp.sphere.3d
	    New File  		    5492	C:\Users\DELL\OneDrive\Desktop\sparta代码修改流程\sparta-master\examples\explicit2implicit\log.7Jan25.mpi_1.exp2imp.circle.2d
	    New File  		    5667	C:\Users\DELL\OneDrive\Desktop\sparta代码修改流程\sparta-master\examples\explicit2implicit\log.7Jan25.mpi_4.exp2imp.circle.2d
	    New File  		     546	C:\Users\DELL\OneDrive\Desktop\sparta代码修改流程\sparta-master\examples\explicit2implicit\README
	    New File  		     203	C:\Users\DELL\OneDrive\Desktop\sparta代码修改流程\sparta-master\examples\fft\ar.species
	    New File  		     122	C:\Users\DELL\OneDrive\Desktop\sparta代码修改流程\sparta-master\examples\fft\ar.vss
	    New File  		   26537	C:\Users\DELL\OneDrive\Desktop\sparta代码修改流程\sparta-master\examples\fft\dump.grid.2d
	    New File  		   26537	C:\Users\DELL\OneDrive\Desktop\sparta代码修改流程\sparta-master\examples\fft\dump.grid.2d.g++.1
	    New File  		   26558	C:\Users\DELL\OneDrive\Desktop\sparta代码修改流程\sparta-master\examples\fft\dump.grid.2d.g++.4
	    New File  		  431513	C:\Users\DELL\OneDrive\Desktop\sparta代码修改流程\sparta-master\examples\fft\dump.grid.3d.g++.1
	    New File  		  431586	C:\Users\DELL\OneDrive\Desktop\sparta代码修改流程\sparta-master\examples\fft\dump.grid.3d.g++.4
	    New File  		    1418	C:\Users\DELL\OneDrive\Desktop\sparta代码修改流程\sparta-master\examples\fft\in.fft.2d
	    New File  		    1491	C:\Users\DELL\OneDrive\Desktop\sparta代码修改流程\sparta-master\examples\fft\in.fft.3d
	    New File  		     976	C:\Users\DELL\OneDrive\Desktop\sparta代码修改流程\sparta-master\examples\flowfile\air.species
	    New File  		     127	C:\Users\DELL\OneDrive\Desktop\sparta代码修改流程\sparta-master\examples\flowfile\flow.face
	    New File  		    1124	C:\Users\DELL\OneDrive\Desktop\sparta代码修改流程\sparta-master\examples\flowfile\in.flowfile
	    New File  		     976	C:\Users\DELL\OneDrive\Desktop\sparta代码修改流程\sparta-master\examples\custom\air.species
	    New File  		    4648	C:\Users\DELL\OneDrive\Desktop\sparta代码修改流程\sparta-master\examples\flowfile\log.11Sep23.mpi_1.flowfile
	    New File  		    4809	C:\Users\DELL\OneDrive\Desktop\sparta代码修改流程\sparta-master\examples\flowfile\log.11Sep23.mpi_4.flowfile
	    New File  		     475	C:\Users\DELL\OneDrive\Desktop\sparta代码修改流程\sparta-master\examples\custom\air.vss
	    New File  		     203	C:\Users\DELL\OneDrive\Desktop\sparta代码修改流程\sparta-master\examples\custom\ar.species
	    New File  		     122	C:\Users\DELL\OneDrive\Desktop\sparta代码修改流程\sparta-master\examples\custom\ar.vss
	    New File  		    1977	C:\Users\DELL\OneDrive\Desktop\sparta代码修改流程\sparta-master\examples\custom\data.circle
	    New File  		     230	C:\Users\DELL\OneDrive\Desktop\sparta代码修改流程\sparta-master\examples\custom\data.cube
	    New File  		     684	C:\Users\DELL\OneDrive\Desktop\sparta代码修改流程\sparta-master\examples\custom\data.cube.custom
	    New File  		     684	C:\Users\DELL\OneDrive\Desktop\sparta代码修改流程\sparta-master\examples\custom\data.cube.custom.2
	    New File  		   46219	C:\Users\DELL\OneDrive\Desktop\sparta代码修改流程\sparta-master\examples\custom\data.cube.grid
	    New File  		    2202	C:\Users\DELL\OneDrive\Desktop\sparta代码修改流程\sparta-master\examples\custom\data.spiky
	    New File  		     297	C:\Users\DELL\OneDrive\Desktop\sparta代码修改流程\sparta-master\examples\custom\data.step
	    New File  		     869	C:\Users\DELL\OneDrive\Desktop\sparta代码修改流程\sparta-master\examples\custom\data.step.custom
	    New File  		   18009	C:\Users\DELL\OneDrive\Desktop\sparta代码修改流程\sparta-master\examples\custom\data.step.grid
	    New File  		     453	C:\Users\DELL\OneDrive\Desktop\sparta代码修改流程\sparta-master\examples\custom\data.step.temperature
	    New File  		     927	C:\Users\DELL\OneDrive\Desktop\sparta代码修改流程\sparta-master\examples\custom\dump.27May25.mpi_1.custom.coarse.2d
	    New File  		  382091	C:\Users\DELL\OneDrive\Desktop\sparta代码修改流程\sparta-master\examples\custom\dump.27May25.mpi_1.custom.coarse.3d
	    New File  		     927	C:\Users\DELL\OneDrive\Desktop\sparta代码修改流程\sparta-master\examples\custom\dump.27May25.mpi_4.custom.coarse.2d
	    New File  		  382091	C:\Users\DELL\OneDrive\Desktop\sparta代码修改流程\sparta-master\examples\custom\dump.27May25.mpi_4.custom.coarse.3d
	    New File  		     115	C:\Users\DELL\OneDrive\Desktop\sparta代码修改流程\sparta-master\examples\custom\file.coarse.2d
	    New File  		    1837	C:\Users\DELL\OneDrive\Desktop\sparta代码修改流程\sparta-master\examples\custom\file.coarse.3d
	    New File  		     441	C:\Users\DELL\OneDrive\Desktop\sparta代码修改流程\sparta-master\examples\custom\file.custom.0
	    New File  		     541	C:\Users\DELL\OneDrive\Desktop\sparta代码修改流程\sparta-master\examples\custom\file.custom.1000
	    New File  		     441	C:\Users\DELL\OneDrive\Desktop\sparta代码修改流程\sparta-master\examples\custom\file.custom.2000
	    New File  		    1441	C:\Users\DELL\OneDrive\Desktop\sparta代码修改流程\sparta-master\examples\custom\in.custom.circle.file
	    New File  		    1488	C:\Users\DELL\OneDrive\Desktop\sparta代码修改流程\sparta-master\examples\custom\in.custom.circle.file.distributed
	    New File  		    1449	C:\Users\DELL\OneDrive\Desktop\sparta代码修改流程\sparta-master\examples\custom\in.custom.circle.file.fix
	    New File  		    1496	C:\Users\DELL\OneDrive\Desktop\sparta代码修改流程\sparta-master\examples\custom\in.custom.circle.file.fix.distributed
	    New File  		    1520	C:\Users\DELL\OneDrive\Desktop\sparta代码修改流程\sparta-master\examples\custom\in.custom.circle.set
	    New File  		    1567	C:\Users\DELL\OneDrive\Desktop\sparta代码修改流程\sparta-master\examples\custom\in.custom.circle.set.distributed
	    New File  		    1529	C:\Users\DELL\OneDrive\Desktop\sparta代码修改流程\sparta-master\examples\custom\in.custom.circle.set.fix
	    New File  		    1576	C:\Users\DELL\OneDrive\Desktop\sparta代码修改流程\sparta-master\examples\custom\in.custom.circle.set.fix.distributed
	    New File  		    1056	C:\Users\DELL\OneDrive\Desktop\sparta代码修改流程\sparta-master\examples\custom\in.custom.coarse.2d
	    New File  		    1094	C:\Users\DELL\OneDrive\Desktop\sparta代码修改流程\sparta-master\examples\custom\in.custom.coarse.3d
	    New File  		    1556	C:\Users\DELL\OneDrive\Desktop\sparta代码修改流程\sparta-master\examples\custom\in.custom.collide.create
	    New File  		    2235	C:\Users\DELL\OneDrive\Desktop\sparta代码修改流程\sparta-master\examples\custom\in.custom.cube.clip
	    New File  		    4797	C:\Users\DELL\OneDrive\Desktop\sparta代码修改流程\sparta-master\examples\custom\in.custom.cube.read
	    New File  		    2485	C:\Users\DELL\OneDrive\Desktop\sparta代码修改流程\sparta-master\examples\custom\in.custom.cube.read.restart
	    New File  		    2137	C:\Users\DELL\OneDrive\Desktop\sparta代码修改流程\sparta-master\examples\custom\in.custom.cube.reread
	    New File  		    6264	C:\Users\DELL\OneDrive\Desktop\sparta代码修改流程\sparta-master\examples\custom\in.custom.cube.set
	    New File  		    2476	C:\Users\DELL\OneDrive\Desktop\sparta代码修改流程\sparta-master\examples\custom\in.custom.cube.set.restart
	    New File  		    2986	C:\Users\DELL\OneDrive\Desktop\sparta代码修改流程\sparta-master\examples\custom\in.custom.spiky.set
	    New File  		    2286	C:\Users\DELL\OneDrive\Desktop\sparta代码修改流程\sparta-master\examples\custom\in.custom.step.clip
	    New File  		    4817	C:\Users\DELL\OneDrive\Desktop\sparta代码修改流程\sparta-master\examples\custom\in.custom.step.read
	    New File  		    2485	C:\Users\DELL\OneDrive\Desktop\sparta代码修改流程\sparta-master\examples\custom\in.custom.step.read.restart
	    New File  		    6247	C:\Users\DELL\OneDrive\Desktop\sparta代码修改流程\sparta-master\examples\custom\in.custom.step.set
	    New File  		    2476	C:\Users\DELL\OneDrive\Desktop\sparta代码修改流程\sparta-master\examples\custom\in.custom.step.set.restart
	    New File  		    1661	C:\Users\DELL\OneDrive\Desktop\sparta代码修改流程\sparta-master\examples\custom\in.custom.step.temp.read
	    New File  		    2051	C:\Users\DELL\OneDrive\Desktop\sparta代码修改流程\sparta-master\examples\custom\in.custom.step.temp.remove
	    New File  		    1790	C:\Users\DELL\OneDrive\Desktop\sparta代码修改流程\sparta-master\examples\custom\in.custom.step.temp.variable
	    New File  		    6733	C:\Users\DELL\OneDrive\Desktop\sparta代码修改流程\sparta-master\examples\custom\log.02Sep25.mpi_1.custom.collide.create
	    New File  		    6906	C:\Users\DELL\OneDrive\Desktop\sparta代码修改流程\sparta-master\examples\custom\log.02Sep25.mpi_4.custom.collide.create
	    New File  		    6333	C:\Users\DELL\OneDrive\Desktop\sparta代码修改流程\sparta-master\examples\custom\log.22Aug23.mpi_1.custom.cube.clip
	    New File  		   19361	C:\Users\DELL\OneDrive\Desktop\sparta代码修改流程\sparta-master\examples\custom\log.22Aug23.mpi_1.custom.cube.read
	    New File  		   13242	C:\Users\DELL\OneDrive\Desktop\sparta代码修改流程\sparta-master\examples\custom\log.22Aug23.mpi_1.custom.cube.read.restart
	    New File  		   25411	C:\Users\DELL\OneDrive\Desktop\sparta代码修改流程\sparta-master\examples\custom\log.22Aug23.mpi_1.custom.cube.set
	    New File  		   13234	C:\Users\DELL\OneDrive\Desktop\sparta代码修改流程\sparta-master\examples\custom\log.22Aug23.mpi_1.custom.cube.set.restart
	    New File  		   13076	C:\Users\DELL\OneDrive\Desktop\sparta代码修改流程\sparta-master\examples\custom\log.22Aug23.mpi_1.custom.spiky.set
	    New File  		    6312	C:\Users\DELL\OneDrive\Desktop\sparta代码修改流程\sparta-master\examples\custom\log.22Aug23.mpi_1.custom.step.clip
	    New File  		   19322	C:\Users\DELL\OneDrive\Desktop\sparta代码修改流程\sparta-master\examples\custom\log.22Aug23.mpi_1.custom.step.read
	    New File  		   13229	C:\Users\DELL\OneDrive\Desktop\sparta代码修改流程\sparta-master\examples\custom\log.22Aug23.mpi_1.custom.step.read.restart
	    New File  		   25341	C:\Users\DELL\OneDrive\Desktop\sparta代码修改流程\sparta-master\examples\custom\log.22Aug23.mpi_1.custom.step.set
	    New File  		   13221	C:\Users\DELL\OneDrive\Desktop\sparta代码修改流程\sparta-master\examples\custom\log.22Aug23.mpi_1.custom.step.set.restart
	    New File  		    5154	C:\Users\DELL\OneDrive\Desktop\sparta代码修改流程\sparta-master\examples\custom\log.22Aug23.mpi_1.custom.step.temp.read
	    New File  		    9467	C:\Users\DELL\OneDrive\Desktop\sparta代码修改流程\sparta-master\examples\custom\log.22Aug23.mpi_1.custom.step.temp.remove
	    New File  		    5190	C:\Users\DELL\OneDrive\Desktop\sparta代码修改流程\sparta-master\examples\custom\log.22Aug23.mpi_1.custom.step.temp.variable
	    New File  		    6376	C:\Users\DELL\OneDrive\Desktop\sparta代码修改流程\sparta-master\examples\custom\log.22Aug23.mpi_4.custom.cube.clip
	    New File  		   19476	C:\Users\DELL\OneDrive\Desktop\sparta代码修改流程\sparta-master\examples\custom\log.22Aug23.mpi_4.custom.cube.read
	    New File  		   13304	C:\Users\DELL\OneDrive\Desktop\sparta代码修改流程\sparta-master\examples\custom\log.22Aug23.mpi_4.custom.cube.read.restart
	    New File  		   25636	C:\Users\DELL\OneDrive\Desktop\sparta代码修改流程\sparta-master\examples\custom\log.22Aug23.mpi_4.custom.cube.set
	    New File  		   13302	C:\Users\DELL\OneDrive\Desktop\sparta代码修改流程\sparta-master\examples\custom\log.22Aug23.mpi_4.custom.cube.set.restart
	    New File  		   13260	C:\Users\DELL\OneDrive\Desktop\sparta代码修改流程\sparta-master\examples\custom\log.22Aug23.mpi_4.custom.spiky.set
	    New File  		    6345	C:\Users\DELL\OneDrive\Desktop\sparta代码修改流程\sparta-master\examples\custom\log.22Aug23.mpi_4.custom.step.clip
	    New File  		   19426	C:\Users\DELL\OneDrive\Desktop\sparta代码修改流程\sparta-master\examples\custom\log.22Aug23.mpi_4.custom.step.read
	    New File  		   13284	C:\Users\DELL\OneDrive\Desktop\sparta代码修改流程\sparta-master\examples\custom\log.22Aug23.mpi_4.custom.step.read.restart
	    New File  		   25561	C:\Users\DELL\OneDrive\Desktop\sparta代码修改流程\sparta-master\examples\custom\log.22Aug23.mpi_4.custom.step.set
	    New File  		   13278	C:\Users\DELL\OneDrive\Desktop\sparta代码修改流程\sparta-master\examples\custom\log.22Aug23.mpi_4.custom.step.set.restart
	    New File  		    5279	C:\Users\DELL\OneDrive\Desktop\sparta代码修改流程\sparta-master\examples\custom\log.22Aug23.mpi_4.custom.step.temp.read
	    New File  		    9629	C:\Users\DELL\OneDrive\Desktop\sparta代码修改流程\sparta-master\examples\custom\log.22Aug23.mpi_4.custom.step.temp.remove
	    New File  		    5317	C:\Users\DELL\OneDrive\Desktop\sparta代码修改流程\sparta-master\examples\custom\log.22Aug23.mpi_4.custom.step.temp.variable
	    New File  		    3992	C:\Users\DELL\OneDrive\Desktop\sparta代码修改流程\sparta-master\examples\custom\log.27May25.mpi_1.custom.coarse.2d
	    New File  		    4098	C:\Users\DELL\OneDrive\Desktop\sparta代码修改流程\sparta-master\examples\custom\log.27May25.mpi_1.custom.coarse.3d
	    New File  		    3992	C:\Users\DELL\OneDrive\Desktop\sparta代码修改流程\sparta-master\examples\custom\log.27May25.mpi_4.custom.coarse.2d
	    New File  		    4107	C:\Users\DELL\OneDrive\Desktop\sparta代码修改流程\sparta-master\examples\custom\log.27May25.mpi_4.custom.coarse.3d
	    New File  		    6603	C:\Users\DELL\OneDrive\Desktop\sparta代码修改流程\sparta-master\examples\custom\log.28Aug24.mpi_1.custom.cube.reread
	    New File  		    6735	C:\Users\DELL\OneDrive\Desktop\sparta代码修改流程\sparta-master\examples\custom\log.28Aug24.mpi_4.custom.cube.reread
	    New File  		    8250	C:\Users\DELL\OneDrive\Desktop\sparta代码修改流程\sparta-master\examples\custom\log.4Mar25.mpi_1.custom.circle.file
	    New File  		    8298	C:\Users\DELL\OneDrive\Desktop\sparta代码修改流程\sparta-master\examples\custom\log.4Mar25.mpi_1.custom.circle.file.distributed
	    New File  		    5977	C:\Users\DELL\OneDrive\Desktop\sparta代码修改流程\sparta-master\examples\custom\log.4Mar25.mpi_1.custom.circle.file.fix
	    New File  		    6025	C:\Users\DELL\OneDrive\Desktop\sparta代码修改流程\sparta-master\examples\custom\log.4Mar25.mpi_1.custom.circle.file.fix.distributed
	    New File  		    8325	C:\Users\DELL\OneDrive\Desktop\sparta代码修改流程\sparta-master\examples\custom\log.4Mar25.mpi_1.custom.circle.set
	    New File  		    8375	C:\Users\DELL\OneDrive\Desktop\sparta代码修改流程\sparta-master\examples\custom\log.4Mar25.mpi_1.custom.circle.set.distributed
	    New File  		    6057	C:\Users\DELL\OneDrive\Desktop\sparta代码修改流程\sparta-master\examples\custom\log.4Mar25.mpi_1.custom.circle.set.fix
	    New File  		    6102	C:\Users\DELL\OneDrive\Desktop\sparta代码修改流程\sparta-master\examples\custom\log.4Mar25.mpi_1.custom.circle.set.fix.distributed
	    New File  		    8403	C:\Users\DELL\OneDrive\Desktop\sparta代码修改流程\sparta-master\examples\custom\log.4Mar25.mpi_4.custom.circle.file
	    New File  		    8451	C:\Users\DELL\OneDrive\Desktop\sparta代码修改流程\sparta-master\examples\custom\log.4Mar25.mpi_4.custom.circle.file.distributed
	    New File  		    6105	C:\Users\DELL\OneDrive\Desktop\sparta代码修改流程\sparta-master\examples\custom\log.4Mar25.mpi_4.custom.circle.file.fix
	    New File  		    6153	C:\Users\DELL\OneDrive\Desktop\sparta代码修改流程\sparta-master\examples\custom\log.4Mar25.mpi_4.custom.circle.file.fix.distributed
	    New File  		    8480	C:\Users\DELL\OneDrive\Desktop\sparta代码修改流程\sparta-master\examples\custom\log.4Mar25.mpi_4.custom.circle.set
	    New File  		    8528	C:\Users\DELL\OneDrive\Desktop\sparta代码修改流程\sparta-master\examples\custom\log.4Mar25.mpi_4.custom.circle.set.distributed
	    New File  		    6183	C:\Users\DELL\OneDrive\Desktop\sparta代码修改流程\sparta-master\examples\custom\log.4Mar25.mpi_4.custom.circle.set.fix
	    New File  		    6228	C:\Users\DELL\OneDrive\Desktop\sparta代码修改流程\sparta-master\examples\custom\log.4Mar25.mpi_4.custom.circle.set.fix.distributed
	    New File  		    4286	C:\Users\DELL\OneDrive\Desktop\sparta代码修改流程\sparta-master\examples\custom\README
	    New File  		     976	C:\Users\DELL\OneDrive\Desktop\sparta代码修改流程\sparta-master\examples\implicit\air.species
	    New File  		     475	C:\Users\DELL\OneDrive\Desktop\sparta代码修改流程\sparta-master\examples\implicit\air.vss
	    New File  		    1482	C:\Users\DELL\OneDrive\Desktop\sparta代码修改流程\sparta-master\examples\implicit\in.implicit.2d
	    New File  		    1479	C:\Users\DELL\OneDrive\Desktop\sparta代码修改流程\sparta-master\examples\implicit\in.implicit.2d.rectangle
	    New File  		    1552	C:\Users\DELL\OneDrive\Desktop\sparta代码修改流程\sparta-master\examples\implicit\in.implicit.3d.big
	    New File  		    1541	C:\Users\DELL\OneDrive\Desktop\sparta代码修改流程\sparta-master\examples\implicit\in.implicit.3d.small
	    New File  		     404	C:\Users\DELL\OneDrive\Desktop\sparta代码修改流程\sparta-master\examples\implicit\README
	    New File  		     203	C:\Users\DELL\OneDrive\Desktop\sparta代码修改流程\sparta-master\examples\free\ar.species
	    New File  		    1186	C:\Users\DELL\OneDrive\Desktop\sparta代码修改流程\sparta-master\examples\free\in.free
	    New File  		    4263	C:\Users\DELL\OneDrive\Desktop\sparta代码修改流程\sparta-master\examples\free\log.11Sep23.mpi_1.free
	    New File  		    4421	C:\Users\DELL\OneDrive\Desktop\sparta代码修改流程\sparta-master\examples\free\log.11Sep23.mpi_4.free
	    New File  		     976	C:\Users\DELL\OneDrive\Desktop\sparta代码修改流程\sparta-master\examples\mfp_mct\air.species
	    New File  		     828	C:\Users\DELL\OneDrive\Desktop\sparta代码修改流程\sparta-master\examples\mfp_mct\air.vss
	    New File  		    1870	C:\Users\DELL\OneDrive\Desktop\sparta代码修改流程\sparta-master\examples\mfp_mct\in.mfp_mct
	    New File  		    5826	C:\Users\DELL\OneDrive\Desktop\sparta代码修改流程\sparta-master\examples\mfp_mct\log.15Oct24.mpi_1.mfp_mct
	    New File  		     976	C:\Users\DELL\OneDrive\Desktop\sparta代码修改流程\sparta-master\examples\jagged\air.species
	    New File  		    5991	C:\Users\DELL\OneDrive\Desktop\sparta代码修改流程\sparta-master\examples\mfp_mct\log.15Oct24.mpi_4.mfp_mct
	    New File  		     475	C:\Users\DELL\OneDrive\Desktop\sparta代码修改流程\sparta-master\examples\jagged\air.vss
	    New File  		    1355	C:\Users\DELL\OneDrive\Desktop\sparta代码修改流程\sparta-master\examples\jagged\in.jagged.2d
	    New File  		    1382	C:\Users\DELL\OneDrive\Desktop\sparta代码修改流程\sparta-master\examples\jagged\in.jagged.2d.distributed
	    New File  		    1696	C:\Users\DELL\OneDrive\Desktop\sparta代码修改流程\sparta-master\examples\jagged\in.jagged.3d
	    New File  		    1724	C:\Users\DELL\OneDrive\Desktop\sparta代码修改流程\sparta-master\examples\jagged\in.jagged.3d.distributed
	    New File  		    5231	C:\Users\DELL\OneDrive\Desktop\sparta代码修改流程\sparta-master\examples\jagged\log.11Sep23.mpi_1.jagged.2d
	    New File  		    5254	C:\Users\DELL\OneDrive\Desktop\sparta代码修改流程\sparta-master\examples\jagged\log.11Sep23.mpi_1.jagged.2d.distributed
	    New File  		    5397	C:\Users\DELL\OneDrive\Desktop\sparta代码修改流程\sparta-master\examples\jagged\log.11Sep23.mpi_4.jagged.2d
	    New File  		    5417	C:\Users\DELL\OneDrive\Desktop\sparta代码修改流程\sparta-master\examples\jagged\log.11Sep23.mpi_4.jagged.2d.distributed
	    New File  		    5128	C:\Users\DELL\OneDrive\Desktop\sparta代码修改流程\sparta-master\examples\jagged\log.jagged.3d.12Feb19.g++.8
	    New File  		    5168	C:\Users\DELL\OneDrive\Desktop\sparta代码修改流程\sparta-master\examples\jagged\log.jagged.3d.distributed.12Feb19.g++.8
	    New File  		     320	C:\Users\DELL\OneDrive\Desktop\sparta代码修改流程\sparta-master\examples\jagged\README
	    New File  		   1.0 m	C:\Users\DELL\OneDrive\Desktop\sparta代码修改流程\sparta-master\examples\jagged\sdata.100x100
	    New File  		    1268	C:\Users\DELL\OneDrive\Desktop\sparta代码修改流程\sparta-master\examples\relax_variable\in.relax_variable
	    New File  		    1268	C:\Users\DELL\OneDrive\Desktop\sparta代码修改流程\sparta-master\examples\relax_const\in.relax_const
	    New File  		     216	C:\Users\DELL\OneDrive\Desktop\sparta代码修改流程\sparta-master\examples\relax_variable\n2.species
	    New File  		     163	C:\Users\DELL\OneDrive\Desktop\sparta代码修改流程\sparta-master\examples\relax_variable\n2.vss
	    New File  		     216	C:\Users\DELL\OneDrive\Desktop\sparta代码修改流程\sparta-master\examples\relax_const\n2.species
	    New File  		     125	C:\Users\DELL\OneDrive\Desktop\sparta代码修改流程\sparta-master\examples\relax_const\n2.vss
	    New File  		    1724	C:\Users\DELL\OneDrive\Desktop\sparta代码修改流程\sparta-master\examples\paraview\adapt.static.paraview.test.mpi_1.json
	    New File  		    1753	C:\Users\DELL\OneDrive\Desktop\sparta代码修改流程\sparta-master\examples\paraview\adapt.static.paraview.test.mpi_4.json
	    New File  		     976	C:\Users\DELL\OneDrive\Desktop\sparta代码修改流程\sparta-master\examples\paraview\air.species
	    New File  		     475	C:\Users\DELL\OneDrive\Desktop\sparta代码修改流程\sparta-master\examples\paraview\air.vss
	    New File  		    3662	C:\Users\DELL\OneDrive\Desktop\sparta代码修改流程\sparta-master\examples\paraview\circle.paraview.test.mpi_1.json
	    New File  		    3282	C:\Users\DELL\OneDrive\Desktop\sparta代码修改流程\sparta-master\examples\paraview\circle.paraview.test.mpi_4.json
	    New File  		    6217	C:\Users\DELL\OneDrive\Desktop\sparta代码修改流程\sparta-master\examples\paraview\circle_test_paraview_catalyst.py
	    New File  		    1977	C:\Users\DELL\OneDrive\Desktop\sparta代码修改流程\sparta-master\examples\paraview\data.circle
	    New File  		   46972	C:\Users\DELL\OneDrive\Desktop\sparta代码修改流程\sparta-master\examples\paraview\data.sphere
	    New File  		    2705	C:\Users\DELL\OneDrive\Desktop\sparta代码修改流程\sparta-master\examples\paraview\in.adapt.static.paraview
	    New File  		    1610	C:\Users\DELL\OneDrive\Desktop\sparta代码修改流程\sparta-master\examples\paraview\in.circle.paraview
	    New File  		    1884	C:\Users\DELL\OneDrive\Desktop\sparta代码修改流程\sparta-master\examples\paraview\in.sphere.paraview
	    New File  		    3744	C:\Users\DELL\OneDrive\Desktop\sparta代码修改流程\sparta-master\examples\paraview\sphere.paraview.test.mpi_1.json
	    New File  		    4698	C:\Users\DELL\OneDrive\Desktop\sparta代码修改流程\sparta-master\examples\paraview\sphere.paraview.test.mpi_4.json
	    New File  		    5998	C:\Users\DELL\OneDrive\Desktop\sparta代码修改流程\sparta-master\examples\paraview\sphere_test_paraview_catalyst.py
	    New File  		     976	C:\Users\DELL\OneDrive\Desktop\sparta代码修改流程\sparta-master\examples\python\air.species
	    New File  		     475	C:\Users\DELL\OneDrive\Desktop\sparta代码修改流程\sparta-master\examples\python\air.vss
	    New File  		    1977	C:\Users\DELL\OneDrive\Desktop\sparta代码修改流程\sparta-master\examples\python\data.circle
	    New File  		   15235	C:\Users\DELL\OneDrive\Desktop\sparta代码修改流程\sparta-master\examples\python\dump.6May25.mpi_1.grid.pyvar
	    New File  		   14104	C:\Users\DELL\OneDrive\Desktop\sparta代码修改流程\sparta-master\examples\python\dump.6May25.mpi_1.particle.pyvar
	    New File  		   15235	C:\Users\DELL\OneDrive\Desktop\sparta代码修改流程\sparta-master\examples\python\dump.6May25.mpi_4.grid.pyvar
	    New File  		   14113	C:\Users\DELL\OneDrive\Desktop\sparta代码修改流程\sparta-master\examples\python\dump.6May25.mpi_4.particle.pyvar
	    New File  		    1946	C:\Users\DELL\OneDrive\Desktop\sparta代码修改流程\sparta-master\examples\python\in.circle.pyvar
	    New File  		    5794	C:\Users\DELL\OneDrive\Desktop\sparta代码修改流程\sparta-master\examples\python\log.6May25.mpi_1.circle.pyvar
	    New File  		    5917	C:\Users\DELL\OneDrive\Desktop\sparta代码修改流程\sparta-master\examples\python\log.6May25.mpi_4.circle.pyvar
	    New File  		      33	C:\Users\DELL\OneDrive\Desktop\sparta代码修改流程\sparta-master\examples\python\truncate.py
	    New File  		     294	C:\Users\DELL\OneDrive\Desktop\sparta代码修改流程\sparta-master\examples\shock_tube\ar.species
	    New File  		     337	C:\Users\DELL\OneDrive\Desktop\sparta代码修改流程\sparta-master\examples\shock_tube\ar.vss
	    New File  		    1918	C:\Users\DELL\OneDrive\Desktop\sparta代码修改流程\sparta-master\examples\shock_tube\in.shocktube
	    New File  		   11243	C:\Users\DELL\OneDrive\Desktop\sparta代码修改流程\sparta-master\examples\shock_tube\log.11Sep23.mpi_1.shocktube
	    New File  		   11398	C:\Users\DELL\OneDrive\Desktop\sparta代码修改流程\sparta-master\examples\shock_tube\log.11Sep23.mpi_4.shocktube
	    New File  		     976	C:\Users\DELL\OneDrive\Desktop\sparta代码修改流程\sparta-master\examples\sphere\air.species
	    New File  		     475	C:\Users\DELL\OneDrive\Desktop\sparta代码修改流程\sparta-master\examples\sphere\air.vss
	    New File  		   46972	C:\Users\DELL\OneDrive\Desktop\sparta代码修改流程\sparta-master\examples\sphere\data.sphere
	    New File  		    1509	C:\Users\DELL\OneDrive\Desktop\sparta代码修改流程\sparta-master\examples\sphere\in.sphere
	    New File  		    1536	C:\Users\DELL\OneDrive\Desktop\sparta代码修改流程\sparta-master\examples\sphere\in.sphere.distributed
	    New File  		    5410	C:\Users\DELL\OneDrive\Desktop\sparta代码修改流程\sparta-master\examples\sphere\log.11Sep23.mpi_1.sphere
	    New File  		    5438	C:\Users\DELL\OneDrive\Desktop\sparta代码修改流程\sparta-master\examples\sphere\log.11Sep23.mpi_1.sphere.distributed
	    New File  		    5571	C:\Users\DELL\OneDrive\Desktop\sparta代码修改流程\sparta-master\examples\sphere\log.11Sep23.mpi_4.sphere
	    New File  		    5594	C:\Users\DELL\OneDrive\Desktop\sparta代码修改流程\sparta-master\examples\sphere\log.11Sep23.mpi_4.sphere.distributed
	    New File  		     976	C:\Users\DELL\OneDrive\Desktop\sparta代码修改流程\sparta-master\examples\step\air.species
	    New File  		     475	C:\Users\DELL\OneDrive\Desktop\sparta代码修改流程\sparta-master\examples\step\air.vss
	    New File  		     290	C:\Users\DELL\OneDrive\Desktop\sparta代码修改流程\sparta-master\examples\step\data.step
	    New File  		    1259	C:\Users\DELL\OneDrive\Desktop\sparta代码修改流程\sparta-master\examples\step\in.step
	    New File  		    5134	C:\Users\DELL\OneDrive\Desktop\sparta代码修改流程\sparta-master\examples\step\log.11Sep23.mpi_1.step
	    New File  		    5279	C:\Users\DELL\OneDrive\Desktop\sparta代码修改流程\sparta-master\examples\step\log.11Sep23.mpi_4.step
	    New File  		     976	C:\Users\DELL\OneDrive\Desktop\sparta代码修改流程\sparta-master\examples\spiky\air.species
	    New File  		     475	C:\Users\DELL\OneDrive\Desktop\sparta代码修改流程\sparta-master\examples\spiky\air.vss
	    New File  		    2202	C:\Users\DELL\OneDrive\Desktop\sparta代码修改流程\sparta-master\examples\spiky\data.spiky
	    New File  		    1278	C:\Users\DELL\OneDrive\Desktop\sparta代码修改流程\sparta-master\examples\spiky\in.spiky
	    New File  		    5162	C:\Users\DELL\OneDrive\Desktop\sparta代码修改流程\sparta-master\examples\spiky\log.11Sep23.mpi_1.spiky
	    New File  		    5312	C:\Users\DELL\OneDrive\Desktop\sparta代码修改流程\sparta-master\examples\spiky\log.11Sep23.mpi_4.spiky
	    New File  		     976	C:\Users\DELL\OneDrive\Desktop\sparta代码修改流程\sparta-master\examples\surf\air.species
	    New File  		     828	C:\Users\DELL\OneDrive\Desktop\sparta代码修改流程\sparta-master\examples\surf\air.vss
	    New File  		    1977	C:\Users\DELL\OneDrive\Desktop\sparta代码修改流程\sparta-master\examples\surf\data.circle
	    New File  		    1441	C:\Users\DELL\OneDrive\Desktop\sparta代码修改流程\sparta-master\examples\surf\in.surf.add
	    New File  		    1456	C:\Users\DELL\OneDrive\Desktop\sparta代码修改流程\sparta-master\examples\surf\in.surf.move
	    New File  		    1401	C:\Users\DELL\OneDrive\Desktop\sparta代码修改流程\sparta-master\examples\surf\in.surf.remove
	    New File  		    1417	C:\Users\DELL\OneDrive\Desktop\sparta代码修改流程\sparta-master\examples\surf\in.surf.rotate
	    New File  		    1640	C:\Users\DELL\OneDrive\Desktop\sparta代码修改流程\sparta-master\examples\surf\in.surf.slide
	    New File  		    9171	C:\Users\DELL\OneDrive\Desktop\sparta代码修改流程\sparta-master\examples\surf\log.02Jun23.mpi_1.surf.remove
	    New File  		    9360	C:\Users\DELL\OneDrive\Desktop\sparta代码修改流程\sparta-master\examples\surf\log.02Jun23.mpi_4.surf.remove
	    New File  		    8870	C:\Users\DELL\OneDrive\Desktop\sparta代码修改流程\sparta-master\examples\surf\log.11Sep23.mpi_1.surf.add
	    New File  		   16874	C:\Users\DELL\OneDrive\Desktop\sparta代码修改流程\sparta-master\examples\surf\log.11Sep23.mpi_1.surf.move
	    New File  		   11162	C:\Users\DELL\OneDrive\Desktop\sparta代码修改流程\sparta-master\examples\surf\log.11Sep23.mpi_1.surf.rotate
	    New File  		   12333	C:\Users\DELL\OneDrive\Desktop\sparta代码修改流程\sparta-master\examples\surf\log.11Sep23.mpi_1.surf.slide
	    New File  		    9062	C:\Users\DELL\OneDrive\Desktop\sparta代码修改流程\sparta-master\examples\surf\log.11Sep23.mpi_4.surf.add
	    New File  		   17145	C:\Users\DELL\OneDrive\Desktop\sparta代码修改流程\sparta-master\examples\surf\log.11Sep23.mpi_4.surf.move
	    New File  		   11388	C:\Users\DELL\OneDrive\Desktop\sparta代码修改流程\sparta-master\examples\surf\log.11Sep23.mpi_4.surf.rotate
	    New File  		   12573	C:\Users\DELL\OneDrive\Desktop\sparta代码修改流程\sparta-master\examples\surf\log.11Sep23.mpi_4.surf.slide
	    New File  		     976	C:\Users\DELL\OneDrive\Desktop\sparta代码修改流程\sparta-master\examples\surf_collide\air.species
	    New File  		     475	C:\Users\DELL\OneDrive\Desktop\sparta代码修改流程\sparta-master\examples\surf_collide\air.vss
	    New File  		     146	C:\Users\DELL\OneDrive\Desktop\sparta代码修改流程\sparta-master\examples\surf_collide\data.beam
	    New File  		    1977	C:\Users\DELL\OneDrive\Desktop\sparta代码修改流程\sparta-master\examples\surf_collide\data.circle
	    New File  		    1355	C:\Users\DELL\OneDrive\Desktop\sparta代码修改流程\sparta-master\examples\surf_collide\in.beam.adiabatic
	    New File  		    1385	C:\Users\DELL\OneDrive\Desktop\sparta代码修改流程\sparta-master\examples\surf_collide\in.beam.cll
	    New File  		    1361	C:\Users\DELL\OneDrive\Desktop\sparta代码修改流程\sparta-master\examples\surf_collide\in.beam.diffuse
	    New File  		    1482	C:\Users\DELL\OneDrive\Desktop\sparta代码修改流程\sparta-master\examples\surf_collide\in.beam.impulsive
	    New File  		    1354	C:\Users\DELL\OneDrive\Desktop\sparta代码修改流程\sparta-master\examples\surf_collide\in.beam.specular
	    New File  		    1539	C:\Users\DELL\OneDrive\Desktop\sparta代码修改流程\sparta-master\examples\surf_collide\in.beam.td
	    New File  		    1223	C:\Users\DELL\OneDrive\Desktop\sparta代码修改流程\sparta-master\examples\surf_collide\in.circle.adiabatic
	    New File  		    1250	C:\Users\DELL\OneDrive\Desktop\sparta代码修改流程\sparta-master\examples\surf_collide\in.circle.cll
	    New File  		    1231	C:\Users\DELL\OneDrive\Desktop\sparta代码修改流程\sparta-master\examples\surf_collide\in.circle.diffuse
	    New File  		    1328	C:\Users\DELL\OneDrive\Desktop\sparta代码修改流程\sparta-master\examples\surf_collide\in.circle.impulsive
	    New File  		    1222	C:\Users\DELL\OneDrive\Desktop\sparta代码修改流程\sparta-master\examples\surf_collide\in.circle.specular
	    New File  		    1406	C:\Users\DELL\OneDrive\Desktop\sparta代码修改流程\sparta-master\examples\surf_collide\in.circle.td
	    New File  		    4429	C:\Users\DELL\OneDrive\Desktop\sparta代码修改流程\sparta-master\examples\surf_collide\log.11Sep23.mpi_1.beam.adiabatic
	    New File  		    4462	C:\Users\DELL\OneDrive\Desktop\sparta代码修改流程\sparta-master\examples\surf_collide\log.11Sep23.mpi_1.beam.cll
	    New File  		    4439	C:\Users\DELL\OneDrive\Desktop\sparta代码修改流程\sparta-master\examples\surf_collide\log.11Sep23.mpi_1.beam.diffuse
	    New File  		    4546	C:\Users\DELL\OneDrive\Desktop\sparta代码修改流程\sparta-master\examples\surf_collide\log.11Sep23.mpi_1.beam.impulsive
	    New File  		    4432	C:\Users\DELL\OneDrive\Desktop\sparta代码修改流程\sparta-master\examples\surf_collide\log.11Sep23.mpi_1.beam.specular
	    New File  		    4595	C:\Users\DELL\OneDrive\Desktop\sparta代码修改流程\sparta-master\examples\surf_collide\log.11Sep23.mpi_1.beam.td
	    New File  		    5079	C:\Users\DELL\OneDrive\Desktop\sparta代码修改流程\sparta-master\examples\surf_collide\log.11Sep23.mpi_1.circle.adiabatic
	    New File  		    5105	C:\Users\DELL\OneDrive\Desktop\sparta代码修改流程\sparta-master\examples\surf_collide\log.11Sep23.mpi_1.circle.cll
	    New File  		    5083	C:\Users\DELL\OneDrive\Desktop\sparta代码修改流程\sparta-master\examples\surf_collide\log.11Sep23.mpi_1.circle.diffuse
	    New File  		    5179	C:\Users\DELL\OneDrive\Desktop\sparta代码修改流程\sparta-master\examples\surf_collide\log.11Sep23.mpi_1.circle.impulsive
	    New File  		    5080	C:\Users\DELL\OneDrive\Desktop\sparta代码修改流程\sparta-master\examples\surf_collide\log.11Sep23.mpi_1.circle.specular
	    New File  		    5257	C:\Users\DELL\OneDrive\Desktop\sparta代码修改流程\sparta-master\examples\surf_collide\log.11Sep23.mpi_1.circle.td
	    New File  		    4593	C:\Users\DELL\OneDrive\Desktop\sparta代码修改流程\sparta-master\examples\surf_collide\log.11Sep23.mpi_4.beam.adiabatic
	    New File  		    4618	C:\Users\DELL\OneDrive\Desktop\sparta代码修改流程\sparta-master\examples\surf_collide\log.11Sep23.mpi_4.beam.cll
	    New File  		    4600	C:\Users\DELL\OneDrive\Desktop\sparta代码修改流程\sparta-master\examples\surf_collide\log.11Sep23.mpi_4.beam.diffuse
	    New File  		    4680	C:\Users\DELL\OneDrive\Desktop\sparta代码修改流程\sparta-master\examples\surf_collide\log.11Sep23.mpi_4.beam.impulsive
	    New File  		    4591	C:\Users\DELL\OneDrive\Desktop\sparta代码修改流程\sparta-master\examples\surf_collide\log.11Sep23.mpi_4.beam.specular
	    New File  		    4732	C:\Users\DELL\OneDrive\Desktop\sparta代码修改流程\sparta-master\examples\surf_collide\log.11Sep23.mpi_4.beam.td
	    New File  		    5229	C:\Users\DELL\OneDrive\Desktop\sparta代码修改流程\sparta-master\examples\surf_collide\log.11Sep23.mpi_4.circle.adiabatic
	    New File  		    5261	C:\Users\DELL\OneDrive\Desktop\sparta代码修改流程\sparta-master\examples\surf_collide\log.11Sep23.mpi_4.circle.cll
	    New File  		    5242	C:\Users\DELL\OneDrive\Desktop\sparta代码修改流程\sparta-master\examples\surf_collide\log.11Sep23.mpi_4.circle.diffuse
	    New File  		    5334	C:\Users\DELL\OneDrive\Desktop\sparta代码修改流程\sparta-master\examples\surf_collide\log.11Sep23.mpi_4.circle.impulsive
	    New File  		    5232	C:\Users\DELL\OneDrive\Desktop\sparta代码修改流程\sparta-master\examples\surf_collide\log.11Sep23.mpi_4.circle.specular
	    New File  		    5416	C:\Users\DELL\OneDrive\Desktop\sparta代码修改流程\sparta-master\examples\surf_collide\log.11Sep23.mpi_4.circle.td
	    New File  		     976	C:\Users\DELL\OneDrive\Desktop\sparta代码修改流程\sparta-master\examples\surf_react_heatflux\air.species
	    New File  		     458	C:\Users\DELL\OneDrive\Desktop\sparta代码修改流程\sparta-master\examples\surf_react_heatflux\air.surf
	    New File  		    2955	C:\Users\DELL\OneDrive\Desktop\sparta代码修改流程\sparta-master\examples\surf_react_heatflux\air.tce
	    New File  		     828	C:\Users\DELL\OneDrive\Desktop\sparta代码修改流程\sparta-master\examples\surf_react_heatflux\air.vss
	    New File  		    1559	C:\Users\DELL\OneDrive\Desktop\sparta代码修改流程\sparta-master\examples\surf_react_heatflux\circle.surf
	    New File  		    4962	C:\Users\DELL\OneDrive\Desktop\sparta代码修改流程\sparta-master\examples\surf_react_heatflux\in.surf_react_heatflux
	    New File  		   11793	C:\Users\DELL\OneDrive\Desktop\sparta代码修改流程\sparta-master\examples\surf_react_heatflux\log.14Oct24.mpi_1.surf_react_heatflux
	    New File  		   11830	C:\Users\DELL\OneDrive\Desktop\sparta代码修改流程\sparta-master\examples\surf_react_heatflux\log.14Oct24.mpi_4.surf_react_heatflux
	    New File  		    1042	C:\Users\DELL\OneDrive\Desktop\sparta代码修改流程\sparta-master\examples\surf_react_adsorb\air.species
	    New File  		     304	C:\Users\DELL\OneDrive\Desktop\sparta代码修改流程\sparta-master\examples\surf_react_adsorb\base_plate.surf
	    New File  		     385	C:\Users\DELL\OneDrive\Desktop\sparta代码修改流程\sparta-master\examples\surf_react_adsorb\data.beam
	    New File  		    1977	C:\Users\DELL\OneDrive\Desktop\sparta代码修改流程\sparta-master\examples\surf_react_adsorb\data.circle
	    New File  		    2180	C:\Users\DELL\OneDrive\Desktop\sparta代码修改流程\sparta-master\examples\surf_react_adsorb\in.beam.face.gs
	    New File  		    2232	C:\Users\DELL\OneDrive\Desktop\sparta代码修改流程\sparta-master\examples\surf_react_adsorb\in.beam.face.gs_ps
	    New File  		    2180	C:\Users\DELL\OneDrive\Desktop\sparta代码修改流程\sparta-master\examples\surf_react_adsorb\in.beam.face.ps
	    New File  		    2342	C:\Users\DELL\OneDrive\Desktop\sparta代码修改流程\sparta-master\examples\surf_react_adsorb\in.beam.surf.gs
	    New File  		    2394	C:\Users\DELL\OneDrive\Desktop\sparta代码修改流程\sparta-master\examples\surf_react_adsorb\in.beam.surf.gs_ps
	    New File  		    2342	C:\Users\DELL\OneDrive\Desktop\sparta代码修改流程\sparta-master\examples\surf_react_adsorb\in.beam.surf.ps
	    New File  		    1855	C:\Users\DELL\OneDrive\Desktop\sparta代码修改流程\sparta-master\examples\surf_react_adsorb\in.circle.gs
	    New File  		    1907	C:\Users\DELL\OneDrive\Desktop\sparta代码修改流程\sparta-master\examples\surf_react_adsorb\in.circle.gs_ps
	    New File  		    1855	C:\Users\DELL\OneDrive\Desktop\sparta代码修改流程\sparta-master\examples\surf_react_adsorb\in.circle.ps
	    New File  		     122	C:\Users\DELL\OneDrive\Desktop\sparta代码修改流程\sparta-master\examples\surf_react_adsorb\sample-GS_1.surf
	    New File  		     691	C:\Users\DELL\OneDrive\Desktop\sparta代码修改流程\sparta-master\examples\surf_react_adsorb\sample-GS_2.surf
	    New File  		     143	C:\Users\DELL\OneDrive\Desktop\sparta代码修改流程\sparta-master\examples\surf_react_adsorb\sample-PS_1.surf
	    New File  		     417	C:\Users\DELL\OneDrive\Desktop\sparta代码修改流程\sparta-master\examples\surf_react_adsorb\sample-PS_2.surf
	    New File  		   2.4 m	C:\Users\DELL\OneDrive\Desktop\sparta代码修改流程\sparta-master\examples\surf_react_adsorb\spa_mpi
	    New File  		      25	C:\Users\DELL\OneDrive\Desktop\sparta代码修改流程\sparta-master\examples\surf_react_adsorb\spa_mpi?Zone.Identifier
	    New File  		     976	C:\Users\DELL\OneDrive\Desktop\sparta代码修改流程\sparta-master\examples\tally_computes\air.species
	    New File  		    1042	C:\Users\DELL\OneDrive\Desktop\sparta代码修改流程\sparta-master\examples\tally_computes\air.species.adsorb
	    New File  		    2955	C:\Users\DELL\OneDrive\Desktop\sparta代码修改流程\sparta-master\examples\tally_computes\air.tce
	    New File  		     475	C:\Users\DELL\OneDrive\Desktop\sparta代码修改流程\sparta-master\examples\tally_computes\air.vss
	    New File  		     203	C:\Users\DELL\OneDrive\Desktop\sparta代码修改流程\sparta-master\examples\tally_computes\ar.species
	    New File  		     122	C:\Users\DELL\OneDrive\Desktop\sparta代码修改流程\sparta-master\examples\tally_computes\ar.vss
	    New File  		    1977	C:\Users\DELL\OneDrive\Desktop\sparta代码修改流程\sparta-master\examples\tally_computes\data.circle
	    New File  		  178335	C:\Users\DELL\OneDrive\Desktop\sparta代码修改流程\sparta-master\examples\tally_computes\dump.8May2024.mpi_1.gas.collision.tally
	    New File  		    5615	C:\Users\DELL\OneDrive\Desktop\sparta代码修改流程\sparta-master\examples\tally_computes\dump.8May2024.mpi_1.gas.reaction.tally
	    New File  		   83456	C:\Users\DELL\OneDrive\Desktop\sparta代码修改流程\sparta-master\examples\tally_computes\dump.8May2024.mpi_1.surf.collision.tally
	    New File  		    8516	C:\Users\DELL\OneDrive\Desktop\sparta代码修改流程\sparta-master\examples\tally_computes\dump.8May2024.mpi_1.surf.reaction.tally
	    New File  		  176724	C:\Users\DELL\OneDrive\Desktop\sparta代码修改流程\sparta-master\examples\tally_computes\dump.8May2024.mpi_4.gas.collision.tally
	    New File  		    5012	C:\Users\DELL\OneDrive\Desktop\sparta代码修改流程\sparta-master\examples\tally_computes\dump.8May2024.mpi_4.gas.reaction.tally
	    New File  		   83302	C:\Users\DELL\OneDrive\Desktop\sparta代码修改流程\sparta-master\examples\tally_computes\dump.8May2024.mpi_4.surf.collision.tally
	    New File  		    9244	C:\Users\DELL\OneDrive\Desktop\sparta代码修改流程\sparta-master\examples\tally_computes\dump.8May2024.mpi_4.surf.reaction.tally
	    New File  		    1623	C:\Users\DELL\OneDrive\Desktop\sparta代码修改流程\sparta-master\examples\tally_computes\in.gas.collision.tally
	    New File  		    1722	C:\Users\DELL\OneDrive\Desktop\sparta代码修改流程\sparta-master\examples\tally_computes\in.gas.reaction.tally
	    New File  		    1405	C:\Users\DELL\OneDrive\Desktop\sparta代码修改流程\sparta-master\examples\tally_computes\in.surf.collision.tally
	    New File  		    2135	C:\Users\DELL\OneDrive\Desktop\sparta代码修改流程\sparta-master\examples\tally_computes\in.surf.reaction.tally
	    New File  		    4727	C:\Users\DELL\OneDrive\Desktop\sparta代码修改流程\sparta-master\examples\tally_computes\log.8May2024.mpi_1.gas.collision.tally
	    New File  		    5079	C:\Users\DELL\OneDrive\Desktop\sparta代码修改流程\sparta-master\examples\tally_computes\log.8May2024.mpi_1.gas.reaction.tally
	    New File  		    5248	C:\Users\DELL\OneDrive\Desktop\sparta代码修改流程\sparta-master\examples\tally_computes\log.8May2024.mpi_1.surf.collision.tally
	    New File  		    9029	C:\Users\DELL\OneDrive\Desktop\sparta代码修改流程\sparta-master\examples\tally_computes\log.8May2024.mpi_1.surf.reaction.tally
	    New File  		    4855	C:\Users\DELL\OneDrive\Desktop\sparta代码修改流程\sparta-master\examples\tally_computes\log.8May2024.mpi_4.gas.collision.tally
	    New File  		    5207	C:\Users\DELL\OneDrive\Desktop\sparta代码修改流程\sparta-master\examples\tally_computes\log.8May2024.mpi_4.gas.reaction.tally
	    New File  		    5377	C:\Users\DELL\OneDrive\Desktop\sparta代码修改流程\sparta-master\examples\tally_computes\log.8May2024.mpi_4.surf.collision.tally
	    New File  		    9153	C:\Users\DELL\OneDrive\Desktop\sparta代码修改流程\sparta-master\examples\tally_computes\log.8May2024.mpi_4.surf.reaction.tally
	    New File  		     713	C:\Users\DELL\OneDrive\Desktop\sparta代码修改流程\sparta-master\examples\tally_computes\README
	    New File  		     691	C:\Users\DELL\OneDrive\Desktop\sparta代码修改流程\sparta-master\examples\tally_computes\sample-GS_2.surf
	    New File  		     976	C:\Users\DELL\OneDrive\Desktop\sparta代码修改流程\sparta-master\examples\torque\air.species
	    New File  		     203	C:\Users\DELL\OneDrive\Desktop\sparta代码修改流程\sparta-master\examples\thermostat\ar.species
	    New File  		    2955	C:\Users\DELL\OneDrive\Desktop\sparta代码修改流程\sparta-master\examples\torque\air.tce
	    New File  		     122	C:\Users\DELL\OneDrive\Desktop\sparta代码修改流程\sparta-master\examples\thermostat\ar.vss
	    New File  		     828	C:\Users\DELL\OneDrive\Desktop\sparta代码修改流程\sparta-master\examples\torque\air.vss
	    New File  		    1360	C:\Users\DELL\OneDrive\Desktop\sparta代码修改流程\sparta-master\examples\thermostat\in.thermostat
	    New File  		    5578	C:\Users\DELL\OneDrive\Desktop\sparta代码修改流程\sparta-master\examples\torque\in.torque
	    New File  		    1376	C:\Users\DELL\OneDrive\Desktop\sparta代码修改流程\sparta-master\examples\thermostat\in.thermostat_ave
	    New File  		    9487	C:\Users\DELL\OneDrive\Desktop\sparta代码修改流程\sparta-master\examples\torque\log.13Nov24.mpi_1.torque
	    New File  		    7494	C:\Users\DELL\OneDrive\Desktop\sparta代码修改流程\sparta-master\examples\thermostat\log.11Sep23.mpi_1.thermostat
	    New File  		    9645	C:\Users\DELL\OneDrive\Desktop\sparta代码修改流程\sparta-master\examples\torque\log.13Nov24.mpi_4.torque
	    New File  		    7512	C:\Users\DELL\OneDrive\Desktop\sparta代码修改流程\sparta-master\examples\thermostat\log.11Sep23.mpi_1.thermostat_ave
	    New File  		     505	C:\Users\DELL\OneDrive\Desktop\sparta代码修改流程\sparta-master\examples\torque\sdata.cube
	    New File  		    7683	C:\Users\DELL\OneDrive\Desktop\sparta代码修改流程\sparta-master\examples\thermostat\log.11Sep23.mpi_4.thermostat
	    New File  		  122567	C:\Users\DELL\OneDrive\Desktop\sparta代码修改流程\sparta-master\examples\torque\sdata.cube512
	    New File  		    7699	C:\Users\DELL\OneDrive\Desktop\sparta代码修改流程\sparta-master\examples\thermostat\log.11Sep23.mpi_4.thermostat_ave
	    New File  		     279	C:\Users\DELL\OneDrive\Desktop\sparta代码修改流程\sparta-master\examples\vibrate\co2.species
	    New File  		     203	C:\Users\DELL\OneDrive\Desktop\sparta代码修改流程\sparta-master\examples\variable_timestep\ar.species
	    New File  		      63	C:\Users\DELL\OneDrive\Desktop\sparta代码修改流程\sparta-master\examples\vibrate\co2.species.vib
	    New File  		     330	C:\Users\DELL\OneDrive\Desktop\sparta代码修改流程\sparta-master\examples\vibrate\co2.vss
	    New File  		     122	C:\Users\DELL\OneDrive\Desktop\sparta代码修改流程\sparta-master\examples\variable_timestep\ar.vss
	    New File  		    1425	C:\Users\DELL\OneDrive\Desktop\sparta代码修改流程\sparta-master\examples\variable_timestep\in.variable_dt
	    New File  		    4698	C:\Users\DELL\OneDrive\Desktop\sparta代码修改流程\sparta-master\examples\variable_timestep\log.14Nov24.mpi_1.variable_dt
	    New File  		    4881	C:\Users\DELL\OneDrive\Desktop\sparta代码修改流程\sparta-master\examples\variable_timestep\log.14Nov24.mpi_4.variable_dt
	    New File  		    1656	C:\Users\DELL\OneDrive\Desktop\sparta代码修改流程\sparta-master\examples\vibrate\in.vibrate
	    New File  		    5217	C:\Users\DELL\OneDrive\Desktop\sparta代码修改流程\sparta-master\examples\vibrate\log.12Jul24.mpi_1.vibrate
	    New File  		    5226	C:\Users\DELL\OneDrive\Desktop\sparta代码修改流程\sparta-master\examples\vibrate\log.12Jul24.mpi_4.vibrate
	    New File  		     203	C:\Users\DELL\OneDrive\Desktop\sparta代码修改流程\sparta-master\python\examples\ar.species
	    New File  		     122	C:\Users\DELL\OneDrive\Desktop\sparta代码修改流程\sparta-master\python\examples\ar.vss
	    New File  		    1292	C:\Users\DELL\OneDrive\Desktop\sparta代码修改流程\sparta-master\python\examples\demo.py
	    New File  		     956	C:\Users\DELL\OneDrive\Desktop\sparta代码修改流程\sparta-master\python\examples\in.demo
	    New File  		     886	C:\Users\DELL\OneDrive\Desktop\sparta代码修改流程\sparta-master\python\examples\in.trivial
	    New File  		     797	C:\Users\DELL\OneDrive\Desktop\sparta代码修改流程\sparta-master\python\examples\trivial.py
	    New File  		  216331	C:\Users\DELL\OneDrive\Desktop\sparta代码修改流程\sparta-master\lib\kokkos\CHANGELOG.md
	    New File  		    1676	C:\Users\DELL\OneDrive\Desktop\sparta代码修改流程\sparta-master\lib\kokkos\CITATION.cff
	    New File  		   11554	C:\Users\DELL\OneDrive\Desktop\sparta代码修改流程\sparta-master\lib\kokkos\CMakeLists.txt
	    New File  		     727	C:\Users\DELL\OneDrive\Desktop\sparta代码修改流程\sparta-master\lib\kokkos\CONTRIBUTING.md
	    New File  		     331	C:\Users\DELL\OneDrive\Desktop\sparta代码修改流程\sparta-master\lib\kokkos\Copyright.txt
	    New File  		     175	C:\Users\DELL\OneDrive\Desktop\sparta代码修改流程\sparta-master\lib\kokkos\CTestConfig.cmake
	    New File  		   19309	C:\Users\DELL\OneDrive\Desktop\sparta代码修改流程\sparta-master\lib\kokkos\generate_makefile.bash
	    New File  		   17547	C:\Users\DELL\OneDrive\Desktop\sparta代码修改流程\sparta-master\lib\kokkos\gnu_generate_makefile.bash
	    New File  		   12887	C:\Users\DELL\OneDrive\Desktop\sparta代码修改流程\sparta-master\lib\kokkos\LICENSE
	    New File  		     568	C:\Users\DELL\OneDrive\Desktop\sparta代码修改流程\sparta-master\lib\kokkos\LICENSE_FILE_HEADER
	    New File  		   80625	C:\Users\DELL\OneDrive\Desktop\sparta代码修改流程\sparta-master\lib\kokkos\Makefile.kokkos
	    New File  		   10635	C:\Users\DELL\OneDrive\Desktop\sparta代码修改流程\sparta-master\lib\kokkos\Makefile.targets
	    New File  		    3614	C:\Users\DELL\OneDrive\Desktop\sparta代码修改流程\sparta-master\lib\kokkos\master_history.txt
	    New File  		    4232	C:\Users\DELL\OneDrive\Desktop\sparta代码修改流程\sparta-master\lib\kokkos\README.md
	    New File  		     575	C:\Users\DELL\OneDrive\Desktop\sparta代码修改流程\sparta-master\lib\kokkos\SECURITY.md
	    New File  		   12825	C:\Users\DELL\OneDrive\Desktop\sparta代码修改流程\sparta-master\lib\kokkos\Spack.md
	    New File  		     631	C:\Users\DELL\OneDrive\Desktop\sparta代码修改流程\sparta-master\lib\python\Makefile.sparta
	    New File  		     684	C:\Users\DELL\OneDrive\Desktop\sparta代码修改流程\sparta-master\lib\python\Makefile.sparta.python3
	    New File  		     311	C:\Users\DELL\OneDrive\Desktop\sparta代码修改流程\sparta-master\lib\python\Makefile.sparta.python3.13
	    New File  		    2710	C:\Users\DELL\OneDrive\Desktop\sparta代码修改流程\sparta-master\lib\python\README
	    New File  		    2625	C:\Users\DELL\OneDrive\Desktop\sparta代码修改流程\sparta-master\doc\Eqs\arrhenius.jpg
	    New File  		     102	C:\Users\DELL\OneDrive\Desktop\sparta代码修改流程\sparta-master\doc\Eqs\arrhenius.tex
	    New File  		    4731	C:\Users\DELL\OneDrive\Desktop\sparta代码修改流程\sparta-master\doc\Eqs\arrhenius_2.png
	    New File  		     111	C:\Users\DELL\OneDrive\Desktop\sparta代码修改流程\sparta-master\doc\Eqs\arrhenius_2.tex
	    New File  		   29181	C:\Users\DELL\OneDrive\Desktop\sparta代码修改流程\sparta-master\doc\Eqs\cell_timestep.jpg
	    New File  		     234	C:\Users\DELL\OneDrive\Desktop\sparta代码修改流程\sparta-master\doc\Eqs\cell_timestep.tex
	    New File  		    2885	C:\Users\DELL\OneDrive\Desktop\sparta代码修改流程\sparta-master\doc\Eqs\diffuse_normal.jpg
	    New File  		     104	C:\Users\DELL\OneDrive\Desktop\sparta代码修改流程\sparta-master\doc\Eqs\diffuse_normal.tex
	    New File  		   82735	C:\Users\DELL\OneDrive\Desktop\sparta代码修改流程\sparta-master\doc\Eqs\GS_list.png
	    New File  		    1425	C:\Users\DELL\OneDrive\Desktop\sparta代码修改流程\sparta-master\doc\Eqs\GS_list.tex
	    New File  		   18286	C:\Users\DELL\OneDrive\Desktop\sparta代码修改流程\sparta-master\doc\Eqs\impulsive_phi.JPG
	    New File  		     124	C:\Users\DELL\OneDrive\Desktop\sparta代码修改流程\sparta-master\doc\Eqs\impulsive_phi.tex
	    New File  		   37622	C:\Users\DELL\OneDrive\Desktop\sparta代码修改流程\sparta-master\doc\Eqs\impulsive_softsphere.JPG
	    New File  		     330	C:\Users\DELL\OneDrive\Desktop\sparta代码修改流程\sparta-master\doc\Eqs\impulsive_softsphere.tex
	    New File  		   26180	C:\Users\DELL\OneDrive\Desktop\sparta代码修改流程\sparta-master\doc\Eqs\impulsive_step.JPG
	    New File  		     278	C:\Users\DELL\OneDrive\Desktop\sparta代码修改流程\sparta-master\doc\Eqs\impulsive_step.tex
	    New File  		   14549	C:\Users\DELL\OneDrive\Desktop\sparta代码修改流程\sparta-master\doc\Eqs\impulsive_tempvar.JPG
	    New File  		      99	C:\Users\DELL\OneDrive\Desktop\sparta代码修改流程\sparta-master\doc\Eqs\impulsive_tempvar.tex
	    New File  		   15930	C:\Users\DELL\OneDrive\Desktop\sparta代码修改流程\sparta-master\doc\Eqs\impulsive_theta.JPG
	    New File  		     121	C:\Users\DELL\OneDrive\Desktop\sparta代码修改流程\sparta-master\doc\Eqs\impulsive_theta.tex
	    New File  		   31241	C:\Users\DELL\OneDrive\Desktop\sparta代码修改流程\sparta-master\doc\Eqs\impulsive_u0.JPG
	    New File  		     164	C:\Users\DELL\OneDrive\Desktop\sparta代码修改流程\sparta-master\doc\Eqs\impulsive_u0.tex
	    New File  		    5964	C:\Users\DELL\OneDrive\Desktop\sparta代码修改流程\sparta-master\doc\Eqs\k_energy.png
	    New File  		     152	C:\Users\DELL\OneDrive\Desktop\sparta代码修改流程\sparta-master\doc\Eqs\k_energy.tex
	    New File  		   12202	C:\Users\DELL\OneDrive\Desktop\sparta代码修改流程\sparta-master\doc\Eqs\k_kisliuk.png
	    New File  		     190	C:\Users\DELL\OneDrive\Desktop\sparta代码修改流程\sparta-master\doc\Eqs\k_kisliuk.tex
	    New File  		   21182	C:\Users\DELL\OneDrive\Desktop\sparta代码修改流程\sparta-master\doc\Eqs\lambda.png
	    New File  		     312	C:\Users\DELL\OneDrive\Desktop\sparta代码修改流程\sparta-master\doc\Eqs\lambda.tex
	    New File  		    4277	C:\Users\DELL\OneDrive\Desktop\sparta代码修改流程\sparta-master\doc\Eqs\lambda_old.jpg
	    New File  		   49896	C:\Users\DELL\OneDrive\Desktop\sparta代码修改流程\sparta-master\doc\Eqs\PS_list.png
	    New File  		     981	C:\Users\DELL\OneDrive\Desktop\sparta代码修改流程\sparta-master\doc\Eqs\PS_list.tex
	    New File  		    3278	C:\Users\DELL\OneDrive\Desktop\sparta代码修改流程\sparta-master\doc\Eqs\qk_dissociation.jpg
	    New File  		     118	C:\Users\DELL\OneDrive\Desktop\sparta代码修改流程\sparta-master\doc\Eqs\qk_dissociation.tex
	    New File  		    2871	C:\Users\DELL\OneDrive\Desktop\sparta代码修改流程\sparta-master\doc\Eqs\qk_exchange.jpg
	    New File  		     102	C:\Users\DELL\OneDrive\Desktop\sparta代码修改流程\sparta-master\doc\Eqs\qk_exchange.tex
	    New File  		   67503	C:\Users\DELL\OneDrive\Desktop\sparta代码修改流程\sparta-master\doc\Eqs\tau.jpg
	    New File  		   23434	C:\Users\DELL\OneDrive\Desktop\sparta代码修改流程\sparta-master\doc\Eqs\tau.png
	    New File  		     323	C:\Users\DELL\OneDrive\Desktop\sparta代码修改流程\sparta-master\doc\Eqs\tau.tex
	    New File  		   28943	C:\Users\DELL\OneDrive\Desktop\sparta代码修改流程\sparta-master\doc\Eqs\td_barrier_dist.JPG
	    New File  		     199	C:\Users\DELL\OneDrive\Desktop\sparta代码修改流程\sparta-master\doc\Eqs\td_barrier_dist.tex
	    New File  		   25080	C:\Users\DELL\OneDrive\Desktop\sparta代码修改流程\sparta-master\doc\Eqs\td_barrier_Tnorm.JPG
	    New File  		     135	C:\Users\DELL\OneDrive\Desktop\sparta代码修改流程\sparta-master\doc\Eqs\td_barrier_Tnorm.tex
	    New File  		   17815	C:\Users\DELL\OneDrive\Desktop\sparta代码修改流程\sparta-master\doc\Eqs\td_bond.JPG
	    New File  		     110	C:\Users\DELL\OneDrive\Desktop\sparta代码修改流程\sparta-master\doc\Eqs\td_bond.tex
	    New File  		   18507	C:\Users\DELL\OneDrive\Desktop\sparta代码修改流程\sparta-master\doc\Eqs\td_initenergy.JPG
	    New File  		     112	C:\Users\DELL\OneDrive\Desktop\sparta代码修改流程\sparta-master\doc\Eqs\td_initenergy.tex
	    New File  		    4207	C:\Users\DELL\OneDrive\Desktop\sparta代码修改流程\sparta-master\doc\Eqs\time_counter.png
	    New File  		     118	C:\Users\DELL\OneDrive\Desktop\sparta代码修改流程\sparta-master\doc\Eqs\time_counter.tex
	    New File  		  531042	C:\Users\DELL\OneDrive\Desktop\sparta代码修改流程\sparta-master\doc\JPG\adapt_2d.jpg
	    New File  		   25038	C:\Users\DELL\OneDrive\Desktop\sparta代码修改流程\sparta-master\doc\JPG\adapt_2d_small.jpg
	    New File  		   71601	C:\Users\DELL\OneDrive\Desktop\sparta代码修改流程\sparta-master\doc\JPG\adapt_3d.jpg
	    New File  		    6132	C:\Users\DELL\OneDrive\Desktop\sparta代码修改流程\sparta-master\doc\JPG\adapt_3d_small.jpg
	    New File  		  233925	C:\Users\DELL\OneDrive\Desktop\sparta代码修改流程\sparta-master\doc\JPG\adapt_surf.jpg
	    New File  		    4608	C:\Users\DELL\OneDrive\Desktop\sparta代码修改流程\sparta-master\doc\JPG\adapt_surf_small.jpg
	    New File  		   91507	C:\Users\DELL\OneDrive\Desktop\sparta代码修改流程\sparta-master\doc\JPG\density_variation.jpg
	    New File  		    5774	C:\Users\DELL\OneDrive\Desktop\sparta代码修改流程\sparta-master\doc\JPG\density_variation_small.jpg
	    New File  		    8587	C:\Users\DELL\OneDrive\Desktop\sparta代码修改流程\sparta-master\doc\JPG\implicit_bend.png
	    New File  		    4845	C:\Users\DELL\OneDrive\Desktop\sparta代码修改流程\sparta-master\doc\JPG\implicit_bend_small.png
	    New File  		    5988	C:\Users\DELL\OneDrive\Desktop\sparta代码修改流程\sparta-master\doc\JPG\implicit_bend_uneven.png
	    New File  		    3877	C:\Users\DELL\OneDrive\Desktop\sparta代码修改流程\sparta-master\doc\JPG\implicit_bend_uneven_small.png
	    New File  		  680840	C:\Users\DELL\OneDrive\Desktop\sparta代码修改流程\sparta-master\doc\JPG\implicit_circle.png
	    New File  		   87601	C:\Users\DELL\OneDrive\Desktop\sparta代码修改流程\sparta-master\doc\JPG\implicit_circle_small.png
	    New File  		  231721	C:\Users\DELL\OneDrive\Desktop\sparta代码修改流程\sparta-master\doc\JPG\implicit_cone.png
	    New File  		   15395	C:\Users\DELL\OneDrive\Desktop\sparta代码修改流程\sparta-master\doc\JPG\implicit_cone_small.png
	    New File  		    6314	C:\Users\DELL\OneDrive\Desktop\sparta代码修改流程\sparta-master\doc\JPG\implicit_corner.png
	    New File  		    3485	C:\Users\DELL\OneDrive\Desktop\sparta代码修改流程\sparta-master\doc\JPG\implicit_corner_small.png
	    New File  		  681092	C:\Users\DELL\OneDrive\Desktop\sparta代码修改流程\sparta-master\doc\JPG\implicit_eggcarton.png
	    New File  		   41762	C:\Users\DELL\OneDrive\Desktop\sparta代码修改流程\sparta-master\doc\JPG\implicit_eggcarton_small.png
	    New File  		   23054	C:\Users\DELL\OneDrive\Desktop\sparta代码修改流程\sparta-master\doc\JPG\implicit_pointy.png
	    New File  		    6138	C:\Users\DELL\OneDrive\Desktop\sparta代码修改流程\sparta-master\doc\JPG\implicit_pointy_small.png
	    New File  		  669870	C:\Users\DELL\OneDrive\Desktop\sparta代码修改流程\sparta-master\doc\JPG\mix_sine.jpg
	    New File  		   67426	C:\Users\DELL\OneDrive\Desktop\sparta代码修改流程\sparta-master\doc\JPG\mix_sine_small.jpg
	    New File  		   16571	C:\Users\DELL\OneDrive\Desktop\sparta代码修改流程\sparta-master\doc\JPG\multipoint_decrement.png
	    New File  		   20373	C:\Users\DELL\OneDrive\Desktop\sparta代码修改流程\sparta-master\doc\JPG\multipoint_decrement_small.png
	    New File  		   35848	C:\Users\DELL\OneDrive\Desktop\sparta代码修改流程\sparta-master\doc\JPG\multivalues.png
	    New File  		   15376	C:\Users\DELL\OneDrive\Desktop\sparta代码修改流程\sparta-master\doc\JPG\multivalues_small.png
	    New File  		   21388	C:\Users\DELL\OneDrive\Desktop\sparta代码修改流程\sparta-master\doc\JPG\multi_single_ablation_small.png
	    New File  		   73359	C:\Users\DELL\OneDrive\Desktop\sparta代码修改流程\sparta-master\doc\JPG\partition.jpg
	    New File  		   30838	C:\Users\DELL\OneDrive\Desktop\sparta代码修改流程\sparta-master\doc\JPG\partition_small.jpg
	    New File  		   14145	C:\Users\DELL\OneDrive\Desktop\sparta代码修改流程\sparta-master\doc\JPG\partition_zoom.jpg
	    New File  		   15707	C:\Users\DELL\OneDrive\Desktop\sparta代码修改流程\sparta-master\doc\JPG\partition_zoom_cutoff.jpg
	    New File  		  324701	C:\Users\DELL\OneDrive\Desktop\sparta代码修改流程\sparta-master\doc\JPG\porous2d_ablated.png
	    New File  		  117729	C:\Users\DELL\OneDrive\Desktop\sparta代码修改流程\sparta-master\doc\JPG\porous2d_ablated_small.png
	    New File  		  177389	C:\Users\DELL\OneDrive\Desktop\sparta代码修改流程\sparta-master\doc\JPG\porous2d_initial.png
	    New File  		   69505	C:\Users\DELL\OneDrive\Desktop\sparta代码修改流程\sparta-master\doc\JPG\porous2d_initial_small.png
	    New File  		  475161	C:\Users\DELL\OneDrive\Desktop\sparta代码修改流程\sparta-master\doc\JPG\porous3d_ablated.png
	    New File  		   26784	C:\Users\DELL\OneDrive\Desktop\sparta代码修改流程\sparta-master\doc\JPG\porous3d_ablated_small.png
	    New File  		  680884	C:\Users\DELL\OneDrive\Desktop\sparta代码修改流程\sparta-master\doc\JPG\porous3d_initial.png
	    New File  		   35017	C:\Users\DELL\OneDrive\Desktop\sparta代码修改流程\sparta-master\doc\JPG\porous3d_initial_small.png
	    New File  		   47088	C:\Users\DELL\OneDrive\Desktop\sparta代码修改流程\sparta-master\doc\JPG\refine_grid.jpg
	    New File  		   95673	C:\Users\DELL\OneDrive\Desktop\sparta代码修改流程\sparta-master\doc\JPG\shuttle.jpg
	    New File  		   21036	C:\Users\DELL\OneDrive\Desktop\sparta代码修改流程\sparta-master\doc\JPG\shuttle_small.jpg
	    New File  		  146888	C:\Users\DELL\OneDrive\Desktop\sparta代码修改流程\sparta-master\doc\JPG\species_variation.jpg
	    New File  		    6752	C:\Users\DELL\OneDrive\Desktop\sparta代码修改流程\sparta-master\doc\JPG\species_variation_small.jpg
	    New File  		  297702	C:\Users\DELL\OneDrive\Desktop\sparta代码修改流程\sparta-master\doc\JPG\sphere_image.jpg
	    New File  		    6852	C:\Users\DELL\OneDrive\Desktop\sparta代码修改流程\sparta-master\doc\JPG\sphere_image_small.jpg
	    New File  		   19409	C:\Users\DELL\OneDrive\Desktop\sparta代码修改流程\sparta-master\doc\JPG\split.jpg
	    New File  		   8.0 m	C:\Users\DELL\OneDrive\Desktop\sparta代码修改流程\sparta-master\doc\JPG\velocity_variation.gif
	    New File  		    6693	C:\Users\DELL\OneDrive\Desktop\sparta代码修改流程\sparta-master\doc\JPG\velocity_variation_small.jpg
	    Newer     		       0	C:\Users\DELL\OneDrive\Desktop\sparta代码修改流程\sparta-master\tools\testing\olog.py
	    New File  		    7334	C:\Users\DELL\OneDrive\Desktop\sparta代码修改流程\sparta-master\tools\testing\paraview_regression.py
	    New File  		    1898	C:\Users\DELL\OneDrive\Desktop\sparta代码修改流程\sparta-master\tools\testing\rebless.sh
	    New File  		   21095	C:\Users\DELL\OneDrive\Desktop\sparta代码修改流程\sparta-master\tools\testing\regression.py
	    New File  		    2393	C:\Users\DELL\OneDrive\Desktop\sparta代码修改流程\sparta-master\tools\paraview\CMakeLists.txt
	    New File  		    6322	C:\Users\DELL\OneDrive\Desktop\sparta代码修改流程\sparta-master\tools\pizza\cfg.py
	    New File  		    1289	C:\Users\DELL\OneDrive\Desktop\sparta代码修改流程\sparta-master\tools\paraview\coprocessor.py
	    New File  		   56094	C:\Users\DELL\OneDrive\Desktop\sparta代码修改流程\sparta-master\tools\paraview\grid2paraview.py
	    New File  		    1268	C:\Users\DELL\OneDrive\Desktop\sparta代码修改流程\sparta-master\tools\pizza\cut2d.py
	    New File  		   21774	C:\Users\DELL\OneDrive\Desktop\sparta代码修改流程\sparta-master\tools\paraview\grid2paraview_cells.py
	    New File  		    1760	C:\Users\DELL\OneDrive\Desktop\sparta代码修改流程\sparta-master\tools\pizza\cut3d.py
	    New File  		    2399	C:\Users\DELL\OneDrive\Desktop\sparta代码修改流程\sparta-master\tools\paraview\grid2paraview_unit_test.py
	    New File  		    3365	C:\Users\DELL\OneDrive\Desktop\sparta代码修改流程\sparta-master\tools\pizza\DEFAULTS.py
	    New File  		    6326	C:\Users\DELL\OneDrive\Desktop\sparta代码修改流程\sparta-master\tools\paraview\parallel_bucket_sort.py
	    New File  		   44172	C:\Users\DELL\OneDrive\Desktop\sparta代码修改流程\sparta-master\tools\pizza\dump.py
	    New File  		    4949	C:\Users\DELL\OneDrive\Desktop\sparta代码修改流程\sparta-master\tools\paraview\parallel_bucket_sort_unit_test.py
	    New File  		    2287	C:\Users\DELL\OneDrive\Desktop\sparta代码修改流程\sparta-master\tools\paraview\sort_sparta_grid_file.py
	    New File  		   12611	C:\Users\DELL\OneDrive\Desktop\sparta代码修改流程\sparta-master\tools\pizza\gnu.py
	    New File  		   11758	C:\Users\DELL\OneDrive\Desktop\sparta代码修改流程\sparta-master\tools\paraview\surf2paraview.py
	    New File  		    8669	C:\Users\DELL\OneDrive\Desktop\sparta代码修改流程\sparta-master\tools\pizza\olog.py
	    New File  		   51690	C:\Users\DELL\OneDrive\Desktop\sparta代码修改流程\sparta-master\tools\pizza\sdata.py
	    New File  		    1342	C:\Users\DELL\OneDrive\Desktop\sparta代码修改流程\sparta-master\tools\paraview\surf2paraview_unit_test.py
	    New File  		    3372	C:\Users\DELL\OneDrive\Desktop\sparta代码修改流程\sparta-master\tools\pizza\xyz.py
	    New File  		    1493	C:\Users\DELL\OneDrive\Desktop\sparta代码修改流程\sparta-master\src\FFT\CMakeLists.txt
	    New File  		   29450	C:\Users\DELL\OneDrive\Desktop\sparta代码修改流程\sparta-master\src\FFT\compute_fft_grid.cpp
	    New File  		    3905	C:\Users\DELL\OneDrive\Desktop\sparta代码修改流程\sparta-master\src\FFT\compute_fft_grid.h
	    New File  		   19368	C:\Users\DELL\OneDrive\Desktop\sparta代码修改流程\sparta-master\src\FFT\fft2d.cpp
	    New File  		    2610	C:\Users\DELL\OneDrive\Desktop\sparta代码修改流程\sparta-master\src\FFT\fft2d.h
	    New File  		    1926	C:\Users\DELL\OneDrive\Desktop\sparta代码修改流程\sparta-master\src\FFT\fft2d_wrap.cpp
	    New File  		    1393	C:\Users\DELL\OneDrive\Desktop\sparta代码修改流程\sparta-master\src\FFT\fft2d_wrap.h
	    New File  		   25863	C:\Users\DELL\OneDrive\Desktop\sparta代码修改流程\sparta-master\src\FFT\fft3d.cpp
	    New File  		    2827	C:\Users\DELL\OneDrive\Desktop\sparta代码修改流程\sparta-master\src\FFT\fft3d.h
	    New File  		    3566	C:\Users\DELL\OneDrive\Desktop\sparta代码修改流程\sparta-master\src\FFT\fft3d_wrap.cpp
	    New File  		    1949	C:\Users\DELL\OneDrive\Desktop\sparta代码修改流程\sparta-master\src\FFT\fft3d_wrap.h
	    New File  		    2475	C:\Users\DELL\OneDrive\Desktop\sparta代码修改流程\sparta-master\src\FFT\fftdata.h
	    New File  		   14958	C:\Users\DELL\OneDrive\Desktop\sparta代码修改流程\sparta-master\src\FFT\kissfft.h
	    New File  		   11959	C:\Users\DELL\OneDrive\Desktop\sparta代码修改流程\sparta-master\src\FFT\pack2d.h
	    New File  		   23420	C:\Users\DELL\OneDrive\Desktop\sparta代码修改流程\sparta-master\src\FFT\pack3d.h
	    New File  		   14139	C:\Users\DELL\OneDrive\Desktop\sparta代码修改流程\sparta-master\src\FFT\remap2d.cpp
	    New File  		    2758	C:\Users\DELL\OneDrive\Desktop\sparta代码修改流程\sparta-master\src\FFT\remap2d.h
	    New File  		   23391	C:\Users\DELL\OneDrive\Desktop\sparta代码修改流程\sparta-master\src\FFT\remap3d.cpp
	    New File  		    2923	C:\Users\DELL\OneDrive\Desktop\sparta代码修改流程\sparta-master\src\FFT\remap3d.h
	    New File  		    1560	C:\Users\DELL\OneDrive\Desktop\sparta代码修改流程\sparta-master\src\FFT\spafftsettings.h
	    New File  		    4836	C:\Users\DELL\OneDrive\Desktop\sparta代码修改流程\sparta-master\src\KOKKOS\CMakeLists.txt
	    New File  		   84313	C:\Users\DELL\OneDrive\Desktop\sparta代码修改流程\sparta-master\src\KOKKOS\collide_vss_kokkos.cpp
	    New File  		    8495	C:\Users\DELL\OneDrive\Desktop\sparta代码修改流程\sparta-master\src\KOKKOS\collide_vss_kokkos.h
	    New File  		    9088	C:\Users\DELL\OneDrive\Desktop\sparta代码修改流程\sparta-master\src\KOKKOS\comm_kokkos.cpp
	    New File  		    2193	C:\Users\DELL\OneDrive\Desktop\sparta代码修改流程\sparta-master\src\KOKKOS\comm_kokkos.h
	    New File  		    4231	C:\Users\DELL\OneDrive\Desktop\sparta代码修改流程\sparta-master\src\KOKKOS\compute_boundary_kokkos.cpp
	    New File  		    9856	C:\Users\DELL\OneDrive\Desktop\sparta代码修改流程\sparta-master\src\KOKKOS\compute_boundary_kokkos.h
	    New File  		    6252	C:\Users\DELL\OneDrive\Desktop\sparta代码修改流程\sparta-master\src\KOKKOS\compute_count_kokkos.cpp
	    New File  		    2175	C:\Users\DELL\OneDrive\Desktop\sparta代码修改流程\sparta-master\src\KOKKOS\compute_count_kokkos.h
	    New File  		    7749	C:\Users\DELL\OneDrive\Desktop\sparta代码修改流程\sparta-master\src\KOKKOS\compute_distsurf_grid_kokkos.cpp
	    New File  		    2235	C:\Users\DELL\OneDrive\Desktop\sparta代码修改流程\sparta-master\src\KOKKOS\compute_distsurf_grid_kokkos.h
	    New File  		   14611	C:\Users\DELL\OneDrive\Desktop\sparta代码修改流程\sparta-master\src\KOKKOS\compute_dt_grid_kokkos.cpp
	    New File  		    2708	C:\Users\DELL\OneDrive\Desktop\sparta代码修改流程\sparta-master\src\KOKKOS\compute_dt_grid_kokkos.h
	    New File  		   14554	C:\Users\DELL\OneDrive\Desktop\sparta代码修改流程\sparta-master\src\KOKKOS\compute_eflux_grid_kokkos.cpp
	    New File  		    3514	C:\Users\DELL\OneDrive\Desktop\sparta代码修改流程\sparta-master\src\KOKKOS\compute_eflux_grid_kokkos.h
	    New File  		   21355	C:\Users\DELL\OneDrive\Desktop\sparta代码修改流程\sparta-master\src\KOKKOS\compute_fft_grid_kokkos.cpp
	    New File  		    2863	C:\Users\DELL\OneDrive\Desktop\sparta代码修改流程\sparta-master\src\KOKKOS\compute_fft_grid_kokkos.h
	    New File  		   18270	C:\Users\DELL\OneDrive\Desktop\sparta代码修改流程\sparta-master\src\KOKKOS\compute_grid_kokkos.cpp
	    New File  		    4623	C:\Users\DELL\OneDrive\Desktop\sparta代码修改流程\sparta-master\src\KOKKOS\compute_grid_kokkos.h
	    New File  		    3203	C:\Users\DELL\OneDrive\Desktop\sparta代码修改流程\sparta-master\src\KOKKOS\compute_ke_particle_kokkos.cpp
	    New File  		    1777	C:\Users\DELL\OneDrive\Desktop\sparta代码修改流程\sparta-master\src\KOKKOS\compute_ke_particle_kokkos.h
	    New File  		   14577	C:\Users\DELL\OneDrive\Desktop\sparta代码修改流程\sparta-master\src\KOKKOS\compute_lambda_grid_kokkos.cpp
	    New File  		    2160	C:\Users\DELL\OneDrive\Desktop\sparta代码修改流程\sparta-master\src\KOKKOS\compute_lambda_grid_kokkos.h
	    New File  		   12500	C:\Users\DELL\OneDrive\Desktop\sparta代码修改流程\sparta-master\src\KOKKOS\compute_pflux_grid_kokkos.cpp
	    New File  		    3600	C:\Users\DELL\OneDrive\Desktop\sparta代码修改流程\sparta-master\src\KOKKOS\compute_pflux_grid_kokkos.h
	    New File  		    8519	C:\Users\DELL\OneDrive\Desktop\sparta代码修改流程\sparta-master\src\KOKKOS\compute_property_grid_kokkos.cpp
	    New File  		    2190	C:\Users\DELL\OneDrive\Desktop\sparta代码修改流程\sparta-master\src\KOKKOS\compute_property_grid_kokkos.h
	    New File  		   14945	C:\Users\DELL\OneDrive\Desktop\sparta代码修改流程\sparta-master\src\KOKKOS\compute_sonine_grid_kokkos.cpp
	    New File  		    4515	C:\Users\DELL\OneDrive\Desktop\sparta代码修改流程\sparta-master\src\KOKKOS\compute_sonine_grid_kokkos.h
	    New File  		    7930	C:\Users\DELL\OneDrive\Desktop\sparta代码修改流程\sparta-master\src\KOKKOS\compute_surf_kokkos.cpp
	    New File  		   16479	C:\Users\DELL\OneDrive\Desktop\sparta代码修改流程\sparta-master\src\KOKKOS\compute_surf_kokkos.h
	    New File  		    2912	C:\Users\DELL\OneDrive\Desktop\sparta代码修改流程\sparta-master\src\KOKKOS\compute_temp_kokkos.cpp
	    New File  		    1498	C:\Users\DELL\OneDrive\Desktop\sparta代码修改流程\sparta-master\src\KOKKOS\compute_temp_kokkos.h
	    New File  		   10298	C:\Users\DELL\OneDrive\Desktop\sparta代码修改流程\sparta-master\src\KOKKOS\compute_thermal_grid_kokkos.cpp
	    New File  		    3374	C:\Users\DELL\OneDrive\Desktop\sparta代码修改流程\sparta-master\src\KOKKOS\compute_thermal_grid_kokkos.h
	    New File  		   16762	C:\Users\DELL\OneDrive\Desktop\sparta代码修改流程\sparta-master\src\KOKKOS\compute_tvib_grid_kokkos.cpp
	    New File  		    3600	C:\Users\DELL\OneDrive\Desktop\sparta代码修改流程\sparta-master\src\KOKKOS\compute_tvib_grid_kokkos.h
	    New File  		   15307	C:\Users\DELL\OneDrive\Desktop\sparta代码修改流程\sparta-master\src\KOKKOS\create_particles_kokkos.cpp
	    New File  		    1136	C:\Users\DELL\OneDrive\Desktop\sparta代码修改流程\sparta-master\src\KOKKOS\create_particles_kokkos.h
	    New File  		    1419	C:\Users\DELL\OneDrive\Desktop\sparta代码修改流程\sparta-master\src\KOKKOS\domain_kokkos.cpp
	    New File  		    3956	C:\Users\DELL\OneDrive\Desktop\sparta代码修改流程\sparta-master\src\KOKKOS\domain_kokkos.h
	    New File  		   29398	C:\Users\DELL\OneDrive\Desktop\sparta代码修改流程\sparta-master\src\KOKKOS\fft2d_kokkos.cpp
	    New File  		    4407	C:\Users\DELL\OneDrive\Desktop\sparta代码修改流程\sparta-master\src\KOKKOS\fft2d_kokkos.h
	    New File  		   38102	C:\Users\DELL\OneDrive\Desktop\sparta代码修改流程\sparta-master\src\KOKKOS\fft3d_kokkos.cpp
	    New File  		    4882	C:\Users\DELL\OneDrive\Desktop\sparta代码修改流程\sparta-master\src\KOKKOS\fft3d_kokkos.h
	    New File  		    8034	C:\Users\DELL\OneDrive\Desktop\sparta代码修改流程\sparta-master\src\KOKKOS\fftdata_kokkos.h
	    New File  		    2023	C:\Users\DELL\OneDrive\Desktop\sparta代码修改流程\sparta-master\src\KOKKOS\fix_adapt_kokkos.cpp
	    New File  		    1002	C:\Users\DELL\OneDrive\Desktop\sparta代码修改流程\sparta-master\src\KOKKOS\fix_adapt_kokkos.h
	    New File  		    3822	C:\Users\DELL\OneDrive\Desktop\sparta代码修改流程\sparta-master\src\KOKKOS\fix_ambipolar_kokkos.cpp
	    New File  		    4670	C:\Users\DELL\OneDrive\Desktop\sparta代码修改流程\sparta-master\src\KOKKOS\fix_ambipolar_kokkos.h
	    New File  		   16902	C:\Users\DELL\OneDrive\Desktop\sparta代码修改流程\sparta-master\src\KOKKOS\fix_ave_grid_kokkos.cpp
	    New File  		    4295	C:\Users\DELL\OneDrive\Desktop\sparta代码修改流程\sparta-master\src\KOKKOS\fix_ave_grid_kokkos.h
	    New File  		   27078	C:\Users\DELL\OneDrive\Desktop\sparta代码修改流程\sparta-master\src\KOKKOS\fix_ave_histo_kokkos.cpp
	    New File  		    9700	C:\Users\DELL\OneDrive\Desktop\sparta代码修改流程\sparta-master\src\KOKKOS\fix_ave_histo_kokkos.h
	    New File  		   20919	C:\Users\DELL\OneDrive\Desktop\sparta代码修改流程\sparta-master\src\KOKKOS\fix_ave_histo_weight_kokkos.cpp
	    New File  		    4688	C:\Users\DELL\OneDrive\Desktop\sparta代码修改流程\sparta-master\src\KOKKOS\fix_ave_histo_weight_kokkos.h
	    New File  		    2299	C:\Users\DELL\OneDrive\Desktop\sparta代码修改流程\sparta-master\src\KOKKOS\fix_balance_kokkos.cpp
	    New File  		    1485	C:\Users\DELL\OneDrive\Desktop\sparta代码修改流程\sparta-master\src\KOKKOS\fix_balance_kokkos.h
	    New File  		    5939	C:\Users\DELL\OneDrive\Desktop\sparta代码修改流程\sparta-master\src\KOKKOS\fix_dt_reset_kokkos.cpp
	    New File  		    1553	C:\Users\DELL\OneDrive\Desktop\sparta代码修改流程\sparta-master\src\KOKKOS\fix_dt_reset_kokkos.h
	    New File  		   17481	C:\Users\DELL\OneDrive\Desktop\sparta代码修改流程\sparta-master\src\KOKKOS\fix_emit_face_kokkos.cpp
	    New File  		    3148	C:\Users\DELL\OneDrive\Desktop\sparta代码修改流程\sparta-master\src\KOKKOS\fix_emit_face_kokkos.h
	    New File  		   25330	C:\Users\DELL\OneDrive\Desktop\sparta代码修改流程\sparta-master\src\KOKKOS\fix_emit_surf_kokkos.cpp
	    New File  		    4000	C:\Users\DELL\OneDrive\Desktop\sparta代码修改流程\sparta-master\src\KOKKOS\fix_emit_surf_kokkos.h
	    New File  		    7636	C:\Users\DELL\OneDrive\Desktop\sparta代码修改流程\sparta-master\src\KOKKOS\fix_grid_check_kokkos.cpp
	    New File  		    1895	C:\Users\DELL\OneDrive\Desktop\sparta代码修改流程\sparta-master\src\KOKKOS\fix_grid_check_kokkos.h
	    New File  		    2106	C:\Users\DELL\OneDrive\Desktop\sparta代码修改流程\sparta-master\src\KOKKOS\fix_move_surf_kokkos.cpp
	    New File  		    1498	C:\Users\DELL\OneDrive\Desktop\sparta代码修改流程\sparta-master\src\KOKKOS\fix_move_surf_kokkos.h
	    New File  		    2120	C:\Users\DELL\OneDrive\Desktop\sparta代码修改流程\sparta-master\src\KOKKOS\fix_surf_temp_kokkos.cpp
	    New File  		    1544	C:\Users\DELL\OneDrive\Desktop\sparta代码修改流程\sparta-master\src\KOKKOS\fix_surf_temp_kokkos.h
	    New File  		    9368	C:\Users\DELL\OneDrive\Desktop\sparta代码修改流程\sparta-master\src\KOKKOS\fix_temp_rescale_kokkos.cpp
	    New File  		    2465	C:\Users\DELL\OneDrive\Desktop\sparta代码修改流程\sparta-master\src\KOKKOS\fix_temp_rescale_kokkos.h
	    New File  		    3420	C:\Users\DELL\OneDrive\Desktop\sparta代码修改流程\sparta-master\src\KOKKOS\fix_vibmode_kokkos.cpp
	    New File  		    3324	C:\Users\DELL\OneDrive\Desktop\sparta代码修改流程\sparta-master\src\KOKKOS\fix_vibmode_kokkos.h
	    New File  		   50623	C:\Users\DELL\OneDrive\Desktop\sparta代码修改流程\sparta-master\src\KOKKOS\geometry_kokkos.h
	    New File  		   13122	C:\Users\DELL\OneDrive\Desktop\sparta代码修改流程\sparta-master\src\KOKKOS\grid_custom_kokkos.cpp
	    New File  		    1664	C:\Users\DELL\OneDrive\Desktop\sparta代码修改流程\sparta-master\src\KOKKOS\grid_id_kokkos.cpp
	    New File  		   14379	C:\Users\DELL\OneDrive\Desktop\sparta代码修改流程\sparta-master\src\KOKKOS\grid_kokkos.cpp
	    New File  		    6322	C:\Users\DELL\OneDrive\Desktop\sparta代码修改流程\sparta-master\src\KOKKOS\grid_kokkos.h
	    New File  		    6907	C:\Users\DELL\OneDrive\Desktop\sparta代码修改流程\sparta-master\src\KOKKOS\Install.sh
	    New File  		   14355	C:\Users\DELL\OneDrive\Desktop\sparta代码修改流程\sparta-master\src\KOKKOS\irregular_kokkos.cpp
	    New File  		    1747	C:\Users\DELL\OneDrive\Desktop\sparta代码修改流程\sparta-master\src\KOKKOS\irregular_kokkos.h
	    New File  		   21139	C:\Users\DELL\OneDrive\Desktop\sparta代码修改流程\sparta-master\src\KOKKOS\kissfft_kokkos.h
	    New File  		    7258	C:\Users\DELL\OneDrive\Desktop\sparta代码修改流程\sparta-master\src\KOKKOS\kokkos.cpp
	    New File  		    1995	C:\Users\DELL\OneDrive\Desktop\sparta代码修改流程\sparta-master\src\KOKKOS\kokkos.h
	    New File  		    1644	C:\Users\DELL\OneDrive\Desktop\sparta代码修改流程\sparta-master\src\KOKKOS\kokkos_base.h
	    New File  		    1263	C:\Users\DELL\OneDrive\Desktop\sparta代码修改流程\sparta-master\src\KOKKOS\kokkos_base_fft.h
	    New File  		    1700	C:\Users\DELL\OneDrive\Desktop\sparta代码修改流程\sparta-master\src\KOKKOS\kokkos_copy.h
	    New File  		    1940	C:\Users\DELL\OneDrive\Desktop\sparta代码修改流程\sparta-master\src\KOKKOS\kokkos_scan.cpp
	    New File  		   24908	C:\Users\DELL\OneDrive\Desktop\sparta代码修改流程\sparta-master\src\KOKKOS\kokkos_type.h
	    New File  		   20519	C:\Users\DELL\OneDrive\Desktop\sparta代码修改流程\sparta-master\src\KOKKOS\math_extra_kokkos.h
	    New File  		   10096	C:\Users\DELL\OneDrive\Desktop\sparta代码修改流程\sparta-master\src\KOKKOS\memory_kokkos.h
	    New File  		   10428	C:\Users\DELL\OneDrive\Desktop\sparta代码修改流程\sparta-master\src\KOKKOS\modify_kokkos.cpp
	    New File  		    2307	C:\Users\DELL\OneDrive\Desktop\sparta代码修改流程\sparta-master\src\KOKKOS\modify_kokkos.h
	    New File  		   10028	C:\Users\DELL\OneDrive\Desktop\sparta代码修改流程\sparta-master\src\KOKKOS\pack2d_kokkos.h
	    New File  		   19397	C:\Users\DELL\OneDrive\Desktop\sparta代码修改流程\sparta-master\src\KOKKOS\pack3d_kokkos.h
	    New File  		   11044	C:\Users\DELL\OneDrive\Desktop\sparta代码修改流程\sparta-master\src\KOKKOS\particle_custom_kokkos.cpp
	    New File  		   26046	C:\Users\DELL\OneDrive\Desktop\sparta代码修改流程\sparta-master\src\KOKKOS\particle_kokkos.cpp
	    New File  		   11314	C:\Users\DELL\OneDrive\Desktop\sparta代码修改流程\sparta-master\src\KOKKOS\particle_kokkos.h
	    New File  		    2136	C:\Users\DELL\OneDrive\Desktop\sparta代码修改流程\sparta-master\src\KOKKOS\rand_pool_wrap.cpp
	    New File  		    1919	C:\Users\DELL\OneDrive\Desktop\sparta代码修改流程\sparta-master\src\KOKKOS\rand_pool_wrap.h
	    New File  		    6672	C:\Users\DELL\OneDrive\Desktop\sparta代码修改流程\sparta-master\src\KOKKOS\react_bird_kokkos.cpp
	    New File  		    4411	C:\Users\DELL\OneDrive\Desktop\sparta代码修改流程\sparta-master\src\KOKKOS\react_bird_kokkos.h
	    New File  		    1519	C:\Users\DELL\OneDrive\Desktop\sparta代码修改流程\sparta-master\src\KOKKOS\react_tce_kokkos.cpp
	    New File  		   11175	C:\Users\DELL\OneDrive\Desktop\sparta代码修改流程\sparta-master\src\KOKKOS\react_tce_kokkos.h
	    New File  		    1809	C:\Users\DELL\OneDrive\Desktop\sparta代码修改流程\sparta-master\src\KOKKOS\read_surf_kokkos.cpp
	    New File  		    1040	C:\Users\DELL\OneDrive\Desktop\sparta代码修改流程\sparta-master\src\KOKKOS\read_surf_kokkos.h
	    New File  		   15964	C:\Users\DELL\OneDrive\Desktop\sparta代码修改流程\sparta-master\src\KOKKOS\remap2d_kokkos.cpp
	    New File  		    4200	C:\Users\DELL\OneDrive\Desktop\sparta代码修改流程\sparta-master\src\KOKKOS\remap2d_kokkos.h
	    New File  		   30632	C:\Users\DELL\OneDrive\Desktop\sparta代码修改流程\sparta-master\src\KOKKOS\remap3d_kokkos.cpp
	    New File  		    4862	C:\Users\DELL\OneDrive\Desktop\sparta代码修改流程\sparta-master\src\KOKKOS\remap3d_kokkos.h
	    New File  		    1208	C:\Users\DELL\OneDrive\Desktop\sparta代码修改流程\sparta-master\src\KOKKOS\remove_surf_kokkos.cpp
	    New File  		    1280	C:\Users\DELL\OneDrive\Desktop\sparta代码修改流程\sparta-master\src\KOKKOS\remove_surf_kokkos.h
	    New File  		   11068	C:\Users\DELL\OneDrive\Desktop\sparta代码修改流程\sparta-master\src\KOKKOS\surf_collide_diffuse_kokkos.cpp
	    New File  		   13540	C:\Users\DELL\OneDrive\Desktop\sparta代码修改流程\sparta-master\src\KOKKOS\surf_collide_diffuse_kokkos.h
	    New File  		    6846	C:\Users\DELL\OneDrive\Desktop\sparta代码修改流程\sparta-master\src\KOKKOS\surf_collide_piston_kokkos.cpp
	    New File  		    6905	C:\Users\DELL\OneDrive\Desktop\sparta代码修改流程\sparta-master\src\KOKKOS\surf_collide_piston_kokkos.h
	    New File  		    6684	C:\Users\DELL\OneDrive\Desktop\sparta代码修改流程\sparta-master\src\KOKKOS\surf_collide_specular_kokkos.cpp
	    New File  		    6654	C:\Users\DELL\OneDrive\Desktop\sparta代码修改流程\sparta-master\src\KOKKOS\surf_collide_specular_kokkos.h
	    New File  		    1767	C:\Users\DELL\OneDrive\Desktop\sparta代码修改流程\sparta-master\src\KOKKOS\surf_collide_transparent_kokkos.cpp
	    New File  		    2403	C:\Users\DELL\OneDrive\Desktop\sparta代码修改流程\sparta-master\src\KOKKOS\surf_collide_transparent_kokkos.h
	    New File  		    1740	C:\Users\DELL\OneDrive\Desktop\sparta代码修改流程\sparta-master\src\KOKKOS\surf_collide_vanish_kokkos.cpp
	    New File  		    2434	C:\Users\DELL\OneDrive\Desktop\sparta代码修改流程\sparta-master\src\KOKKOS\surf_collide_vanish_kokkos.h
	    New File  		   21051	C:\Users\DELL\OneDrive\Desktop\sparta代码修改流程\sparta-master\src\KOKKOS\surf_custom_kokkos.cpp
	    New File  		   10876	C:\Users\DELL\OneDrive\Desktop\sparta代码修改流程\sparta-master\src\KOKKOS\surf_kokkos.cpp
	    New File  		    1992	C:\Users\DELL\OneDrive\Desktop\sparta代码修改流程\sparta-master\src\KOKKOS\surf_kokkos.h
	    New File  		    3628	C:\Users\DELL\OneDrive\Desktop\sparta代码修改流程\sparta-master\src\KOKKOS\surf_react_global_kokkos.cpp
	    New File  		    4264	C:\Users\DELL\OneDrive\Desktop\sparta代码修改流程\sparta-master\src\KOKKOS\surf_react_global_kokkos.h
	    New File  		    5555	C:\Users\DELL\OneDrive\Desktop\sparta代码修改流程\sparta-master\src\KOKKOS\surf_react_prob_kokkos.cpp
	    New File  		    4993	C:\Users\DELL\OneDrive\Desktop\sparta代码修改流程\sparta-master\src\KOKKOS\surf_react_prob_kokkos.h
	    New File  		   71298	C:\Users\DELL\OneDrive\Desktop\sparta代码修改流程\sparta-master\src\KOKKOS\update_kokkos.cpp
	    New File  		    9405	C:\Users\DELL\OneDrive\Desktop\sparta代码修改流程\sparta-master\src\KOKKOS\update_kokkos.h
	    New File  		   47456	C:\Users\DELL\OneDrive\Desktop\sparta代码修改流程\sparta-master\src\KOKKOS\variable_kokkos.cpp
	    New File  		    7351	C:\Users\DELL\OneDrive\Desktop\sparta代码修改流程\sparta-master\src\KOKKOS\variable_kokkos.h
	    New File  		   12853	C:\Users\DELL\OneDrive\Desktop\sparta代码修改流程\sparta-master\src\Obj_mpi\adapt_grid.d
	    New File  		  212048	C:\Users\DELL\OneDrive\Desktop\sparta代码修改流程\sparta-master\src\Obj_mpi\adapt_grid.o
	    New File  		   12483	C:\Users\DELL\OneDrive\Desktop\sparta代码修改流程\sparta-master\src\Obj_mpi\balance_grid.d
	    New File  		  168840	C:\Users\DELL\OneDrive\Desktop\sparta代码修改流程\sparta-master\src\Obj_mpi\balance_grid.o
	    New File  		   12479	C:\Users\DELL\OneDrive\Desktop\sparta代码修改流程\sparta-master\src\Obj_mpi\collide.d
	    New File  		  238576	C:\Users\DELL\OneDrive\Desktop\sparta代码修改流程\sparta-master\src\Obj_mpi\collide.o
	    New File  		   12486	C:\Users\DELL\OneDrive\Desktop\sparta代码修改流程\sparta-master\src\Obj_mpi\collide_vss.d
	    New File  		  178328	C:\Users\DELL\OneDrive\Desktop\sparta代码修改流程\sparta-master\src\Obj_mpi\collide_vss.o
	    New File  		   12382	C:\Users\DELL\OneDrive\Desktop\sparta代码修改流程\sparta-master\src\Obj_mpi\comm.d
	    New File  		  179536	C:\Users\DELL\OneDrive\Desktop\sparta代码修改流程\sparta-master\src\Obj_mpi\comm.o
	    New File  		   11395	C:\Users\DELL\OneDrive\Desktop\sparta代码修改流程\sparta-master\src\Obj_mpi\compute.d
	    New File  		  161736	C:\Users\DELL\OneDrive\Desktop\sparta代码修改流程\sparta-master\src\Obj_mpi\compute.o
	    New File  		   12479	C:\Users\DELL\OneDrive\Desktop\sparta代码修改流程\sparta-master\src\Obj_mpi\compute_boundary.d
	    New File  		  168384	C:\Users\DELL\OneDrive\Desktop\sparta代码修改流程\sparta-master\src\Obj_mpi\compute_boundary.o
	    New File  		   12046	C:\Users\DELL\OneDrive\Desktop\sparta代码修改流程\sparta-master\src\Obj_mpi\compute_count.d
	    New File  		  165504	C:\Users\DELL\OneDrive\Desktop\sparta代码修改流程\sparta-master\src\Obj_mpi\compute_count.o
	    New File  		   12462	C:\Users\DELL\OneDrive\Desktop\sparta代码修改流程\sparta-master\src\Obj_mpi\compute_distsurf_grid.d
	    New File  		  164088	C:\Users\DELL\OneDrive\Desktop\sparta代码修改流程\sparta-master\src\Obj_mpi\compute_distsurf_grid.o
	    New File  		   12421	C:\Users\DELL\OneDrive\Desktop\sparta代码修改流程\sparta-master\src\Obj_mpi\compute_dt_grid.d
	    New File  		  180496	C:\Users\DELL\OneDrive\Desktop\sparta代码修改流程\sparta-master\src\Obj_mpi\compute_dt_grid.o
	    New File  		   12422	C:\Users\DELL\OneDrive\Desktop\sparta代码修改流程\sparta-master\src\Obj_mpi\compute_eflux_grid.d
	    New File  		  166872	C:\Users\DELL\OneDrive\Desktop\sparta代码修改流程\sparta-master\src\Obj_mpi\compute_eflux_grid.o
	    New File  		   12434	C:\Users\DELL\OneDrive\Desktop\sparta代码修改流程\sparta-master\src\Obj_mpi\compute_gas_collision_grid.d
	    New File  		  160008	C:\Users\DELL\OneDrive\Desktop\sparta代码修改流程\sparta-master\src\Obj_mpi\compute_gas_collision_grid.o
	    New File  		   12437	C:\Users\DELL\OneDrive\Desktop\sparta代码修改流程\sparta-master\src\Obj_mpi\compute_gas_collision_tally.d
	    New File  		  164272	C:\Users\DELL\OneDrive\Desktop\sparta代码修改流程\sparta-master\src\Obj_mpi\compute_gas_collision_tally.o
	    New File  		   12442	C:\Users\DELL\OneDrive\Desktop\sparta代码修改流程\sparta-master\src\Obj_mpi\compute_gas_reaction_grid.d
	    New File  		  163816	C:\Users\DELL\OneDrive\Desktop\sparta代码修改流程\sparta-master\src\Obj_mpi\compute_gas_reaction_grid.o
	    New File  		   12434	C:\Users\DELL\OneDrive\Desktop\sparta代码修改流程\sparta-master\src\Obj_mpi\compute_gas_reaction_tally.d
	    New File  		  166384	C:\Users\DELL\OneDrive\Desktop\sparta代码修改流程\sparta-master\src\Obj_mpi\compute_gas_reaction_tally.o
	    New File  		   12414	C:\Users\DELL\OneDrive\Desktop\sparta代码修改流程\sparta-master\src\Obj_mpi\compute_grid.d
	    New File  		  170832	C:\Users\DELL\OneDrive\Desktop\sparta代码修改流程\sparta-master\src\Obj_mpi\compute_grid.o
	    New File  		   12451	C:\Users\DELL\OneDrive\Desktop\sparta代码修改流程\sparta-master\src\Obj_mpi\compute_isurf_grid.d
	    New File  		  175504	C:\Users\DELL\OneDrive\Desktop\sparta代码修改流程\sparta-master\src\Obj_mpi\compute_isurf_grid.o
	    New File  		   12069	C:\Users\DELL\OneDrive\Desktop\sparta代码修改流程\sparta-master\src\Obj_mpi\compute_ke_particle.d
	    New File  		  159928	C:\Users\DELL\OneDrive\Desktop\sparta代码修改流程\sparta-master\src\Obj_mpi\compute_ke_particle.o
	    New File  		   12476	C:\Users\DELL\OneDrive\Desktop\sparta代码修改流程\sparta-master\src\Obj_mpi\compute_lambda_grid.d
	    New File  		  184728	C:\Users\DELL\OneDrive\Desktop\sparta代码修改流程\sparta-master\src\Obj_mpi\compute_lambda_grid.o
	    New File  		   12422	C:\Users\DELL\OneDrive\Desktop\sparta代码修改流程\sparta-master\src\Obj_mpi\compute_pflux_grid.d
	    New File  		  165592	C:\Users\DELL\OneDrive\Desktop\sparta代码修改流程\sparta-master\src\Obj_mpi\compute_pflux_grid.o
	    New File  		   12418	C:\Users\DELL\OneDrive\Desktop\sparta代码修改流程\sparta-master\src\Obj_mpi\compute_property_grid.d
	    New File  		  167696	C:\Users\DELL\OneDrive\Desktop\sparta代码修改流程\sparta-master\src\Obj_mpi\compute_property_grid.o
	    New File  		   12406	C:\Users\DELL\OneDrive\Desktop\sparta代码修改流程\sparta-master\src\Obj_mpi\compute_property_surf.d
	    New File  		  175640	C:\Users\DELL\OneDrive\Desktop\sparta代码修改流程\sparta-master\src\Obj_mpi\compute_property_surf.o
	    New File  		   12396	C:\Users\DELL\OneDrive\Desktop\sparta代码修改流程\sparta-master\src\Obj_mpi\compute_react_boundary.d
	    New File  		  162688	C:\Users\DELL\OneDrive\Desktop\sparta代码修改流程\sparta-master\src\Obj_mpi\compute_react_boundary.o
	    New File  		   12485	C:\Users\DELL\OneDrive\Desktop\sparta代码修改流程\sparta-master\src\Obj_mpi\compute_react_isurf_grid.d
	    New File  		  169664	C:\Users\DELL\OneDrive\Desktop\sparta代码修改流程\sparta-master\src\Obj_mpi\compute_react_isurf_grid.o
	    New File  		   12381	C:\Users\DELL\OneDrive\Desktop\sparta代码修改流程\sparta-master\src\Obj_mpi\compute_react_surf.d
	    New File  		  168928	C:\Users\DELL\OneDrive\Desktop\sparta代码修改流程\sparta-master\src\Obj_mpi\compute_react_surf.o
	    New File  		   12462	C:\Users\DELL\OneDrive\Desktop\sparta代码修改流程\sparta-master\src\Obj_mpi\compute_reduce.d
	    New File  		  206768	C:\Users\DELL\OneDrive\Desktop\sparta代码修改流程\sparta-master\src\Obj_mpi\compute_reduce.o
	    New File  		   12435	C:\Users\DELL\OneDrive\Desktop\sparta代码修改流程\sparta-master\src\Obj_mpi\compute_sonine_grid.d
	    New File  		  165232	C:\Users\DELL\OneDrive\Desktop\sparta代码修改流程\sparta-master\src\Obj_mpi\compute_sonine_grid.o
	    New File  		   12554	C:\Users\DELL\OneDrive\Desktop\sparta代码修改流程\sparta-master\src\Obj_mpi\compute_surf.d
	    New File  		  182792	C:\Users\DELL\OneDrive\Desktop\sparta代码修改流程\sparta-master\src\Obj_mpi\compute_surf.o
	    New File  		   12401	C:\Users\DELL\OneDrive\Desktop\sparta代码修改流程\sparta-master\src\Obj_mpi\compute_surf_collision_tally.d
	    New File  		  163384	C:\Users\DELL\OneDrive\Desktop\sparta代码修改流程\sparta-master\src\Obj_mpi\compute_surf_collision_tally.o
	    New File  		   12398	C:\Users\DELL\OneDrive\Desktop\sparta代码修改流程\sparta-master\src\Obj_mpi\compute_surf_reaction_tally.d
	    New File  		  165192	C:\Users\DELL\OneDrive\Desktop\sparta代码修改流程\sparta-master\src\Obj_mpi\compute_surf_reaction_tally.o
	    New File  		   12017	C:\Users\DELL\OneDrive\Desktop\sparta代码修改流程\sparta-master\src\Obj_mpi\compute_temp.d
	    New File  		  159968	C:\Users\DELL\OneDrive\Desktop\sparta代码修改流程\sparta-master\src\Obj_mpi\compute_temp.o
	    New File  		   12438	C:\Users\DELL\OneDrive\Desktop\sparta代码修改流程\sparta-master\src\Obj_mpi\compute_thermal_grid.d
	    New File  		  163632	C:\Users\DELL\OneDrive\Desktop\sparta代码修改流程\sparta-master\src\Obj_mpi\compute_thermal_grid.o
	    New File  		   12419	C:\Users\DELL\OneDrive\Desktop\sparta代码修改流程\sparta-master\src\Obj_mpi\compute_tvib_grid.d
	    New File  		  172200	C:\Users\DELL\OneDrive\Desktop\sparta代码修改流程\sparta-master\src\Obj_mpi\compute_tvib_grid.o
	    New File  		   12035	C:\Users\DELL\OneDrive\Desktop\sparta代码修改流程\sparta-master\src\Obj_mpi\create_box.d
	    New File  		  152152	C:\Users\DELL\OneDrive\Desktop\sparta代码修改流程\sparta-master\src\Obj_mpi\create_box.o
	    New File  		   12438	C:\Users\DELL\OneDrive\Desktop\sparta代码修改流程\sparta-master\src\Obj_mpi\create_grid.d
	    New File  		  173472	C:\Users\DELL\OneDrive\Desktop\sparta代码修改流程\sparta-master\src\Obj_mpi\create_grid.o
	    New File  		   12488	C:\Users\DELL\OneDrive\Desktop\sparta代码修改流程\sparta-master\src\Obj_mpi\create_isurf.d
	    New File  		  219904	C:\Users\DELL\OneDrive\Desktop\sparta代码修改流程\sparta-master\src\Obj_mpi\create_isurf.o
	    New File  		   12513	C:\Users\DELL\OneDrive\Desktop\sparta代码修改流程\sparta-master\src\Obj_mpi\create_particles.d
	    New File  		  192616	C:\Users\DELL\OneDrive\Desktop\sparta代码修改流程\sparta-master\src\Obj_mpi\create_particles.o
	    New File  		   12439	C:\Users\DELL\OneDrive\Desktop\sparta代码修改流程\sparta-master\src\Obj_mpi\custom.d
	    New File  		  213776	C:\Users\DELL\OneDrive\Desktop\sparta代码修改流程\sparta-master\src\Obj_mpi\custom.o
	    New File  		   12622	C:\Users\DELL\OneDrive\Desktop\sparta代码修改流程\sparta-master\src\Obj_mpi\cut2d.d
	    New File  		  180088	C:\Users\DELL\OneDrive\Desktop\sparta代码修改流程\sparta-master\src\Obj_mpi\cut2d.o
	    New File  		   12629	C:\Users\DELL\OneDrive\Desktop\sparta代码修改流程\sparta-master\src\Obj_mpi\cut3d.d
	    New File  		  214344	C:\Users\DELL\OneDrive\Desktop\sparta代码修改流程\sparta-master\src\Obj_mpi\cut3d.o
	    New File  		   12528	C:\Users\DELL\OneDrive\Desktop\sparta代码修改流程\sparta-master\src\Obj_mpi\domain.d
	    New File  		  172048	C:\Users\DELL\OneDrive\Desktop\sparta代码修改流程\sparta-master\src\Obj_mpi\domain.o
	    New File  		   12377	C:\Users\DELL\OneDrive\Desktop\sparta代码修改流程\sparta-master\src\Obj_mpi\dump.d
	    New File  		  172832	C:\Users\DELL\OneDrive\Desktop\sparta代码修改流程\sparta-master\src\Obj_mpi\dump.o
	    New File  		   12438	C:\Users\DELL\OneDrive\Desktop\sparta代码修改流程\sparta-master\src\Obj_mpi\dump_grid.d
	    New File  		  184008	C:\Users\DELL\OneDrive\Desktop\sparta代码修改流程\sparta-master\src\Obj_mpi\dump_grid.o
	    New File  		   12519	C:\Users\DELL\OneDrive\Desktop\sparta代码修改流程\sparta-master\src\Obj_mpi\dump_image.d
	    New File  		  219592	C:\Users\DELL\OneDrive\Desktop\sparta代码修改流程\sparta-master\src\Obj_mpi\dump_image.o
	    New File  		   11439	C:\Users\DELL\OneDrive\Desktop\sparta代码修改流程\sparta-master\src\Obj_mpi\dump_movie.d
	    New File  		  154688	C:\Users\DELL\OneDrive\Desktop\sparta代码修改流程\sparta-master\src\Obj_mpi\dump_movie.o
	    New File  		   12478	C:\Users\DELL\OneDrive\Desktop\sparta代码修改流程\sparta-master\src\Obj_mpi\dump_particle.d
	    New File  		  202208	C:\Users\DELL\OneDrive\Desktop\sparta代码修改流程\sparta-master\src\Obj_mpi\dump_particle.o
	    New File  		   12415	C:\Users\DELL\OneDrive\Desktop\sparta代码修改流程\sparta-master\src\Obj_mpi\dump_surf.d
	    New File  		  186368	C:\Users\DELL\OneDrive\Desktop\sparta代码修改流程\sparta-master\src\Obj_mpi\dump_surf.o
	    New File  		   12087	C:\Users\DELL\OneDrive\Desktop\sparta代码修改流程\sparta-master\src\Obj_mpi\dump_tally.d
	    New File  		  165256	C:\Users\DELL\OneDrive\Desktop\sparta代码修改流程\sparta-master\src\Obj_mpi\dump_tally.o
	    New File  		   12415	C:\Users\DELL\OneDrive\Desktop\sparta代码修改流程\sparta-master\src\Obj_mpi\error.d
	    New File  		  153928	C:\Users\DELL\OneDrive\Desktop\sparta代码修改流程\sparta-master\src\Obj_mpi\error.o
	    New File  		   12414	C:\Users\DELL\OneDrive\Desktop\sparta代码修改流程\sparta-master\src\Obj_mpi\finish.d
	    New File  		  179328	C:\Users\DELL\OneDrive\Desktop\sparta代码修改流程\sparta-master\src\Obj_mpi\finish.o
	    New File  		   11364	C:\Users\DELL\OneDrive\Desktop\sparta代码修改流程\sparta-master\src\Obj_mpi\fix.d
	    New File  		  158576	C:\Users\DELL\OneDrive\Desktop\sparta代码修改流程\sparta-master\src\Obj_mpi\fix.o
	    New File  		   12594	C:\Users\DELL\OneDrive\Desktop\sparta代码修改流程\sparta-master\src\Obj_mpi\fix_ablate.d
	    New File  		  209688	C:\Users\DELL\OneDrive\Desktop\sparta代码修改流程\sparta-master\src\Obj_mpi\fix_ablate.o
	    New File  		   12621	C:\Users\DELL\OneDrive\Desktop\sparta代码修改流程\sparta-master\src\Obj_mpi\fix_ablate_multi_inner.d
	    New File  		  188200	C:\Users\DELL\OneDrive\Desktop\sparta代码修改流程\sparta-master\src\Obj_mpi\fix_ablate_multi_inner.o
	    New File  		   12438	C:\Users\DELL\OneDrive\Desktop\sparta代码修改流程\sparta-master\src\Obj_mpi\fix_adapt.d
	    New File  		  161288	C:\Users\DELL\OneDrive\Desktop\sparta代码修改流程\sparta-master\src\Obj_mpi\fix_adapt.o
	    New File  		   12111	C:\Users\DELL\OneDrive\Desktop\sparta代码修改流程\sparta-master\src\Obj_mpi\fix_ambipolar.d
	    New File  		  162272	C:\Users\DELL\OneDrive\Desktop\sparta代码修改流程\sparta-master\src\Obj_mpi\fix_ambipolar.o
	    New File  		   12435	C:\Users\DELL\OneDrive\Desktop\sparta代码修改流程\sparta-master\src\Obj_mpi\fix_ave_grid.d
	    New File  		  189760	C:\Users\DELL\OneDrive\Desktop\sparta代码修改流程\sparta-master\src\Obj_mpi\fix_ave_grid.o
	    New File  		   12848	C:\Users\DELL\OneDrive\Desktop\sparta代码修改流程\sparta-master\src\Obj_mpi\fix_ave_histo.d
	    New File  		  207008	C:\Users\DELL\OneDrive\Desktop\sparta代码修改流程\sparta-master\src\Obj_mpi\fix_ave_histo.o
	    New File  		   12269	C:\Users\DELL\OneDrive\Desktop\sparta代码修改流程\sparta-master\src\Obj_mpi\fix_ave_histo_weight.d
	    New File  		  168512	C:\Users\DELL\OneDrive\Desktop\sparta代码修改流程\sparta-master\src\Obj_mpi\fix_ave_histo_weight.o
	    New File  		   12445	C:\Users\DELL\OneDrive\Desktop\sparta代码修改流程\sparta-master\src\Obj_mpi\fix_ave_surf.d
	    New File  		  184216	C:\Users\DELL\OneDrive\Desktop\sparta代码修改流程\sparta-master\src\Obj_mpi\fix_ave_surf.o
	    New File  		   12103	C:\Users\DELL\OneDrive\Desktop\sparta代码修改流程\sparta-master\src\Obj_mpi\fix_ave_time.d
	    New File  		  185416	C:\Users\DELL\OneDrive\Desktop\sparta代码修改流程\sparta-master\src\Obj_mpi\fix_ave_time.o
	    New File  		   12535	C:\Users\DELL\OneDrive\Desktop\sparta代码修改流程\sparta-master\src\Obj_mpi\fix_balance.d
	    New File  		  168912	C:\Users\DELL\OneDrive\Desktop\sparta代码修改流程\sparta-master\src\Obj_mpi\fix_balance.o
	    New File  		   11727	C:\Users\DELL\OneDrive\Desktop\sparta代码修改流程\sparta-master\src\Obj_mpi\fix_custom.d
	    New File  		  158664	C:\Users\DELL\OneDrive\Desktop\sparta代码修改流程\sparta-master\src\Obj_mpi\fix_custom.o
	    New File  		   12400	C:\Users\DELL\OneDrive\Desktop\sparta代码修改流程\sparta-master\src\Obj_mpi\fix_dt_reset.d
	    New File  		  165280	C:\Users\DELL\OneDrive\Desktop\sparta代码修改流程\sparta-master\src\Obj_mpi\fix_dt_reset.o
	    New File  		   12454	C:\Users\DELL\OneDrive\Desktop\sparta代码修改流程\sparta-master\src\Obj_mpi\fix_emit.d
	    New File  		  162688	C:\Users\DELL\OneDrive\Desktop\sparta代码修改流程\sparta-master\src\Obj_mpi\fix_emit.o
	    New File  		   12530	C:\Users\DELL\OneDrive\Desktop\sparta代码修改流程\sparta-master\src\Obj_mpi\fix_emit_face.d
	    New File  		  190720	C:\Users\DELL\OneDrive\Desktop\sparta代码修改流程\sparta-master\src\Obj_mpi\fix_emit_face.o
	    New File  		   12520	C:\Users\DELL\OneDrive\Desktop\sparta代码修改流程\sparta-master\src\Obj_mpi\fix_emit_face_file.d
	    New File  		  194248	C:\Users\DELL\OneDrive\Desktop\sparta代码修改流程\sparta-master\src\Obj_mpi\fix_emit_face_file.o
	    New File  		   12814	C:\Users\DELL\OneDrive\Desktop\sparta代码修改流程\sparta-master\src\Obj_mpi\fix_emit_surf.d
	    New File  		  208696	C:\Users\DELL\OneDrive\Desktop\sparta代码修改流程\sparta-master\src\Obj_mpi\fix_emit_surf.o
	    New File  		   11784	C:\Users\DELL\OneDrive\Desktop\sparta代码修改流程\sparta-master\src\Obj_mpi\fix_field_grid.d
	    New File  		  162312	C:\Users\DELL\OneDrive\Desktop\sparta代码修改流程\sparta-master\src\Obj_mpi\fix_field_grid.o
	    New File  		   11474	C:\Users\DELL\OneDrive\Desktop\sparta代码修改流程\sparta-master\src\Obj_mpi\fix_field_particle.d
	    New File  		  162376	C:\Users\DELL\OneDrive\Desktop\sparta代码修改流程\sparta-master\src\Obj_mpi\fix_field_particle.o
	    New File  		   12385	C:\Users\DELL\OneDrive\Desktop\sparta代码修改流程\sparta-master\src\Obj_mpi\fix_grid_check.d
	    New File  		  164416	C:\Users\DELL\OneDrive\Desktop\sparta代码修改流程\sparta-master\src\Obj_mpi\fix_grid_check.o
	    New File  		   12329	C:\Users\DELL\OneDrive\Desktop\sparta代码修改流程\sparta-master\src\Obj_mpi\fix_halt.d
	    New File  		  166008	C:\Users\DELL\OneDrive\Desktop\sparta代码修改流程\sparta-master\src\Obj_mpi\fix_halt.o
	    New File  		   12429	C:\Users\DELL\OneDrive\Desktop\sparta代码修改流程\sparta-master\src\Obj_mpi\fix_move_surf.d
	    New File  		  162576	C:\Users\DELL\OneDrive\Desktop\sparta代码修改流程\sparta-master\src\Obj_mpi\fix_move_surf.o
	    New File  		   12081	C:\Users\DELL\OneDrive\Desktop\sparta代码修改流程\sparta-master\src\Obj_mpi\fix_print.d
	    New File  		  162432	C:\Users\DELL\OneDrive\Desktop\sparta代码修改流程\sparta-master\src\Obj_mpi\fix_print.o
	    New File  		   12410	C:\Users\DELL\OneDrive\Desktop\sparta代码修改流程\sparta-master\src\Obj_mpi\fix_surf_temp.d
	    New File  		  166664	C:\Users\DELL\OneDrive\Desktop\sparta代码修改流程\sparta-master\src\Obj_mpi\fix_surf_temp.o
	    New File  		   12399	C:\Users\DELL\OneDrive\Desktop\sparta代码修改流程\sparta-master\src\Obj_mpi\fix_temp_global_rescale.d
	    New File  		  160648	C:\Users\DELL\OneDrive\Desktop\sparta代码修改流程\sparta-master\src\Obj_mpi\fix_temp_global_rescale.o
	    New File  		   12390	C:\Users\DELL\OneDrive\Desktop\sparta代码修改流程\sparta-master\src\Obj_mpi\fix_temp_rescale.d
	    New File  		  163552	C:\Users\DELL\OneDrive\Desktop\sparta代码修改流程\sparta-master\src\Obj_mpi\fix_temp_rescale.o
	    New File  		   12090	C:\Users\DELL\OneDrive\Desktop\sparta代码修改流程\sparta-master\src\Obj_mpi\fix_vibmode.d
	    New File  		  160296	C:\Users\DELL\OneDrive\Desktop\sparta代码修改流程\sparta-master\src\Obj_mpi\fix_vibmode.o
	    New File  		    4753	C:\Users\DELL\OneDrive\Desktop\sparta代码修改流程\sparta-master\src\Obj_mpi\geometry.d
	    New File  		   34904	C:\Users\DELL\OneDrive\Desktop\sparta代码修改流程\sparta-master\src\Obj_mpi\geometry.o
	    New File  		   12755	C:\Users\DELL\OneDrive\Desktop\sparta代码修改流程\sparta-master\src\Obj_mpi\grid.d
	    New File  		  225864	C:\Users\DELL\OneDrive\Desktop\sparta代码修改流程\sparta-master\src\Obj_mpi\grid.o
	    New File  		   12644	C:\Users\DELL\OneDrive\Desktop\sparta代码修改流程\sparta-master\src\Obj_mpi\grid_adapt.d
	    New File  		  164904	C:\Users\DELL\OneDrive\Desktop\sparta代码修改流程\sparta-master\src\Obj_mpi\grid_adapt.o
	    New File  		   11716	C:\Users\DELL\OneDrive\Desktop\sparta代码修改流程\sparta-master\src\Obj_mpi\grid_collate.d
	    New File  		  157456	C:\Users\DELL\OneDrive\Desktop\sparta代码修改流程\sparta-master\src\Obj_mpi\grid_collate.o
	    New File  		   11759	C:\Users\DELL\OneDrive\Desktop\sparta代码修改流程\sparta-master\src\Obj_mpi\grid_comm.d
	    New File  		  165424	C:\Users\DELL\OneDrive\Desktop\sparta代码修改流程\sparta-master\src\Obj_mpi\grid_comm.o
	    New File  		   11704	C:\Users\DELL\OneDrive\Desktop\sparta代码修改流程\sparta-master\src\Obj_mpi\grid_custom.d
	    New File  		  161440	C:\Users\DELL\OneDrive\Desktop\sparta代码修改流程\sparta-master\src\Obj_mpi\grid_custom.o
	    New File  		   11684	C:\Users\DELL\OneDrive\Desktop\sparta代码修改流程\sparta-master\src\Obj_mpi\grid_id.d
	    New File  		  157112	C:\Users\DELL\OneDrive\Desktop\sparta代码修改流程\sparta-master\src\Obj_mpi\grid_id.o
	    New File  		   12725	C:\Users\DELL\OneDrive\Desktop\sparta代码修改流程\sparta-master\src\Obj_mpi\grid_surf.d
	    New File  		  215520	C:\Users\DELL\OneDrive\Desktop\sparta代码修改流程\sparta-master\src\Obj_mpi\grid_surf.o
	    New File  		     849	C:\Users\DELL\OneDrive\Desktop\sparta代码修改流程\sparta-master\src\Obj_mpi\hashlittle.d
	    New File  		    3840	C:\Users\DELL\OneDrive\Desktop\sparta代码修改流程\sparta-master\src\Obj_mpi\hashlittle.o
	    New File  		   12070	C:\Users\DELL\OneDrive\Desktop\sparta代码修改流程\sparta-master\src\Obj_mpi\image.d
	    New File  		  214776	C:\Users\DELL\OneDrive\Desktop\sparta代码修改流程\sparta-master\src\Obj_mpi\image.o
	    New File  		   14206	C:\Users\DELL\OneDrive\Desktop\sparta代码修改流程\sparta-master\src\Obj_mpi\input.d
	    New File  		  223176	C:\Users\DELL\OneDrive\Desktop\sparta代码修改流程\sparta-master\src\Obj_mpi\input.o
	    New File  		   11423	C:\Users\DELL\OneDrive\Desktop\sparta代码修改流程\sparta-master\src\Obj_mpi\irregular.d
	    New File  		  168640	C:\Users\DELL\OneDrive\Desktop\sparta代码修改流程\sparta-master\src\Obj_mpi\irregular.o
	    New File  		   12053	C:\Users\DELL\OneDrive\Desktop\sparta代码修改流程\sparta-master\src\Obj_mpi\library.d
	    New File  		  156520	C:\Users\DELL\OneDrive\Desktop\sparta代码修改流程\sparta-master\src\Obj_mpi\library.o
	    New File  		   11316	C:\Users\DELL\OneDrive\Desktop\sparta代码修改流程\sparta-master\src\Obj_mpi\main.d
	    New File  		  148088	C:\Users\DELL\OneDrive\Desktop\sparta代码修改流程\sparta-master\src\Obj_mpi\main.o
	    New File  		    2786	C:\Users\DELL\OneDrive\Desktop\sparta代码修改流程\sparta-master\src\Obj_mpi\Makefile
	    New File  		     252	C:\Users\DELL\OneDrive\Desktop\sparta代码修改流程\sparta-master\src\Obj_mpi\Makefile.package
	    New File  		     147	C:\Users\DELL\OneDrive\Desktop\sparta代码修改流程\sparta-master\src\Obj_mpi\Makefile.package.settings
	    New File  		   12421	C:\Users\DELL\OneDrive\Desktop\sparta代码修改流程\sparta-master\src\Obj_mpi\marching_cubes.d
	    New File  		  252744	C:\Users\DELL\OneDrive\Desktop\sparta代码修改流程\sparta-master\src\Obj_mpi\marching_cubes.o
	    New File  		   11724	C:\Users\DELL\OneDrive\Desktop\sparta代码修改流程\sparta-master\src\Obj_mpi\marching_squares.d
	    New File  		  154816	C:\Users\DELL\OneDrive\Desktop\sparta代码修改流程\sparta-master\src\Obj_mpi\marching_squares.o
	    New File  		    9226	C:\Users\DELL\OneDrive\Desktop\sparta代码修改流程\sparta-master\src\Obj_mpi\math_eigen.d
	    New File  		   12232	C:\Users\DELL\OneDrive\Desktop\sparta代码修改流程\sparta-master\src\Obj_mpi\math_eigen.o
	    New File  		    4798	C:\Users\DELL\OneDrive\Desktop\sparta代码修改流程\sparta-master\src\Obj_mpi\math_extra.d
	    New File  		    7352	C:\Users\DELL\OneDrive\Desktop\sparta代码修改流程\sparta-master\src\Obj_mpi\math_extra.o
	    New File  		   11391	C:\Users\DELL\OneDrive\Desktop\sparta代码修改流程\sparta-master\src\Obj_mpi\memory.d
	    New File  		  152928	C:\Users\DELL\OneDrive\Desktop\sparta代码修改流程\sparta-master\src\Obj_mpi\memory.o
	    New File  		   12033	C:\Users\DELL\OneDrive\Desktop\sparta代码修改流程\sparta-master\src\Obj_mpi\mixture.d
	    New File  		  176288	C:\Users\DELL\OneDrive\Desktop\sparta代码修改流程\sparta-master\src\Obj_mpi\mixture.o
	    New File  		   13657	C:\Users\DELL\OneDrive\Desktop\sparta代码修改流程\sparta-master\src\Obj_mpi\modify.d
	    New File  		  201872	C:\Users\DELL\OneDrive\Desktop\sparta代码修改流程\sparta-master\src\Obj_mpi\modify.o
	    New File  		   12428	C:\Users\DELL\OneDrive\Desktop\sparta代码修改流程\sparta-master\src\Obj_mpi\move_surf.d
	    New File  		  179368	C:\Users\DELL\OneDrive\Desktop\sparta代码修改流程\sparta-master\src\Obj_mpi\move_surf.o
	    New File  		   12572	C:\Users\DELL\OneDrive\Desktop\sparta代码修改流程\sparta-master\src\Obj_mpi\output.d
	    New File  		  178024	C:\Users\DELL\OneDrive\Desktop\sparta代码修改流程\sparta-master\src\Obj_mpi\output.o
	    New File  		   12434	C:\Users\DELL\OneDrive\Desktop\sparta代码修改流程\sparta-master\src\Obj_mpi\particle.d
	    New File  		  190912	C:\Users\DELL\OneDrive\Desktop\sparta代码修改流程\sparta-master\src\Obj_mpi\particle.o
	    New File  		   11380	C:\Users\DELL\OneDrive\Desktop\sparta代码修改流程\sparta-master\src\Obj_mpi\particle_custom.d
	    New File  		  160920	C:\Users\DELL\OneDrive\Desktop\sparta代码修改流程\sparta-master\src\Obj_mpi\particle_custom.o
	    New File  		    3318	C:\Users\DELL\OneDrive\Desktop\sparta代码修改流程\sparta-master\src\Obj_mpi\random_knuth.d
	    New File  		    3600	C:\Users\DELL\OneDrive\Desktop\sparta代码修改流程\sparta-master\src\Obj_mpi\random_knuth.o
	    New File  		   11969	C:\Users\DELL\OneDrive\Desktop\sparta代码修改流程\sparta-master\src\Obj_mpi\random_mars.d
	    New File  		  152944	C:\Users\DELL\OneDrive\Desktop\sparta代码修改流程\sparta-master\src\Obj_mpi\random_mars.o
	    New File  		   11976	C:\Users\DELL\OneDrive\Desktop\sparta代码修改流程\sparta-master\src\Obj_mpi\rcb.d
	    New File  		  175224	C:\Users\DELL\OneDrive\Desktop\sparta代码修改流程\sparta-master\src\Obj_mpi\rcb.o
	    New File  		   12036	C:\Users\DELL\OneDrive\Desktop\sparta代码修改流程\sparta-master\src\Obj_mpi\react.d
	    New File  		  154592	C:\Users\DELL\OneDrive\Desktop\sparta代码修改流程\sparta-master\src\Obj_mpi\react.o
	    New File  		   12157	C:\Users\DELL\OneDrive\Desktop\sparta代码修改流程\sparta-master\src\Obj_mpi\react_bird.d
	    New File  		  174616	C:\Users\DELL\OneDrive\Desktop\sparta代码修改流程\sparta-master\src\Obj_mpi\react_bird.o
	    New File  		   12106	C:\Users\DELL\OneDrive\Desktop\sparta代码修改流程\sparta-master\src\Obj_mpi\react_qk.d
	    New File  		  154680	C:\Users\DELL\OneDrive\Desktop\sparta代码修改流程\sparta-master\src\Obj_mpi\react_qk.o
	    New File  		   12093	C:\Users\DELL\OneDrive\Desktop\sparta代码修改流程\sparta-master\src\Obj_mpi\react_tce.d
	    New File  		  157680	C:\Users\DELL\OneDrive\Desktop\sparta代码修改流程\sparta-master\src\Obj_mpi\react_tce.o
	    New File  		   12102	C:\Users\DELL\OneDrive\Desktop\sparta代码修改流程\sparta-master\src\Obj_mpi\react_tce_qk.d
	    New File  		  156560	C:\Users\DELL\OneDrive\Desktop\sparta代码修改流程\sparta-master\src\Obj_mpi\react_tce_qk.o
	    New File  		   11765	C:\Users\DELL\OneDrive\Desktop\sparta代码修改流程\sparta-master\src\Obj_mpi\read_grid.d
	    New File  		  170856	C:\Users\DELL\OneDrive\Desktop\sparta代码修改流程\sparta-master\src\Obj_mpi\read_grid.o
	    New File  		   12412	C:\Users\DELL\OneDrive\Desktop\sparta代码修改流程\sparta-master\src\Obj_mpi\read_isurf.d
	    New File  		  177728	C:\Users\DELL\OneDrive\Desktop\sparta代码修改流程\sparta-master\src\Obj_mpi\read_isurf.o
	    New File  		   12393	C:\Users\DELL\OneDrive\Desktop\sparta代码修改流程\sparta-master\src\Obj_mpi\read_particles.d
	    New File  		  161416	C:\Users\DELL\OneDrive\Desktop\sparta代码修改流程\sparta-master\src\Obj_mpi\read_particles.o
	    New File  		   12554	C:\Users\DELL\OneDrive\Desktop\sparta代码修改流程\sparta-master\src\Obj_mpi\read_restart.d
	    New File  		  230080	C:\Users\DELL\OneDrive\Desktop\sparta代码修改流程\sparta-master\src\Obj_mpi\read_restart.o
	    New File  		   12560	C:\Users\DELL\OneDrive\Desktop\sparta代码修改流程\sparta-master\src\Obj_mpi\read_surf.d
	    New File  		  218592	C:\Users\DELL\OneDrive\Desktop\sparta代码修改流程\sparta-master\src\Obj_mpi\read_surf.o
	    New File  		   12005	C:\Users\DELL\OneDrive\Desktop\sparta代码修改流程\sparta-master\src\Obj_mpi\region.d
	    New File  		  151480	C:\Users\DELL\OneDrive\Desktop\sparta代码修改流程\sparta-master\src\Obj_mpi\region.o
	    New File  		   11425	C:\Users\DELL\OneDrive\Desktop\sparta代码修改流程\sparta-master\src\Obj_mpi\region_block.d
	    New File  		  152248	C:\Users\DELL\OneDrive\Desktop\sparta代码修改流程\sparta-master\src\Obj_mpi\region_block.o
	    New File  		   12018	C:\Users\DELL\OneDrive\Desktop\sparta代码修改流程\sparta-master\src\Obj_mpi\region_cylinder.d
	    New File  		  153144	C:\Users\DELL\OneDrive\Desktop\sparta代码修改流程\sparta-master\src\Obj_mpi\region_cylinder.o
	    New File  		   11437	C:\Users\DELL\OneDrive\Desktop\sparta代码修改流程\sparta-master\src\Obj_mpi\region_intersect.d
	    New File  		  152144	C:\Users\DELL\OneDrive\Desktop\sparta代码修改流程\sparta-master\src\Obj_mpi\region_intersect.o
	    New File  		   12009	C:\Users\DELL\OneDrive\Desktop\sparta代码修改流程\sparta-master\src\Obj_mpi\region_plane.d
	    New File  		  151928	C:\Users\DELL\OneDrive\Desktop\sparta代码修改流程\sparta-master\src\Obj_mpi\region_plane.o
	    New File  		   12012	C:\Users\DELL\OneDrive\Desktop\sparta代码修改流程\sparta-master\src\Obj_mpi\region_sphere.d
	    New File  		  151600	C:\Users\DELL\OneDrive\Desktop\sparta代码修改流程\sparta-master\src\Obj_mpi\region_sphere.o
	    New File  		   11425	C:\Users\DELL\OneDrive\Desktop\sparta代码修改流程\sparta-master\src\Obj_mpi\region_union.d
	    New File  		  152320	C:\Users\DELL\OneDrive\Desktop\sparta代码修改流程\sparta-master\src\Obj_mpi\region_union.o
	    New File  		   11757	C:\Users\DELL\OneDrive\Desktop\sparta代码修改流程\sparta-master\src\Obj_mpi\remove_surf.d
	    New File  		  158240	C:\Users\DELL\OneDrive\Desktop\sparta代码修改流程\sparta-master\src\Obj_mpi\remove_surf.o
	    New File  		   12422	C:\Users\DELL\OneDrive\Desktop\sparta代码修改流程\sparta-master\src\Obj_mpi\run.d
	    New File  		  157752	C:\Users\DELL\OneDrive\Desktop\sparta代码修改流程\sparta-master\src\Obj_mpi\run.o
	    New File  		   12427	C:\Users\DELL\OneDrive\Desktop\sparta代码修改流程\sparta-master\src\Obj_mpi\scale_particles.d
	    New File  		  155016	C:\Users\DELL\OneDrive\Desktop\sparta代码修改流程\sparta-master\src\Obj_mpi\scale_particles.o
	    New File  		    2997	C:\Users\DELL\OneDrive\Desktop\sparta代码修改流程\sparta-master\src\MAKE\Makefile.astra_kokkos
	    New File  		   11347	C:\Users\DELL\OneDrive\Desktop\sparta代码修改流程\sparta-master\src\Obj_mpi\spapython.d
	    New File  		  153368	C:\Users\DELL\OneDrive\Desktop\sparta代码修改流程\sparta-master\src\Obj_mpi\spapython.o
	    New File  		   14315	C:\Users\DELL\OneDrive\Desktop\sparta代码修改流程\sparta-master\src\Obj_mpi\sparta.d
	    New File  		  208152	C:\Users\DELL\OneDrive\Desktop\sparta代码修改流程\sparta-master\src\Obj_mpi\sparta.o
	    New File  		    2843	C:\Users\DELL\OneDrive\Desktop\sparta代码修改流程\sparta-master\src\MAKE\Makefile.bgq
	    New File  		   12492	C:\Users\DELL\OneDrive\Desktop\sparta代码修改流程\sparta-master\src\Obj_mpi\stats.d
	    New File  		    2824	C:\Users\DELL\OneDrive\Desktop\sparta代码修改流程\sparta-master\src\MAKE\Makefile.bgq_big
	    New File  		    2823	C:\Users\DELL\OneDrive\Desktop\sparta代码修改流程\sparta-master\src\MAKE\Makefile.bgq_xlr
	    New File  		  206384	C:\Users\DELL\OneDrive\Desktop\sparta代码修改流程\sparta-master\src\Obj_mpi\stats.o
	    New File  		   12829	C:\Users\DELL\OneDrive\Desktop\sparta代码修改流程\sparta-master\src\Obj_mpi\surf.d
	    New File  		    2847	C:\Users\DELL\OneDrive\Desktop\sparta代码修改流程\sparta-master\src\MAKE\Makefile.chama
	    New File  		  262784	C:\Users\DELL\OneDrive\Desktop\sparta代码修改流程\sparta-master\src\Obj_mpi\surf.o
	    New File  		    2883	C:\Users\DELL\OneDrive\Desktop\sparta代码修改流程\sparta-master\src\MAKE\Makefile.chama_big
	    New File  		   11716	C:\Users\DELL\OneDrive\Desktop\sparta代码修改流程\sparta-master\src\Obj_mpi\surf_collate.d
	    New File  		  154136	C:\Users\DELL\OneDrive\Desktop\sparta代码修改流程\sparta-master\src\Obj_mpi\surf_collate.o
	    New File  		   12331	C:\Users\DELL\OneDrive\Desktop\sparta代码修改流程\sparta-master\src\Obj_mpi\surf_collide.d
	    New File  		    2857	C:\Users\DELL\OneDrive\Desktop\sparta代码修改流程\sparta-master\src\MAKE\Makefile.chama_mpich
	    New File  		  157944	C:\Users\DELL\OneDrive\Desktop\sparta代码修改流程\sparta-master\src\Obj_mpi\surf_collide.o
	    New File  		   12459	C:\Users\DELL\OneDrive\Desktop\sparta代码修改流程\sparta-master\src\Obj_mpi\surf_collide_adiabatic.d
	    New File  		  154584	C:\Users\DELL\OneDrive\Desktop\sparta代码修改流程\sparta-master\src\Obj_mpi\surf_collide_adiabatic.o
	    New File  		   12537	C:\Users\DELL\OneDrive\Desktop\sparta代码修改流程\sparta-master\src\Obj_mpi\surf_collide_cll.d
	    New File  		  166064	C:\Users\DELL\OneDrive\Desktop\sparta代码修改流程\sparta-master\src\Obj_mpi\surf_collide_cll.o
	    New File  		   12518	C:\Users\DELL\OneDrive\Desktop\sparta代码修改流程\sparta-master\src\Obj_mpi\surf_collide_diffuse.d
	    New File  		  161256	C:\Users\DELL\OneDrive\Desktop\sparta代码修改流程\sparta-master\src\Obj_mpi\surf_collide_diffuse.o
	    New File  		   12555	C:\Users\DELL\OneDrive\Desktop\sparta代码修改流程\sparta-master\src\Obj_mpi\surf_collide_impulsive.d
	    New File  		  164416	C:\Users\DELL\OneDrive\Desktop\sparta代码修改流程\sparta-master\src\Obj_mpi\surf_collide_impulsive.o
	    New File  		   12412	C:\Users\DELL\OneDrive\Desktop\sparta代码修改流程\sparta-master\src\Obj_mpi\surf_collide_piston.d
	    New File  		  154488	C:\Users\DELL\OneDrive\Desktop\sparta代码修改流程\sparta-master\src\Obj_mpi\surf_collide_piston.o
	    New File  		   12380	C:\Users\DELL\OneDrive\Desktop\sparta代码修改流程\sparta-master\src\Obj_mpi\surf_collide_specular.d
	    New File  		  153480	C:\Users\DELL\OneDrive\Desktop\sparta代码修改流程\sparta-master\src\Obj_mpi\surf_collide_specular.o
	    New File  		   12500	C:\Users\DELL\OneDrive\Desktop\sparta代码修改流程\sparta-master\src\Obj_mpi\surf_collide_td.d
	    New File  		  159168	C:\Users\DELL\OneDrive\Desktop\sparta代码修改流程\sparta-master\src\Obj_mpi\surf_collide_td.o
	    New File  		   12043	C:\Users\DELL\OneDrive\Desktop\sparta代码修改流程\sparta-master\src\Obj_mpi\surf_collide_transparent.d
	    New File  		  152352	C:\Users\DELL\OneDrive\Desktop\sparta代码修改流程\sparta-master\src\Obj_mpi\surf_collide_transparent.o
	    New File  		   12028	C:\Users\DELL\OneDrive\Desktop\sparta代码修改流程\sparta-master\src\Obj_mpi\surf_collide_vanish.d
	    New File  		  152368	C:\Users\DELL\OneDrive\Desktop\sparta代码修改流程\sparta-master\src\Obj_mpi\surf_collide_vanish.o
	    New File  		   12402	C:\Users\DELL\OneDrive\Desktop\sparta代码修改流程\sparta-master\src\Obj_mpi\surf_comm.d
	    New File  		  174056	C:\Users\DELL\OneDrive\Desktop\sparta代码修改流程\sparta-master\src\Obj_mpi\surf_comm.o
	    New File  		   11681	C:\Users\DELL\OneDrive\Desktop\sparta代码修改流程\sparta-master\src\Obj_mpi\surf_custom.d
	    New File  		  167392	C:\Users\DELL\OneDrive\Desktop\sparta代码修改流程\sparta-master\src\Obj_mpi\surf_custom.o
	    New File  		   12069	C:\Users\DELL\OneDrive\Desktop\sparta代码修改流程\sparta-master\src\Obj_mpi\surf_react.d
	    New File  		  153992	C:\Users\DELL\OneDrive\Desktop\sparta代码修改流程\sparta-master\src\Obj_mpi\surf_react.o
	    New File  		   12856	C:\Users\DELL\OneDrive\Desktop\sparta代码修改流程\sparta-master\src\Obj_mpi\surf_react_adsorb.d
	    New File  		  253992	C:\Users\DELL\OneDrive\Desktop\sparta代码修改流程\sparta-master\src\Obj_mpi\surf_react_adsorb.o
	    New File  		   12483	C:\Users\DELL\OneDrive\Desktop\sparta代码修改流程\sparta-master\src\Obj_mpi\surf_react_gamma.d
	    New File  		  189600	C:\Users\DELL\OneDrive\Desktop\sparta代码修改流程\sparta-master\src\Obj_mpi\surf_react_gamma.o
	    New File  		   12104	C:\Users\DELL\OneDrive\Desktop\sparta代码修改流程\sparta-master\src\Obj_mpi\surf_react_global.d
	    New File  		  155512	C:\Users\DELL\OneDrive\Desktop\sparta代码修改流程\sparta-master\src\Obj_mpi\surf_react_global.o
	    New File  		   12113	C:\Users\DELL\OneDrive\Desktop\sparta代码修改流程\sparta-master\src\Obj_mpi\surf_react_prob.d
	    New File  		  164800	C:\Users\DELL\OneDrive\Desktop\sparta代码修改流程\sparta-master\src\Obj_mpi\surf_react_prob.o
	    New File  		   11354	C:\Users\DELL\OneDrive\Desktop\sparta代码修改流程\sparta-master\src\Obj_mpi\timer.d
	    New File  		  153816	C:\Users\DELL\OneDrive\Desktop\sparta代码修改流程\sparta-master\src\Obj_mpi\timer.o
	    New File  		   11380	C:\Users\DELL\OneDrive\Desktop\sparta代码修改流程\sparta-master\src\Obj_mpi\universe.d
	    New File  		  152832	C:\Users\DELL\OneDrive\Desktop\sparta代码修改流程\sparta-master\src\Obj_mpi\universe.o
	    New File  		   12542	C:\Users\DELL\OneDrive\Desktop\sparta代码修改流程\sparta-master\src\Obj_mpi\update.d
	    New File  		  245608	C:\Users\DELL\OneDrive\Desktop\sparta代码修改流程\sparta-master\src\Obj_mpi\update.o
	    New File  		   12374	C:\Users\DELL\OneDrive\Desktop\sparta代码修改流程\sparta-master\src\Obj_mpi\utils.d
	    New File  		  194256	C:\Users\DELL\OneDrive\Desktop\sparta代码修改流程\sparta-master\src\Obj_mpi\utils.o
	    New File  		   13184	C:\Users\DELL\OneDrive\Desktop\sparta代码修改流程\sparta-master\src\Obj_mpi\variable.d
	    New File  		  305072	C:\Users\DELL\OneDrive\Desktop\sparta代码修改流程\sparta-master\src\Obj_mpi\variable.o
	    New File  		   11748	C:\Users\DELL\OneDrive\Desktop\sparta代码修改流程\sparta-master\src\Obj_mpi\write_grid.d
	    New File  		  159992	C:\Users\DELL\OneDrive\Desktop\sparta代码修改流程\sparta-master\src\Obj_mpi\write_grid.o
	    New File  		   12430	C:\Users\DELL\OneDrive\Desktop\sparta代码修改流程\sparta-master\src\Obj_mpi\write_isurf.d
	    New File  		  158944	C:\Users\DELL\OneDrive\Desktop\sparta代码修改流程\sparta-master\src\Obj_mpi\write_isurf.o
	    New File  		    3267	C:\Users\DELL\OneDrive\Desktop\sparta代码修改流程\sparta-master\src\MAKE\Makefile.elcapitan_kokkos
	    New File  		    3273	C:\Users\DELL\OneDrive\Desktop\sparta代码修改流程\sparta-master\src\MAKE\Makefile.kokkos_cuda
	    New File  		    3329	C:\Users\DELL\OneDrive\Desktop\sparta代码修改流程\sparta-master\src\MAKE\Makefile.kokkos_hip
	    New File  		    3007	C:\Users\DELL\OneDrive\Desktop\sparta代码修改流程\sparta-master\src\MAKE\Makefile.kokkos_mpi_only
	    New File  		    2951	C:\Users\DELL\OneDrive\Desktop\sparta代码修改流程\sparta-master\src\MAKE\Makefile.kokkos_omp
	    New File  		    2980	C:\Users\DELL\OneDrive\Desktop\sparta代码修改流程\sparta-master\src\MAKE\Makefile.kokkos_phi
	    New File  		    3315	C:\Users\DELL\OneDrive\Desktop\sparta代码修改流程\sparta-master\src\MAKE\Makefile.kokkos_sycl
	    New File  		    2835	C:\Users\DELL\OneDrive\Desktop\sparta代码修改流程\sparta-master\src\MAKE\Makefile.mac
	    New File  		    2801	C:\Users\DELL\OneDrive\Desktop\sparta代码修改流程\sparta-master\src\MAKE\Makefile.mac_mpi
	    New File  		    2786	C:\Users\DELL\OneDrive\Desktop\sparta代码修改流程\sparta-master\src\MAKE\Makefile.mpi
	    New File  		    2806	C:\Users\DELL\OneDrive\Desktop\sparta代码修改流程\sparta-master\src\MAKE\Makefile.mpi_big
	    New File  		    2797	C:\Users\DELL\OneDrive\Desktop\sparta代码修改流程\sparta-master\src\MAKE\Makefile.mpi_debug
	    New File  		    2882	C:\Users\DELL\OneDrive\Desktop\sparta代码修改流程\sparta-master\src\MAKE\Makefile.openmpi
	    New File  		    2834	C:\Users\DELL\OneDrive\Desktop\sparta代码修改流程\sparta-master\src\MAKE\Makefile.png
	    New File  		    2834	C:\Users\DELL\OneDrive\Desktop\sparta代码修改流程\sparta-master\src\MAKE\Makefile.png.txt
	    New File  		   12399	C:\Users\DELL\OneDrive\Desktop\sparta代码修改流程\sparta-master\src\Obj_mpi\write_restart.d
	    New File  		    2853	C:\Users\DELL\OneDrive\Desktop\sparta代码修改流程\sparta-master\src\MAKE\Makefile.redsky
	    New File  		  179296	C:\Users\DELL\OneDrive\Desktop\sparta代码修改流程\sparta-master\src\Obj_mpi\write_restart.o
	    New File  		    2885	C:\Users\DELL\OneDrive\Desktop\sparta代码修改流程\sparta-master\src\MAKE\Makefile.redsky_mpich
	    New File  		    2808	C:\Users\DELL\OneDrive\Desktop\sparta代码修改流程\sparta-master\src\MAKE\Makefile.serial
	    New File  		    2819	C:\Users\DELL\OneDrive\Desktop\sparta代码修改流程\sparta-master\src\MAKE\Makefile.serial_debug
	    New File  		   12350	C:\Users\DELL\OneDrive\Desktop\sparta代码修改流程\sparta-master\src\Obj_mpi\write_surf.d
	    New File  		    3372	C:\Users\DELL\OneDrive\Desktop\sparta代码修改流程\sparta-master\src\MAKE\Makefile.summit_kokkos
	    New File  		    3371	C:\Users\DELL\OneDrive\Desktop\sparta代码修改流程\sparta-master\src\MAKE\Makefile.vortex_kokkos
	    New File  		    2793	C:\Users\DELL\OneDrive\Desktop\sparta代码修改流程\sparta-master\src\MAKE\Makefile.wsv
	    New File  		  183688	C:\Users\DELL\OneDrive\Desktop\sparta代码修改流程\sparta-master\src\Obj_mpi\write_surf.o
	    New File  		    1544	C:\Users\DELL\OneDrive\Desktop\sparta代码修改流程\sparta-master\src\PYTHON\CMakeLists.txt
	    New File  		    1862	C:\Users\DELL\OneDrive\Desktop\sparta代码修改流程\sparta-master\src\PYTHON\Install.sh
	    New File  		    1532	C:\Users\DELL\OneDrive\Desktop\sparta代码修改流程\sparta-master\cmake\common\print\sparta_options.cmake
	    New File  		    1242	C:\Users\DELL\OneDrive\Desktop\sparta代码修改流程\sparta-master\src\PYTHON\python_compat.h
	    New File  		   23804	C:\Users\DELL\OneDrive\Desktop\sparta代码修改流程\sparta-master\src\PYTHON\python_impl.cpp
	    New File  		    1864	C:\Users\DELL\OneDrive\Desktop\sparta代码修改流程\sparta-master\src\PYTHON\python_impl.h
	    New File  		    1024	C:\Users\DELL\OneDrive\Desktop\sparta代码修改流程\sparta-master\src\PYTHON\python_utils.h
	    New File  		    5562	C:\Users\DELL\OneDrive\Desktop\sparta代码修改流程\sparta-master\src\Obj_serial\adapt_grid.d
	    New File  		   52129	C:\Users\DELL\OneDrive\Desktop\sparta代码修改流程\sparta-master\src\Obj_serial\adapt_grid.o
	    New File  		    4837	C:\Users\DELL\OneDrive\Desktop\sparta代码修改流程\sparta-master\src\Obj_serial\balance_grid.d
	    New File  		   17436	C:\Users\DELL\OneDrive\Desktop\sparta代码修改流程\sparta-master\src\Obj_serial\balance_grid.o
	    New File  		    4825	C:\Users\DELL\OneDrive\Desktop\sparta代码修改流程\sparta-master\src\Obj_serial\collide.d
	    New File  		   82244	C:\Users\DELL\OneDrive\Desktop\sparta代码修改流程\sparta-master\src\Obj_serial\collide.o
	    New File  		    4839	C:\Users\DELL\OneDrive\Desktop\sparta代码修改流程\sparta-master\src\Obj_serial\collide_vss.d
	    New File  		   30417	C:\Users\DELL\OneDrive\Desktop\sparta代码修改流程\sparta-master\src\Obj_serial\collide_vss.o
	    New File  		    4737	C:\Users\DELL\OneDrive\Desktop\sparta代码修改流程\sparta-master\src\Obj_serial\comm.d
	    New File  		   23524	C:\Users\DELL\OneDrive\Desktop\sparta代码修改流程\sparta-master\src\Obj_serial\comm.o
	    New File  		    2468	C:\Users\DELL\OneDrive\Desktop\sparta代码修改流程\sparta-master\src\Obj_serial\compute.d
	    New File  		   20140	C:\Users\DELL\OneDrive\Desktop\sparta代码修改流程\sparta-master\src\Obj_serial\compute.o
	    New File  		       0	C:\Users\DELL\OneDrive\Desktop\sparta代码修改流程\sparta-master\src\Obj_serial\compute_boundary.d
	    New File  		   26693	C:\Users\DELL\OneDrive\Desktop\sparta代码修改流程\sparta-master\src\Obj_serial\compute_boundary.o
	    New File  		    2449	C:\Users\DELL\OneDrive\Desktop\sparta代码修改流程\sparta-master\src\Obj_serial\compute_count.d
	    New File  		   22373	C:\Users\DELL\OneDrive\Desktop\sparta代码修改流程\sparta-master\src\Obj_serial\compute_count.o
	    New File  		    4815	C:\Users\DELL\OneDrive\Desktop\sparta代码修改流程\sparta-master\src\Obj_serial\compute_distsurf_grid.d
	    New File  		   21827	C:\Users\DELL\OneDrive\Desktop\sparta代码修改流程\sparta-master\src\Obj_serial\compute_distsurf_grid.o
	    New File  		    4777	C:\Users\DELL\OneDrive\Desktop\sparta代码修改流程\sparta-master\src\Obj_serial\compute_dt_grid.d
	    New File  		   34219	C:\Users\DELL\OneDrive\Desktop\sparta代码修改流程\sparta-master\src\Obj_serial\compute_dt_grid.o
	    New File  		    4778	C:\Users\DELL\OneDrive\Desktop\sparta代码修改流程\sparta-master\src\Obj_serial\compute_eflux_grid.d
	    New File  		   23207	C:\Users\DELL\OneDrive\Desktop\sparta代码修改流程\sparta-master\src\Obj_serial\compute_eflux_grid.o
	    New File  		    4790	C:\Users\DELL\OneDrive\Desktop\sparta代码修改流程\sparta-master\src\Obj_serial\compute_gas_collision_grid.d
	    New File  		   17931	C:\Users\DELL\OneDrive\Desktop\sparta代码修改流程\sparta-master\src\Obj_serial\compute_gas_collision_grid.o
	    New File  		    4793	C:\Users\DELL\OneDrive\Desktop\sparta代码修改流程\sparta-master\src\Obj_serial\compute_gas_collision_tally.d
	    New File  		   21123	C:\Users\DELL\OneDrive\Desktop\sparta代码修改流程\sparta-master\src\Obj_serial\compute_gas_collision_tally.o
	    New File  		    4798	C:\Users\DELL\OneDrive\Desktop\sparta代码修改流程\sparta-master\src\Obj_serial\compute_gas_reaction_grid.d
	    New File  		   20561	C:\Users\DELL\OneDrive\Desktop\sparta代码修改流程\sparta-master\src\Obj_serial\compute_gas_reaction_grid.o
	    New File  		    4790	C:\Users\DELL\OneDrive\Desktop\sparta代码修改流程\sparta-master\src\Obj_serial\compute_gas_reaction_tally.d
	    New File  		   23141	C:\Users\DELL\OneDrive\Desktop\sparta代码修改流程\sparta-master\src\Obj_serial\compute_gas_reaction_tally.o
	    New File  		    4770	C:\Users\DELL\OneDrive\Desktop\sparta代码修改流程\sparta-master\src\Obj_serial\compute_grid.d
	    New File  		   26988	C:\Users\DELL\OneDrive\Desktop\sparta代码修改流程\sparta-master\src\Obj_serial\compute_grid.o
	    New File  		    4804	C:\Users\DELL\OneDrive\Desktop\sparta代码修改流程\sparta-master\src\Obj_serial\compute_isurf_grid.d
	    New File  		   33632	C:\Users\DELL\OneDrive\Desktop\sparta代码修改流程\sparta-master\src\Obj_serial\compute_isurf_grid.o
	    New File  		    2470	C:\Users\DELL\OneDrive\Desktop\sparta代码修改流程\sparta-master\src\Obj_serial\compute_ke_particle.d
	    New File  		   18857	C:\Users\DELL\OneDrive\Desktop\sparta代码修改流程\sparta-master\src\Obj_serial\compute_ke_particle.o
	    New File  		    4829	C:\Users\DELL\OneDrive\Desktop\sparta代码修改流程\sparta-master\src\Obj_serial\compute_lambda_grid.d
	    New File  		   37920	C:\Users\DELL\OneDrive\Desktop\sparta代码修改流程\sparta-master\src\Obj_serial\compute_lambda_grid.o
	    New File  		    4778	C:\Users\DELL\OneDrive\Desktop\sparta代码修改流程\sparta-master\src\Obj_serial\compute_pflux_grid.d
	    New File  		   22237	C:\Users\DELL\OneDrive\Desktop\sparta代码修改流程\sparta-master\src\Obj_serial\compute_pflux_grid.o
	    New File  		    4774	C:\Users\DELL\OneDrive\Desktop\sparta代码修改流程\sparta-master\src\Obj_serial\compute_property_grid.d
	    New File  		   25876	C:\Users\DELL\OneDrive\Desktop\sparta代码修改流程\sparta-master\src\Obj_serial\compute_property_grid.o
	    New File  		    4793	C:\Users\DELL\OneDrive\Desktop\sparta代码修改流程\sparta-master\src\Obj_serial\compute_property_surf.d
	    New File  		   34910	C:\Users\DELL\OneDrive\Desktop\sparta代码修改流程\sparta-master\src\Obj_serial\compute_property_surf.o
	    New File  		    4776	C:\Users\DELL\OneDrive\Desktop\sparta代码修改流程\sparta-master\src\Obj_serial\compute_react_boundary.d
	    New File  		   20067	C:\Users\DELL\OneDrive\Desktop\sparta代码修改流程\sparta-master\src\Obj_serial\compute_react_boundary.o
	    New File  		    4838	C:\Users\DELL\OneDrive\Desktop\sparta代码修改流程\sparta-master\src\Obj_serial\compute_react_isurf_grid.d
	    New File  		   26026	C:\Users\DELL\OneDrive\Desktop\sparta代码修改流程\sparta-master\src\Obj_serial\compute_react_isurf_grid.o
	    New File  		    4768	C:\Users\DELL\OneDrive\Desktop\sparta代码修改流程\sparta-master\src\Obj_serial\compute_react_surf.d
	    New File  		   25521	C:\Users\DELL\OneDrive\Desktop\sparta代码修改流程\sparta-master\src\Obj_serial\compute_react_surf.o
	    New File  		    4812	C:\Users\DELL\OneDrive\Desktop\sparta代码修改流程\sparta-master\src\Obj_serial\compute_reduce.d
	    New File  		   74307	C:\Users\DELL\OneDrive\Desktop\sparta代码修改流程\sparta-master\src\Obj_serial\compute_reduce.o
	    New File  		    4791	C:\Users\DELL\OneDrive\Desktop\sparta代码修改流程\sparta-master\src\Obj_serial\compute_sonine_grid.d
	    New File  		   21915	C:\Users\DELL\OneDrive\Desktop\sparta代码修改流程\sparta-master\src\Obj_serial\compute_sonine_grid.o
	    New File  		    4912	C:\Users\DELL\OneDrive\Desktop\sparta代码修改流程\sparta-master\src\Obj_serial\compute_surf.d
	    New File  		   42273	C:\Users\DELL\OneDrive\Desktop\sparta代码修改流程\sparta-master\src\Obj_serial\compute_surf.o
	    New File  		    4789	C:\Users\DELL\OneDrive\Desktop\sparta代码修改流程\sparta-master\src\Obj_serial\compute_surf_collision_tally.d
	    New File  		   20364	C:\Users\DELL\OneDrive\Desktop\sparta代码修改流程\sparta-master\src\Obj_serial\compute_surf_collision_tally.o
	    New File  		    4782	C:\Users\DELL\OneDrive\Desktop\sparta代码修改流程\sparta-master\src\Obj_serial\compute_surf_reaction_tally.d
	    New File  		   22017	C:\Users\DELL\OneDrive\Desktop\sparta代码修改流程\sparta-master\src\Obj_serial\compute_surf_reaction_tally.o
	    New File  		    2423	C:\Users\DELL\OneDrive\Desktop\sparta代码修改流程\sparta-master\src\Obj_serial\compute_temp.d
	    New File  		   19314	C:\Users\DELL\OneDrive\Desktop\sparta代码修改流程\sparta-master\src\Obj_serial\compute_temp.o
	    New File  		    4794	C:\Users\DELL\OneDrive\Desktop\sparta代码修改流程\sparta-master\src\Obj_serial\compute_thermal_grid.d
	    New File  		   20980	C:\Users\DELL\OneDrive\Desktop\sparta代码修改流程\sparta-master\src\Obj_serial\compute_thermal_grid.o
	    New File  		    4775	C:\Users\DELL\OneDrive\Desktop\sparta代码修改流程\sparta-master\src\Obj_serial\compute_tvib_grid.d
	    New File  		   27469	C:\Users\DELL\OneDrive\Desktop\sparta代码修改流程\sparta-master\src\Obj_serial\compute_tvib_grid.o
	    New File  		    2408	C:\Users\DELL\OneDrive\Desktop\sparta代码修改流程\sparta-master\src\Obj_serial\create_box.d
	    New File  		    4900	C:\Users\DELL\OneDrive\Desktop\sparta代码修改流程\sparta-master\src\Obj_serial\create_box.o
	    New File  		    4788	C:\Users\DELL\OneDrive\Desktop\sparta代码修改流程\sparta-master\src\Obj_serial\create_grid.d
	    New File  		   23751	C:\Users\DELL\OneDrive\Desktop\sparta代码修改流程\sparta-master\src\Obj_serial\create_grid.o
	    New File  		    4838	C:\Users\DELL\OneDrive\Desktop\sparta代码修改流程\sparta-master\src\Obj_serial\create_isurf.d
	    New File  		   67538	C:\Users\DELL\OneDrive\Desktop\sparta代码修改流程\sparta-master\src\Obj_serial\create_isurf.o
	    New File  		    4873	C:\Users\DELL\OneDrive\Desktop\sparta代码修改流程\sparta-master\src\Obj_serial\create_particles.d
	    New File  		   36852	C:\Users\DELL\OneDrive\Desktop\sparta代码修改流程\sparta-master\src\Obj_serial\create_particles.o
	    New File  		    4792	C:\Users\DELL\OneDrive\Desktop\sparta代码修改流程\sparta-master\src\Obj_serial\custom.d
	    New File  		   53700	C:\Users\DELL\OneDrive\Desktop\sparta代码修改流程\sparta-master\src\Obj_serial\custom.o
	    New File  		    5316	C:\Users\DELL\OneDrive\Desktop\sparta代码修改流程\sparta-master\src\Obj_serial\cut2d.d
	    New File  		   30908	C:\Users\DELL\OneDrive\Desktop\sparta代码修改流程\sparta-master\src\Obj_serial\cut2d.o
	    New File  		    5323	C:\Users\DELL\OneDrive\Desktop\sparta代码修改流程\sparta-master\src\Obj_serial\cut3d.d
	    New File  		   59421	C:\Users\DELL\OneDrive\Desktop\sparta代码修改流程\sparta-master\src\Obj_serial\cut3d.o
	    New File  		    4878	C:\Users\DELL\OneDrive\Desktop\sparta代码修改流程\sparta-master\src\Obj_serial\domain.d
	    New File  		   20358	C:\Users\DELL\OneDrive\Desktop\sparta代码修改流程\sparta-master\src\Obj_serial\domain.o
	    New File  		    4729	C:\Users\DELL\OneDrive\Desktop\sparta代码修改流程\sparta-master\src\Obj_serial\dump.d
	    New File  		   19708	C:\Users\DELL\OneDrive\Desktop\sparta代码修改流程\sparta-master\src\Obj_serial\dump.o
	    New File  		    4790	C:\Users\DELL\OneDrive\Desktop\sparta代码修改流程\sparta-master\src\Obj_serial\dump_grid.d
	    New File  		   30354	C:\Users\DELL\OneDrive\Desktop\sparta代码修改流程\sparta-master\src\Obj_serial\dump_grid.o
	    New File  		    4954	C:\Users\DELL\OneDrive\Desktop\sparta代码修改流程\sparta-master\src\Obj_serial\dump_image.d
	    New File  		   58528	C:\Users\DELL\OneDrive\Desktop\sparta代码修改流程\sparta-master\src\Obj_serial\dump_image.o
	    New File  		    2421	C:\Users\DELL\OneDrive\Desktop\sparta代码修改流程\sparta-master\src\Obj_serial\dump_movie.d
	    New File  		    8425	C:\Users\DELL\OneDrive\Desktop\sparta代码修改流程\sparta-master\src\Obj_serial\dump_movie.o
	    New File  		    4831	C:\Users\DELL\OneDrive\Desktop\sparta代码修改流程\sparta-master\src\Obj_serial\dump_particle.d
	    New File  		   45544	C:\Users\DELL\OneDrive\Desktop\sparta代码修改流程\sparta-master\src\Obj_serial\dump_particle.o
	    New File  		    4767	C:\Users\DELL\OneDrive\Desktop\sparta代码修改流程\sparta-master\src\Obj_serial\dump_surf.d
	    New File  		   32854	C:\Users\DELL\OneDrive\Desktop\sparta代码修改流程\sparta-master\src\Obj_serial\dump_surf.o
	    New File  		    2462	C:\Users\DELL\OneDrive\Desktop\sparta代码修改流程\sparta-master\src\Obj_serial\dump_tally.d
	    New File  		   16693	C:\Users\DELL\OneDrive\Desktop\sparta代码修改流程\sparta-master\src\Obj_serial\dump_tally.o
	    New File  		    4770	C:\Users\DELL\OneDrive\Desktop\sparta代码修改流程\sparta-master\src\Obj_serial\error.d
	    New File  		    6457	C:\Users\DELL\OneDrive\Desktop\sparta代码修改流程\sparta-master\src\Obj_serial\error.o
	    New File  		    4766	C:\Users\DELL\OneDrive\Desktop\sparta代码修改流程\sparta-master\src\Obj_serial\finish.d
	    New File  		   22436	C:\Users\DELL\OneDrive\Desktop\sparta代码修改流程\sparta-master\src\Obj_serial\finish.o
	    New File  		    2478	C:\Users\DELL\OneDrive\Desktop\sparta代码修改流程\sparta-master\src\Obj_serial\fix.d
	    New File  		   16395	C:\Users\DELL\OneDrive\Desktop\sparta代码修改流程\sparta-master\src\Obj_serial\fix.o
	    New File  		    4946	C:\Users\DELL\OneDrive\Desktop\sparta代码修改流程\sparta-master\src\Obj_serial\fix_ablate.d
	    New File  		   60720	C:\Users\DELL\OneDrive\Desktop\sparta代码修改流程\sparta-master\src\Obj_serial\fix_ablate.o
	    New File  		    4970	C:\Users\DELL\OneDrive\Desktop\sparta代码修改流程\sparta-master\src\Obj_serial\fix_ablate_multi_inner.d
	    New File  		   42628	C:\Users\DELL\OneDrive\Desktop\sparta代码修改流程\sparta-master\src\Obj_serial\fix_ablate_multi_inner.o
	    New File  		    4798	C:\Users\DELL\OneDrive\Desktop\sparta代码修改流程\sparta-master\src\Obj_serial\fix_adapt.d
	    New File  		   17966	C:\Users\DELL\OneDrive\Desktop\sparta代码修改流程\sparta-master\src\Obj_serial\fix_adapt.o
	    New File  		    2491	C:\Users\DELL\OneDrive\Desktop\sparta代码修改流程\sparta-master\src\Obj_serial\fix_ambipolar.d
	    New File  		   18485	C:\Users\DELL\OneDrive\Desktop\sparta代码修改流程\sparta-master\src\Obj_serial\fix_ambipolar.o
	    New File  		    4787	C:\Users\DELL\OneDrive\Desktop\sparta代码修改流程\sparta-master\src\Obj_serial\fix_ave_grid.d
	    New File  		   42010	C:\Users\DELL\OneDrive\Desktop\sparta代码修改流程\sparta-master\src\Obj_serial\fix_ave_grid.o
	    New File  		    5072	C:\Users\DELL\OneDrive\Desktop\sparta代码修改流程\sparta-master\src\Obj_serial\fix_ave_histo.d
	    New File  		   56186	C:\Users\DELL\OneDrive\Desktop\sparta代码修改流程\sparta-master\src\Obj_serial\fix_ave_histo.o
	    New File  		    5100	C:\Users\DELL\OneDrive\Desktop\sparta代码修改流程\sparta-master\src\Obj_serial\fix_ave_histo_weight.d
	    New File  		   27381	C:\Users\DELL\OneDrive\Desktop\sparta代码修改流程\sparta-master\src\Obj_serial\fix_ave_histo_weight.o
	    New File  		    4794	C:\Users\DELL\OneDrive\Desktop\sparta代码修改流程\sparta-master\src\Obj_serial\fix_ave_surf.d
	    New File  		   38018	C:\Users\DELL\OneDrive\Desktop\sparta代码修改流程\sparta-master\src\Obj_serial\fix_ave_surf.o
	    New File  		    2473	C:\Users\DELL\OneDrive\Desktop\sparta代码修改流程\sparta-master\src\Obj_serial\fix_ave_time.d
	    New File  		   36679	C:\Users\DELL\OneDrive\Desktop\sparta代码修改流程\sparta-master\src\Obj_serial\fix_ave_time.o
	    New File  		    4889	C:\Users\DELL\OneDrive\Desktop\sparta代码修改流程\sparta-master\src\Obj_serial\fix_balance.d
	    New File  		   22653	C:\Users\DELL\OneDrive\Desktop\sparta代码修改流程\sparta-master\src\Obj_serial\fix_balance.o
	    New File  		    4698	C:\Users\DELL\OneDrive\Desktop\sparta代码修改流程\sparta-master\src\Obj_serial\fix_custom.d
	    New File  		   16694	C:\Users\DELL\OneDrive\Desktop\sparta代码修改流程\sparta-master\src\Obj_serial\fix_custom.o
	    New File  		    8953	C:\Users\DELL\OneDrive\Desktop\sparta代码修改流程\sparta-master\src\Obj_serial\fix_dt_reset.d
	    New File  		   20695	C:\Users\DELL\OneDrive\Desktop\sparta代码修改流程\sparta-master\src\Obj_serial\fix_dt_reset.o
	    New File  		    4800	C:\Users\DELL\OneDrive\Desktop\sparta代码修改流程\sparta-master\src\Obj_serial\fix_emit.d
	    New File  		   18654	C:\Users\DELL\OneDrive\Desktop\sparta代码修改流程\sparta-master\src\Obj_serial\fix_emit.o
	    New File  		    4884	C:\Users\DELL\OneDrive\Desktop\sparta代码修改流程\sparta-master\src\Obj_serial\fix_emit_face.d
	    New File  		   41021	C:\Users\DELL\OneDrive\Desktop\sparta代码修改流程\sparta-master\src\Obj_serial\fix_emit_face.o
	    New File  		    4870	C:\Users\DELL\OneDrive\Desktop\sparta代码修改流程\sparta-master\src\Obj_serial\fix_emit_face_file.d
	    New File  		   44030	C:\Users\DELL\OneDrive\Desktop\sparta代码修改流程\sparta-master\src\Obj_serial\fix_emit_face_file.o
	    New File  		    5522	C:\Users\DELL\OneDrive\Desktop\sparta代码修改流程\sparta-master\src\Obj_serial\fix_emit_surf.d
	    New File  		   51861	C:\Users\DELL\OneDrive\Desktop\sparta代码修改流程\sparta-master\src\Obj_serial\fix_emit_surf.o
	    New File  		    4750	C:\Users\DELL\OneDrive\Desktop\sparta代码修改流程\sparta-master\src\Obj_serial\fix_field_grid.d
	    New File  		   18926	C:\Users\DELL\OneDrive\Desktop\sparta代码修改流程\sparta-master\src\Obj_serial\fix_field_grid.o
	    New File  		    2454	C:\Users\DELL\OneDrive\Desktop\sparta代码修改流程\sparta-master\src\Obj_serial\fix_field_particle.d
	    New File  		   19041	C:\Users\DELL\OneDrive\Desktop\sparta代码修改流程\sparta-master\src\Obj_serial\fix_field_particle.o
	    New File  		    4739	C:\Users\DELL\OneDrive\Desktop\sparta代码修改流程\sparta-master\src\Obj_serial\fix_grid_check.d
	    New File  		   20070	C:\Users\DELL\OneDrive\Desktop\sparta代码修改流程\sparta-master\src\Obj_serial\fix_grid_check.o
	    New File  		    6168	C:\Users\DELL\OneDrive\Desktop\sparta代码修改流程\sparta-master\src\Obj_serial\fix_halt.d
	    New File  		   21592	C:\Users\DELL\OneDrive\Desktop\sparta代码修改流程\sparta-master\src\Obj_serial\fix_halt.o
	    New File  		    4782	C:\Users\DELL\OneDrive\Desktop\sparta代码修改流程\sparta-master\src\Obj_serial\fix_move_surf.d
	    New File  		   18981	C:\Users\DELL\OneDrive\Desktop\sparta代码修改流程\sparta-master\src\Obj_serial\fix_move_surf.o
	    New File  		    2455	C:\Users\DELL\OneDrive\Desktop\sparta代码修改流程\sparta-master\src\Obj_serial\fix_print.d
	    New File  		   19174	C:\Users\DELL\OneDrive\Desktop\sparta代码修改流程\sparta-master\src\Obj_serial\fix_print.o
	    New File  		    4769	C:\Users\DELL\OneDrive\Desktop\sparta代码修改流程\sparta-master\src\Obj_serial\fix_surf_temp.d
	    New File  		   22269	C:\Users\DELL\OneDrive\Desktop\sparta代码修改流程\sparta-master\src\Obj_serial\fix_surf_temp.o
	    New File  		    4748	C:\Users\DELL\OneDrive\Desktop\sparta代码修改流程\sparta-master\src\Obj_serial\fix_temp_global_rescale.d
	    New File  		   18468	C:\Users\DELL\OneDrive\Desktop\sparta代码修改流程\sparta-master\src\Obj_serial\fix_temp_global_rescale.o
	    New File  		    4739	C:\Users\DELL\OneDrive\Desktop\sparta代码修改流程\sparta-master\src\Obj_serial\fix_temp_rescale.d
	    New File  		   19673	C:\Users\DELL\OneDrive\Desktop\sparta代码修改流程\sparta-master\src\Obj_serial\fix_temp_rescale.o
	    New File  		    2498	C:\Users\DELL\OneDrive\Desktop\sparta代码修改流程\sparta-master\src\Obj_serial\fix_vibmode.d
	    New File  		   17578	C:\Users\DELL\OneDrive\Desktop\sparta代码修改流程\sparta-master\src\Obj_serial\fix_vibmode.o
	    New File  		    1031	C:\Users\DELL\OneDrive\Desktop\sparta代码修改流程\sparta-master\src\STUBS\CMakeLists.txt
	    New File  		    2267	C:\Users\DELL\OneDrive\Desktop\sparta代码修改流程\sparta-master\src\Obj_serial\geometry.d
	    New File  		   29813	C:\Users\DELL\OneDrive\Desktop\sparta代码修改流程\sparta-master\src\Obj_serial\geometry.o
	    New File  		    5462	C:\Users\DELL\OneDrive\Desktop\sparta代码修改流程\sparta-master\src\Obj_serial\grid.d
	    New File  		   66062	C:\Users\DELL\OneDrive\Desktop\sparta代码修改流程\sparta-master\src\Obj_serial\grid.o
	    New File  		   10524	C:\Users\DELL\OneDrive\Desktop\sparta代码修改流程\sparta-master\src\STUBS\libmpi_stubs.a
	    New File  		    5339	C:\Users\DELL\OneDrive\Desktop\sparta代码修改流程\sparta-master\src\Obj_serial\grid_adapt.d
	    New File  		     664	C:\Users\DELL\OneDrive\Desktop\sparta代码修改流程\sparta-master\src\STUBS\Makefile
	    New File  		   18281	C:\Users\DELL\OneDrive\Desktop\sparta代码修改流程\sparta-master\src\Obj_serial\grid_adapt.o
	    New File  		   17335	C:\Users\DELL\OneDrive\Desktop\sparta代码修改流程\sparta-master\src\STUBS\mpi.c
	    New File  		    4680	C:\Users\DELL\OneDrive\Desktop\sparta代码修改流程\sparta-master\src\Obj_serial\grid_collate.d
	    New File  		    6818	C:\Users\DELL\OneDrive\Desktop\sparta代码修改流程\sparta-master\src\STUBS\mpi.h
	    New File  		   12515	C:\Users\DELL\OneDrive\Desktop\sparta代码修改流程\sparta-master\src\Obj_serial\grid_collate.o
	    New File  		    4720	C:\Users\DELL\OneDrive\Desktop\sparta代码修改流程\sparta-master\src\Obj_serial\grid_comm.d
	    New File  		   20197	C:\Users\DELL\OneDrive\Desktop\sparta代码修改流程\sparta-master\src\Obj_serial\grid_comm.o
	    New File  		    4664	C:\Users\DELL\OneDrive\Desktop\sparta代码修改流程\sparta-master\src\Obj_serial\grid_custom.d
	    New File  		   13002	C:\Users\DELL\OneDrive\Desktop\sparta代码修改流程\sparta-master\src\Obj_serial\grid_custom.o
	    New File  		    4644	C:\Users\DELL\OneDrive\Desktop\sparta代码修改流程\sparta-master\src\Obj_serial\grid_id.d
	    New File  		    9421	C:\Users\DELL\OneDrive\Desktop\sparta代码修改流程\sparta-master\src\STUBS\mpi.o
	    New File  		   13208	C:\Users\DELL\OneDrive\Desktop\sparta代码修改流程\sparta-master\src\Obj_serial\grid_id.o
	    New File  		    5421	C:\Users\DELL\OneDrive\Desktop\sparta代码修改流程\sparta-master\src\Obj_serial\grid_surf.d
	    New File  		   65192	C:\Users\DELL\OneDrive\Desktop\sparta代码修改流程\sparta-master\src\Obj_serial\grid_surf.o
	    New File  		     496	C:\Users\DELL\OneDrive\Desktop\sparta代码修改流程\sparta-master\src\Obj_serial\hashlittle.d
	    New File  		    2496	C:\Users\DELL\OneDrive\Desktop\sparta代码修改流程\sparta-master\src\Obj_serial\hashlittle.o
	    New File  		    2527	C:\Users\DELL\OneDrive\Desktop\sparta代码修改流程\sparta-master\src\Obj_serial\image.d
	    New File  		   51427	C:\Users\DELL\OneDrive\Desktop\sparta代码修改流程\sparta-master\src\Obj_serial\image.o
	    New File  		    5830	C:\Users\DELL\OneDrive\Desktop\sparta代码修改流程\sparta-master\src\Obj_serial\input.d
	    New File  		   53556	C:\Users\DELL\OneDrive\Desktop\sparta代码修改流程\sparta-master\src\Obj_serial\input.o
	    New File  		    2411	C:\Users\DELL\OneDrive\Desktop\sparta代码修改流程\sparta-master\src\Obj_serial\irregular.d
	    New File  		   16494	C:\Users\DELL\OneDrive\Desktop\sparta代码修改流程\sparta-master\src\Obj_serial\irregular.o
	    New File  		    2422	C:\Users\DELL\OneDrive\Desktop\sparta代码修改流程\sparta-master\src\Obj_serial\library.d
	    New File  		   11970	C:\Users\DELL\OneDrive\Desktop\sparta代码修改流程\sparta-master\src\Obj_serial\library.o
	    New File  		    2338	C:\Users\DELL\OneDrive\Desktop\sparta代码修改流程\sparta-master\src\Obj_serial\main.d
	    New File  		    1410	C:\Users\DELL\OneDrive\Desktop\sparta代码修改流程\sparta-master\src\Obj_serial\main.o
	    New File  		    2808	C:\Users\DELL\OneDrive\Desktop\sparta代码修改流程\sparta-master\src\Obj_serial\Makefile
	    New File  		     252	C:\Users\DELL\OneDrive\Desktop\sparta代码修改流程\sparta-master\src\Obj_serial\Makefile.package
	    New File  		     147	C:\Users\DELL\OneDrive\Desktop\sparta代码修改流程\sparta-master\src\Obj_serial\Makefile.package.settings
	    New File  		    4773	C:\Users\DELL\OneDrive\Desktop\sparta代码修改流程\sparta-master\src\Obj_serial\marching_cubes.d
	    New File  		  100041	C:\Users\DELL\OneDrive\Desktop\sparta代码修改流程\sparta-master\src\Obj_serial\marching_cubes.o
	    New File  		    4688	C:\Users\DELL\OneDrive\Desktop\sparta代码修改流程\sparta-master\src\Obj_serial\marching_squares.d
	    New File  		    7382	C:\Users\DELL\OneDrive\Desktop\sparta代码修改流程\sparta-master\src\Obj_serial\marching_squares.o
	    New File  		    9616	C:\Users\DELL\OneDrive\Desktop\sparta代码修改流程\sparta-master\src\Obj_serial\math_eigen.d
	    New File  		   10031	C:\Users\DELL\OneDrive\Desktop\sparta代码修改流程\sparta-master\src\Obj_serial\math_eigen.o
	    New File  		    2306	C:\Users\DELL\OneDrive\Desktop\sparta代码修改流程\sparta-master\src\Obj_serial\math_extra.d
	    New File  		    4998	C:\Users\DELL\OneDrive\Desktop\sparta代码修改流程\sparta-master\src\Obj_serial\math_extra.o
	    New File  		    2350	C:\Users\DELL\OneDrive\Desktop\sparta代码修改流程\sparta-master\src\Obj_serial\memory.d
	    New File  		    4897	C:\Users\DELL\OneDrive\Desktop\sparta代码修改流程\sparta-master\src\Obj_serial\memory.o
	    New File  		    2486	C:\Users\DELL\OneDrive\Desktop\sparta代码修改流程\sparta-master\src\Obj_serial\mixture.d
	    New File  		   23332	C:\Users\DELL\OneDrive\Desktop\sparta代码修改流程\sparta-master\src\Obj_serial\mixture.o
	    New File  		    6029	C:\Users\DELL\OneDrive\Desktop\sparta代码修改流程\sparta-master\src\Obj_serial\modify.d
	    New File  		   36789	C:\Users\DELL\OneDrive\Desktop\sparta代码修改流程\sparta-master\src\Obj_serial\modify.o
	    New File  		    4774	C:\Users\DELL\OneDrive\Desktop\sparta代码修改流程\sparta-master\src\Obj_serial\move_surf.d
	    New File  		   27400	C:\Users\DELL\OneDrive\Desktop\sparta代码修改流程\sparta-master\src\Obj_serial\move_surf.o
	    New File  		    4920	C:\Users\DELL\OneDrive\Desktop\sparta代码修改流程\sparta-master\src\Obj_serial\output.d
	    New File  		   22687	C:\Users\DELL\OneDrive\Desktop\sparta代码修改流程\sparta-master\src\Obj_serial\output.o
	    New File  		    4874	C:\Users\DELL\OneDrive\Desktop\sparta代码修改流程\sparta-master\src\Obj_serial\particle.d
	    New File  		   34954	C:\Users\DELL\OneDrive\Desktop\sparta代码修改流程\sparta-master\src\Obj_serial\particle.o
	    New File  		    2399	C:\Users\DELL\OneDrive\Desktop\sparta代码修改流程\sparta-master\src\Obj_serial\particle_custom.d
	    New File  		   12441	C:\Users\DELL\OneDrive\Desktop\sparta代码修改流程\sparta-master\src\Obj_serial\particle_custom.o
	    New File  		    1535	C:\Users\DELL\OneDrive\Desktop\sparta代码修改流程\sparta-master\src\Obj_serial\random_knuth.d
	    New File  		    2488	C:\Users\DELL\OneDrive\Desktop\sparta代码修改流程\sparta-master\src\Obj_serial\random_knuth.o
	    New File  		    2369	C:\Users\DELL\OneDrive\Desktop\sparta代码修改流程\sparta-master\src\Obj_serial\random_mars.d
	    New File  		    5287	C:\Users\DELL\OneDrive\Desktop\sparta代码修改流程\sparta-master\src\Obj_serial\random_mars.o
	    New File  		    2382	C:\Users\DELL\OneDrive\Desktop\sparta代码修改流程\sparta-master\src\Obj_serial\rcb.d
	    New File  		   20665	C:\Users\DELL\OneDrive\Desktop\sparta代码修改流程\sparta-master\src\Obj_serial\rcb.o
	    New File  		    2433	C:\Users\DELL\OneDrive\Desktop\sparta代码修改流程\sparta-master\src\Obj_serial\react.d
	    New File  		    6271	C:\Users\DELL\OneDrive\Desktop\sparta代码修改流程\sparta-master\src\Obj_serial\react.o
	    New File  		    2531	C:\Users\DELL\OneDrive\Desktop\sparta代码修改流程\sparta-master\src\Obj_serial\react_bird.d
	    New File  		   22158	C:\Users\DELL\OneDrive\Desktop\sparta代码修改流程\sparta-master\src\Obj_serial\react_bird.o
	    New File  		    2472	C:\Users\DELL\OneDrive\Desktop\sparta代码修改流程\sparta-master\src\Obj_serial\react_qk.d
	    New File  		    8625	C:\Users\DELL\OneDrive\Desktop\sparta代码修改流程\sparta-master\src\Obj_serial\react_qk.o
	    New File  		    2459	C:\Users\DELL\OneDrive\Desktop\sparta代码修改流程\sparta-master\src\Obj_serial\react_tce.d
	    New File  		   12880	C:\Users\DELL\OneDrive\Desktop\sparta代码修改流程\sparta-master\src\Obj_serial\react_tce.o
	    New File  		    2472	C:\Users\DELL\OneDrive\Desktop\sparta代码修改流程\sparta-master\src\Obj_serial\react_tce_qk.d
	    New File  		    9930	C:\Users\DELL\OneDrive\Desktop\sparta代码修改流程\sparta-master\src\Obj_serial\react_tce_qk.o
	    New File  		    4726	C:\Users\DELL\OneDrive\Desktop\sparta代码修改流程\sparta-master\src\Obj_serial\read_grid.d
	    New File  		   17473	C:\Users\DELL\OneDrive\Desktop\sparta代码修改流程\sparta-master\src\Obj_serial\read_grid.o
	    New File  		    4774	C:\Users\DELL\OneDrive\Desktop\sparta代码修改流程\sparta-master\src\Obj_serial\read_isurf.d
	    New File  		   24150	C:\Users\DELL\OneDrive\Desktop\sparta代码修改流程\sparta-master\src\Obj_serial\read_isurf.o
	    New File  		    4745	C:\Users\DELL\OneDrive\Desktop\sparta代码修改流程\sparta-master\src\Obj_serial\read_particles.d
	    New File  		   11504	C:\Users\DELL\OneDrive\Desktop\sparta代码修改流程\sparta-master\src\Obj_serial\read_particles.o
	    New File  		    4826	C:\Users\DELL\OneDrive\Desktop\sparta代码修改流程\sparta-master\src\Obj_serial\read_restart.d
	    New File  		   73222	C:\Users\DELL\OneDrive\Desktop\sparta代码修改流程\sparta-master\src\Obj_serial\read_restart.o
	    New File  		    4916	C:\Users\DELL\OneDrive\Desktop\sparta代码修改流程\sparta-master\src\Obj_serial\read_surf.d
	    New File  		   55431	C:\Users\DELL\OneDrive\Desktop\sparta代码修改流程\sparta-master\src\Obj_serial\read_surf.o
	    New File  		    2380	C:\Users\DELL\OneDrive\Desktop\sparta代码修改流程\sparta-master\src\Obj_serial\region.d
	    New File  		    4173	C:\Users\DELL\OneDrive\Desktop\sparta代码修改流程\sparta-master\src\Obj_serial\region.o
	    New File  		    2414	C:\Users\DELL\OneDrive\Desktop\sparta代码修改流程\sparta-master\src\Obj_serial\region_block.d
	    New File  		    5543	C:\Users\DELL\OneDrive\Desktop\sparta代码修改流程\sparta-master\src\Obj_serial\region_block.o
	    New File  		    2393	C:\Users\DELL\OneDrive\Desktop\sparta代码修改流程\sparta-master\src\Obj_serial\region_cylinder.d
	    New File  		    5935	C:\Users\DELL\OneDrive\Desktop\sparta代码修改流程\sparta-master\src\Obj_serial\region_cylinder.o
	    New File  		    2426	C:\Users\DELL\OneDrive\Desktop\sparta代码修改流程\sparta-master\src\Obj_serial\region_intersect.d
	    New File  		    5468	C:\Users\DELL\OneDrive\Desktop\sparta代码修改流程\sparta-master\src\Obj_serial\region_intersect.o
	    New File  		    2384	C:\Users\DELL\OneDrive\Desktop\sparta代码修改流程\sparta-master\src\Obj_serial\region_plane.d
	    New File  		    5073	C:\Users\DELL\OneDrive\Desktop\sparta代码修改流程\sparta-master\src\Obj_serial\region_plane.o
	    New File  		    2387	C:\Users\DELL\OneDrive\Desktop\sparta代码修改流程\sparta-master\src\Obj_serial\region_sphere.d
	    New File  		    5031	C:\Users\DELL\OneDrive\Desktop\sparta代码修改流程\sparta-master\src\Obj_serial\region_sphere.o
	    New File  		    2414	C:\Users\DELL\OneDrive\Desktop\sparta代码修改流程\sparta-master\src\Obj_serial\region_union.d
	    New File  		    5212	C:\Users\DELL\OneDrive\Desktop\sparta代码修改流程\sparta-master\src\Obj_serial\region_union.o
	    New File  		    4721	C:\Users\DELL\OneDrive\Desktop\sparta代码修改流程\sparta-master\src\Obj_serial\remove_surf.d
	    New File  		    9133	C:\Users\DELL\OneDrive\Desktop\sparta代码修改流程\sparta-master\src\Obj_serial\remove_surf.o
	    New File  		    4778	C:\Users\DELL\OneDrive\Desktop\sparta代码修改流程\sparta-master\src\Obj_serial\run.d
	    New File  		    8917	C:\Users\DELL\OneDrive\Desktop\sparta代码修改流程\sparta-master\src\Obj_serial\run.o
	    New File  		    4777	C:\Users\DELL\OneDrive\Desktop\sparta代码修改流程\sparta-master\src\Obj_serial\scale_particles.d
	    New File  		    6723	C:\Users\DELL\OneDrive\Desktop\sparta代码修改流程\sparta-master\src\Obj_serial\scale_particles.o
	    New File  		    2359	C:\Users\DELL\OneDrive\Desktop\sparta代码修改流程\sparta-master\src\Obj_serial\spapython.d
	    New File  		    5775	C:\Users\DELL\OneDrive\Desktop\sparta代码修改流程\sparta-master\src\Obj_serial\spapython.o
	    New File  		    6788	C:\Users\DELL\OneDrive\Desktop\sparta代码修改流程\sparta-master\src\Obj_serial\sparta.d
	    New File  		   44712	C:\Users\DELL\OneDrive\Desktop\sparta代码修改流程\sparta-master\src\Obj_serial\sparta.o
	    New File  		    4842	C:\Users\DELL\OneDrive\Desktop\sparta代码修改流程\sparta-master\src\Obj_serial\stats.d
	    New File  		   45285	C:\Users\DELL\OneDrive\Desktop\sparta代码修改流程\sparta-master\src\Obj_serial\stats.o
	    New File  		    5265	C:\Users\DELL\OneDrive\Desktop\sparta代码修改流程\sparta-master\src\Obj_serial\surf.d
	    New File  		   92477	C:\Users\DELL\OneDrive\Desktop\sparta代码修改流程\sparta-master\src\Obj_serial\surf.o
	    New File  		    4680	C:\Users\DELL\OneDrive\Desktop\sparta代码修改流程\sparta-master\src\Obj_serial\surf_collate.d
	    New File  		    6589	C:\Users\DELL\OneDrive\Desktop\sparta代码修改流程\sparta-master\src\Obj_serial\surf_collate.o
	    New File  		    4801	C:\Users\DELL\OneDrive\Desktop\sparta代码修改流程\sparta-master\src\Obj_serial\surf_collide.d
	    New File  		   10011	C:\Users\DELL\OneDrive\Desktop\sparta代码修改流程\sparta-master\src\Obj_serial\surf_collide.o
	    New File  		    4844	C:\Users\DELL\OneDrive\Desktop\sparta代码修改流程\sparta-master\src\Obj_serial\surf_collide_adiabatic.d
	    New File  		    7695	C:\Users\DELL\OneDrive\Desktop\sparta代码修改流程\sparta-master\src\Obj_serial\surf_collide_adiabatic.o
	    New File  		    4888	C:\Users\DELL\OneDrive\Desktop\sparta代码修改流程\sparta-master\src\Obj_serial\surf_collide_cll.d
	    New File  		   15004	C:\Users\DELL\OneDrive\Desktop\sparta代码修改流程\sparta-master\src\Obj_serial\surf_collide_cll.o
	    New File  		    4875	C:\Users\DELL\OneDrive\Desktop\sparta代码修改流程\sparta-master\src\Obj_serial\surf_collide_diffuse.d
	    New File  		   12030	C:\Users\DELL\OneDrive\Desktop\sparta代码修改流程\sparta-master\src\Obj_serial\surf_collide_diffuse.o
	    New File  		    4906	C:\Users\DELL\OneDrive\Desktop\sparta代码修改流程\sparta-master\src\Obj_serial\surf_collide_impulsive.d
	    New File  		   14448	C:\Users\DELL\OneDrive\Desktop\sparta代码修改流程\sparta-master\src\Obj_serial\surf_collide_impulsive.o
	    New File  		    4793	C:\Users\DELL\OneDrive\Desktop\sparta代码修改流程\sparta-master\src\Obj_serial\surf_collide_piston.d
	    New File  		    8407	C:\Users\DELL\OneDrive\Desktop\sparta代码修改流程\sparta-master\src\Obj_serial\surf_collide_piston.o
	    New File  		    4760	C:\Users\DELL\OneDrive\Desktop\sparta代码修改流程\sparta-master\src\Obj_serial\surf_collide_specular.d
	    New File  		    6875	C:\Users\DELL\OneDrive\Desktop\sparta代码修改流程\sparta-master\src\Obj_serial\surf_collide_specular.o
	    New File  		    4860	C:\Users\DELL\OneDrive\Desktop\sparta代码修改流程\sparta-master\src\Obj_serial\surf_collide_td.d
	    New File  		   10593	C:\Users\DELL\OneDrive\Desktop\sparta代码修改流程\sparta-master\src\Obj_serial\surf_collide_td.o
	    New File  		    2444	C:\Users\DELL\OneDrive\Desktop\sparta代码修改流程\sparta-master\src\Obj_serial\surf_collide_transparent.d
	    New File  		    6886	C:\Users\DELL\OneDrive\Desktop\sparta代码修改流程\sparta-master\src\Obj_serial\surf_collide_transparent.o
	    New File  		    2429	C:\Users\DELL\OneDrive\Desktop\sparta代码修改流程\sparta-master\src\Obj_serial\surf_collide_vanish.d
	    New File  		    6703	C:\Users\DELL\OneDrive\Desktop\sparta代码修改流程\sparta-master\src\Obj_serial\surf_collide_vanish.o
	    New File  		    4751	C:\Users\DELL\OneDrive\Desktop\sparta代码修改流程\sparta-master\src\Obj_serial\surf_comm.d
	    New File  		   26513	C:\Users\DELL\OneDrive\Desktop\sparta代码修改流程\sparta-master\src\Obj_serial\surf_comm.o
	    New File  		    4641	C:\Users\DELL\OneDrive\Desktop\sparta代码修改流程\sparta-master\src\Obj_serial\surf_custom.d
	    New File  		   17928	C:\Users\DELL\OneDrive\Desktop\sparta代码修改流程\sparta-master\src\Obj_serial\surf_custom.o
	    New File  		    2526	C:\Users\DELL\OneDrive\Desktop\sparta代码修改流程\sparta-master\src\Obj_serial\surf_react.d
	    New File  		    6607	C:\Users\DELL\OneDrive\Desktop\sparta代码修改流程\sparta-master\src\Obj_serial\surf_react.o
	    New File  		       0	C:\Users\DELL\OneDrive\Desktop\sparta代码修改流程\sparta-master\src\Obj_serial\surf_react_adsorb.d
	    New File  		   78586	C:\Users\DELL\OneDrive\Desktop\sparta代码修改流程\sparta-master\src\Obj_serial\surf_react_adsorb.o
	    New File  		    4843	C:\Users\DELL\OneDrive\Desktop\sparta代码修改流程\sparta-master\src\Obj_serial\surf_react_gamma.d
	    New File  		   32218	C:\Users\DELL\OneDrive\Desktop\sparta代码修改流程\sparta-master\src\Obj_serial\surf_react_gamma.o
	    New File  		    2509	C:\Users\DELL\OneDrive\Desktop\sparta代码修改流程\sparta-master\src\Obj_serial\surf_react_global.d
	    New File  		    9217	C:\Users\DELL\OneDrive\Desktop\sparta代码修改流程\sparta-master\src\Obj_serial\surf_react_global.o
	    New File  		    2515	C:\Users\DELL\OneDrive\Desktop\sparta代码修改流程\sparta-master\src\Obj_serial\surf_react_prob.d
	    New File  		   15020	C:\Users\DELL\OneDrive\Desktop\sparta代码修改流程\sparta-master\src\Obj_serial\surf_react_prob.o
	    New File  		    2373	C:\Users\DELL\OneDrive\Desktop\sparta代码修改流程\sparta-master\src\Obj_serial\timer.d
	    New File  		    5898	C:\Users\DELL\OneDrive\Desktop\sparta代码修改流程\sparta-master\src\Obj_serial\timer.o
	    New File  		    2374	C:\Users\DELL\OneDrive\Desktop\sparta代码修改流程\sparta-master\src\Obj_serial\universe.d
	    New File  		    4947	C:\Users\DELL\OneDrive\Desktop\sparta代码修改流程\sparta-master\src\Obj_serial\universe.o
	    New File  		    4896	C:\Users\DELL\OneDrive\Desktop\sparta代码修改流程\sparta-master\src\Obj_serial\update.d
	    New File  		   92947	C:\Users\DELL\OneDrive\Desktop\sparta代码修改流程\sparta-master\src\Obj_serial\update.o
	    New File  		    6840	C:\Users\DELL\OneDrive\Desktop\sparta代码修改流程\sparta-master\src\Obj_serial\utils.d
	    New File  		   34020	C:\Users\DELL\OneDrive\Desktop\sparta代码修改流程\sparta-master\src\Obj_serial\utils.o
	    New File  		    7074	C:\Users\DELL\OneDrive\Desktop\sparta代码修改流程\sparta-master\src\Obj_serial\variable.d
	    New File  		  114190	C:\Users\DELL\OneDrive\Desktop\sparta代码修改流程\sparta-master\src\Obj_serial\variable.o
	    New File  		    4722	C:\Users\DELL\OneDrive\Desktop\sparta代码修改流程\sparta-master\src\Obj_serial\write_grid.d
	    New File  		   10593	C:\Users\DELL\OneDrive\Desktop\sparta代码修改流程\sparta-master\src\Obj_serial\write_grid.o
	    New File  		    4785	C:\Users\DELL\OneDrive\Desktop\sparta代码修改流程\sparta-master\src\Obj_serial\write_isurf.d
	    New File  		    9525	C:\Users\DELL\OneDrive\Desktop\sparta代码修改流程\sparta-master\src\Obj_serial\write_isurf.o
	    New File  		    4753	C:\Users\DELL\OneDrive\Desktop\sparta代码修改流程\sparta-master\src\Obj_serial\write_restart.d
	    New File  		   25418	C:\Users\DELL\OneDrive\Desktop\sparta代码修改流程\sparta-master\src\Obj_serial\write_restart.o
	    New File  		    4711	C:\Users\DELL\OneDrive\Desktop\sparta代码修改流程\sparta-master\src\Obj_serial\write_surf.d
	    New File  		   27311	C:\Users\DELL\OneDrive\Desktop\sparta代码修改流程\sparta-master\src\Obj_serial\write_surf.o
	    New File  		    2309	C:\Users\DELL\OneDrive\Desktop\sparta代码修改流程\sparta-master\cmake\common\test\sparta_test_paraview.cmake
	    New File  		      53	C:\Users\DELL\OneDrive\Desktop\sparta代码修改流程\sparta-master\cmake\common\set\kokkos_cmake_defaults.cmake
	    New File  		    8002	C:\Users\DELL\OneDrive\Desktop\sparta代码修改流程\sparta-master\cmake\common\test\sparta_test_utils.cmake
	    New File  		    1832	C:\Users\DELL\OneDrive\Desktop\sparta代码修改流程\sparta-master\cmake\common\set\sparta_cmake_defaults.cmake
	    New File  		    4628	C:\Users\DELL\OneDrive\Desktop\sparta代码修改流程\sparta-master\cmake\common\set\sparta_options.cmake
	    New File  		     428	C:\Users\DELL\OneDrive\Desktop\sparta代码修改流程\sparta-master\cmake\common\set\style_file_glob.cmake
	    New File  		   10193	C:\Users\DELL\OneDrive\Desktop\sparta代码修改流程\sparta-master\cmake\common\process\sparta_build_options.cmake
	    New File  		     355	C:\Users\DELL\OneDrive\Desktop\sparta代码修改流程\sparta-master\lib\kokkos\algorithms\CMakeLists.txt
	    New File  		     620	C:\Users\DELL\OneDrive\Desktop\sparta代码修改流程\sparta-master\lib\kokkos\benchmarks\CMakeLists.txt
	    New File  		   24797	C:\Users\DELL\OneDrive\Desktop\sparta代码修改流程\sparta-master\lib\kokkos\bin\hpcbind
	    New File  		    4716	C:\Users\DELL\OneDrive\Desktop\sparta代码修改流程\sparta-master\lib\kokkos\bin\kokkos_launch_compiler
	    New File  		   20613	C:\Users\DELL\OneDrive\Desktop\sparta代码修改流程\sparta-master\lib\kokkos\bin\nvcc_wrapper
	    New File  		    4001	C:\Users\DELL\OneDrive\Desktop\sparta代码修改流程\sparta-master\lib\kokkos\bin\runtest
	    New File  		    3961	C:\Users\DELL\OneDrive\Desktop\sparta代码修改流程\sparta-master\lib\kokkos\cmake\build_env_info.cmake
	    New File  		     339	C:\Users\DELL\OneDrive\Desktop\sparta代码修改流程\sparta-master\lib\kokkos\cmake\cray.cmake
	    New File  		     119	C:\Users\DELL\OneDrive\Desktop\sparta代码修改流程\sparta-master\lib\kokkos\cmake\Dependencies.cmake
	    New File  		    7041	C:\Users\DELL\OneDrive\Desktop\sparta代码修改流程\sparta-master\lib\kokkos\cmake\fake_tribits.cmake
	    New File  		     825	C:\Users\DELL\OneDrive\Desktop\sparta代码修改流程\sparta-master\lib\kokkos\cmake\gnu.cmake
	    New File  		    2997	C:\Users\DELL\OneDrive\Desktop\sparta代码修改流程\sparta-master\lib\kokkos\cmake\KokkosConfig.cmake.in
	    New File  		   12084	C:\Users\DELL\OneDrive\Desktop\sparta代码修改流程\sparta-master\lib\kokkos\cmake\KokkosConfigCommon.cmake.in
	    New File  		    5755	C:\Users\DELL\OneDrive\Desktop\sparta代码修改流程\sparta-master\lib\kokkos\cmake\KokkosCore_config.h.in
	    New File  		     602	C:\Users\DELL\OneDrive\Desktop\sparta代码修改流程\sparta-master\lib\kokkos\cmake\KokkosCore_Config_HeaderSet.in
	    New File  		   50501	C:\Users\DELL\OneDrive\Desktop\sparta代码修改流程\sparta-master\lib\kokkos\cmake\kokkos_arch.cmake
	    New File  		     513	C:\Users\DELL\OneDrive\Desktop\sparta代码修改流程\sparta-master\lib\kokkos\cmake\kokkos_check_env.cmake
	    New File  		   12503	C:\Users\DELL\OneDrive\Desktop\sparta代码修改流程\sparta-master\lib\kokkos\cmake\kokkos_compiler_id.cmake
	    New File  		    1646	C:\Users\DELL\OneDrive\Desktop\sparta代码修改流程\sparta-master\lib\kokkos\cmake\kokkos_configure_trilinos.cmake
	    New File  		     457	C:\Users\DELL\OneDrive\Desktop\sparta代码修改流程\sparta-master\lib\kokkos\cmake\kokkos_corner_cases.cmake
	    New File  		    3936	C:\Users\DELL\OneDrive\Desktop\sparta代码修改流程\sparta-master\lib\kokkos\cmake\kokkos_enable_devices.cmake
	    New File  		   12599	C:\Users\DELL\OneDrive\Desktop\sparta代码修改流程\sparta-master\lib\kokkos\cmake\kokkos_enable_options.cmake
	    New File  		   36947	C:\Users\DELL\OneDrive\Desktop\sparta代码修改流程\sparta-master\lib\kokkos\cmake\kokkos_functions.cmake
	    New File  		    2491	C:\Users\DELL\OneDrive\Desktop\sparta代码修改流程\sparta-master\lib\kokkos\cmake\kokkos_install.cmake
	    New File  		     871	C:\Users\DELL\OneDrive\Desktop\sparta代码修改流程\sparta-master\lib\kokkos\cmake\kokkos_pick_cxx_std.cmake
	    New File  		    8382	C:\Users\DELL\OneDrive\Desktop\sparta代码修改流程\sparta-master\lib\kokkos\cmake\kokkos_test_cxx_std.cmake
	    New File  		    3534	C:\Users\DELL\OneDrive\Desktop\sparta代码修改流程\sparta-master\lib\kokkos\cmake\kokkos_tpls.cmake
	    New File  		   16682	C:\Users\DELL\OneDrive\Desktop\sparta代码修改流程\sparta-master\lib\kokkos\cmake\kokkos_tribits.cmake
	    New File  		     992	C:\Users\DELL\OneDrive\Desktop\sparta代码修改流程\sparta-master\lib\kokkos\cmake\Kokkos_Version_Info.cpp.in
	    New File  		     930	C:\Users\DELL\OneDrive\Desktop\sparta代码修改流程\sparta-master\lib\kokkos\cmake\Kokkos_Version_Info.hpp
	    New File  		     345	C:\Users\DELL\OneDrive\Desktop\sparta代码修改流程\sparta-master\lib\kokkos\cmake\msvc.cmake
	    New File  		     329	C:\Users\DELL\OneDrive\Desktop\sparta代码修改流程\sparta-master\lib\kokkos\cmake\pgi.cmake
	    New File  		   16300	C:\Users\DELL\OneDrive\Desktop\sparta代码修改流程\sparta-master\lib\kokkos\cmake\README.md
	    New File  		     261	C:\Users\DELL\OneDrive\Desktop\sparta代码修改流程\sparta-master\lib\kokkos\containers\CMakeLists.txt
	    New File  		      40	C:\Users\DELL\OneDrive\Desktop\sparta代码修改流程\sparta-master\lib\kokkos\tpls\.clang-format
	    New File  		      66	C:\Users\DELL\OneDrive\Desktop\sparta代码修改流程\sparta-master\lib\kokkos\example\.clang-tidy
	    New File  		     342	C:\Users\DELL\OneDrive\Desktop\sparta代码修改流程\sparta-master\lib\kokkos\example\CMakeLists.txt
	    New File  		     354	C:\Users\DELL\OneDrive\Desktop\sparta代码修改流程\sparta-master\lib\kokkos\example\README
	    New File  		     301	C:\Users\DELL\OneDrive\Desktop\sparta代码修改流程\sparta-master\lib\kokkos\core\CMakeLists.txt
	    New File  		     104	C:\Users\DELL\OneDrive\Desktop\sparta代码修改流程\sparta-master\lib\kokkos\simd\CMakeLists.txt
	    New File  		    1578	C:\Users\DELL\OneDrive\Desktop\sparta代码修改流程\sparta-master\tools\paraview\test_data\circle_grid.txt
	    New File  		    5104	C:\Users\DELL\OneDrive\Desktop\sparta代码修改流程\sparta-master\tools\paraview\test_data\data.circle_w_type
	    New File  		  267969	C:\Users\DELL\OneDrive\Desktop\sparta代码修改流程\sparta-master\tools\paraview\test_data\data.sphere_w_type
	    New File  		  130875	C:\Users\DELL\OneDrive\Desktop\sparta代码修改流程\sparta-master\tools\paraview\test_data\grid.200
	    New File  		    2893	C:\Users\DELL\OneDrive\Desktop\sparta代码修改流程\sparta-master\lib\kokkos\algorithms\perf_test\CMakeLists.txt
	    New File  		    6067	C:\Users\DELL\OneDrive\Desktop\sparta代码修改流程\sparta-master\lib\kokkos\algorithms\perf_test\test_inclusive_scan.cpp
	    New File  		   12343	C:\Users\DELL\OneDrive\Desktop\sparta代码修改流程\sparta-master\lib\kokkos\algorithms\unit_tests\CMakeLists.txt
	    New File  		    4397	C:\Users\DELL\OneDrive\Desktop\sparta代码修改流程\sparta-master\lib\kokkos\algorithms\unit_tests\Makefile
	    New File  		    9968	C:\Users\DELL\OneDrive\Desktop\sparta代码修改流程\sparta-master\lib\kokkos\algorithms\unit_tests\TestBinSortA.hpp
	    New File  		    7587	C:\Users\DELL\OneDrive\Desktop\sparta代码修改流程\sparta-master\lib\kokkos\algorithms\unit_tests\TestBinSortB.hpp
	    New File  		   18792	C:\Users\DELL\OneDrive\Desktop\sparta代码修改流程\sparta-master\lib\kokkos\algorithms\unit_tests\TestNestedSort.hpp
	    New File  		   25830	C:\Users\DELL\OneDrive\Desktop\sparta代码修改流程\sparta-master\lib\kokkos\algorithms\unit_tests\TestRandom.hpp
	    New File  		   12474	C:\Users\DELL\OneDrive\Desktop\sparta代码修改流程\sparta-master\lib\kokkos\algorithms\unit_tests\TestRandomAccessIterator.cpp
	    New File  		    8290	C:\Users\DELL\OneDrive\Desktop\sparta代码修改流程\sparta-master\lib\kokkos\algorithms\unit_tests\TestSort.hpp
	    New File  		    9817	C:\Users\DELL\OneDrive\Desktop\sparta代码修改流程\sparta-master\lib\kokkos\algorithms\unit_tests\TestSortByKey.hpp
	    New File  		    5593	C:\Users\DELL\OneDrive\Desktop\sparta代码修改流程\sparta-master\lib\kokkos\algorithms\unit_tests\TestSortCustomComp.hpp
	    New File  		    8426	C:\Users\DELL\OneDrive\Desktop\sparta代码修改流程\sparta-master\lib\kokkos\algorithms\unit_tests\TestStdAlgorithmsAdjacentDifference.cpp
	    New File  		    9162	C:\Users\DELL\OneDrive\Desktop\sparta代码修改流程\sparta-master\lib\kokkos\algorithms\unit_tests\TestStdAlgorithmsAdjacentFind.cpp
	    New File  		    4844	C:\Users\DELL\OneDrive\Desktop\sparta代码修改流程\sparta-master\lib\kokkos\algorithms\unit_tests\TestStdAlgorithmsAllAnyNoneOf.cpp
	    New File  		    1275	C:\Users\DELL\OneDrive\Desktop\sparta代码修改流程\sparta-master\lib\kokkos\algorithms\unit_tests\TestStdAlgorithmsCommon.cpp
	    New File  		   26494	C:\Users\DELL\OneDrive\Desktop\sparta代码修改流程\sparta-master\lib\kokkos\algorithms\unit_tests\TestStdAlgorithmsCommon.hpp
	    New File  		   20811	C:\Users\DELL\OneDrive\Desktop\sparta代码修改流程\sparta-master\lib\kokkos\algorithms\unit_tests\TestStdAlgorithmsCompileOnly.cpp
	    New File  		    8379	C:\Users\DELL\OneDrive\Desktop\sparta代码修改流程\sparta-master\lib\kokkos\algorithms\unit_tests\TestStdAlgorithmsConstraints.cpp
	    New File  		    9016	C:\Users\DELL\OneDrive\Desktop\sparta代码修改流程\sparta-master\lib\kokkos\algorithms\unit_tests\TestStdAlgorithmsCopyIf.cpp
	    New File  		    3540	C:\Users\DELL\OneDrive\Desktop\sparta代码修改流程\sparta-master\lib\kokkos\algorithms\unit_tests\TestStdAlgorithmsCount.cpp
	    New File  		    3981	C:\Users\DELL\OneDrive\Desktop\sparta代码修改流程\sparta-master\lib\kokkos\algorithms\unit_tests\TestStdAlgorithmsEqual.cpp
	    New File  		   13839	C:\Users\DELL\OneDrive\Desktop\sparta代码修改流程\sparta-master\lib\kokkos\algorithms\unit_tests\TestStdAlgorithmsExclusiveScan.cpp
	    New File  		    5548	C:\Users\DELL\OneDrive\Desktop\sparta代码修改流程\sparta-master\lib\kokkos\algorithms\unit_tests\TestStdAlgorithmsFind.cpp
	    New File  		   12366	C:\Users\DELL\OneDrive\Desktop\sparta代码修改流程\sparta-master\lib\kokkos\algorithms\unit_tests\TestStdAlgorithmsFindEnd.cpp
	    New File  		    9459	C:\Users\DELL\OneDrive\Desktop\sparta代码修改流程\sparta-master\lib\kokkos\algorithms\unit_tests\TestStdAlgorithmsFindFirstOf.cpp
	    New File  		    4755	C:\Users\DELL\OneDrive\Desktop\sparta代码修改流程\sparta-master\lib\kokkos\algorithms\unit_tests\TestStdAlgorithmsForEach.cpp
	    New File  		    4505	C:\Users\DELL\OneDrive\Desktop\sparta代码修改流程\sparta-master\lib\kokkos\algorithms\unit_tests\TestStdAlgorithmsHelperFunctors.hpp
	    New File  		   13159	C:\Users\DELL\OneDrive\Desktop\sparta代码修改流程\sparta-master\lib\kokkos\algorithms\unit_tests\TestStdAlgorithmsInclusiveScan.cpp
	    New File  		    5886	C:\Users\DELL\OneDrive\Desktop\sparta代码修改流程\sparta-master\lib\kokkos\algorithms\unit_tests\TestStdAlgorithmsIsSorted.cpp
	    New File  		    6223	C:\Users\DELL\OneDrive\Desktop\sparta代码修改流程\sparta-master\lib\kokkos\algorithms\unit_tests\TestStdAlgorithmsIsSortedUntil.cpp
	    New File  		    5321	C:\Users\DELL\OneDrive\Desktop\sparta代码修改流程\sparta-master\lib\kokkos\algorithms\unit_tests\TestStdAlgorithmsLexicographicalCompare.cpp
	    New File  		   16347	C:\Users\DELL\OneDrive\Desktop\sparta代码修改流程\sparta-master\lib\kokkos\algorithms\unit_tests\TestStdAlgorithmsMinMaxElementOps.cpp
	    New File  		    6902	C:\Users\DELL\OneDrive\Desktop\sparta代码修改流程\sparta-master\lib\kokkos\algorithms\unit_tests\TestStdAlgorithmsMismatch.cpp
	    New File  		    3710	C:\Users\DELL\OneDrive\Desktop\sparta代码修改流程\sparta-master\lib\kokkos\algorithms\unit_tests\TestStdAlgorithmsModOps.cpp
	    New File  		   12356	C:\Users\DELL\OneDrive\Desktop\sparta代码修改流程\sparta-master\lib\kokkos\algorithms\unit_tests\TestStdAlgorithmsModSeqOps.cpp
	    New File  		    3844	C:\Users\DELL\OneDrive\Desktop\sparta代码修改流程\sparta-master\lib\kokkos\algorithms\unit_tests\TestStdAlgorithmsMoveBackward.cpp
	    New File  		   23872	C:\Users\DELL\OneDrive\Desktop\sparta代码修改流程\sparta-master\lib\kokkos\algorithms\unit_tests\TestStdAlgorithmsNumerics.cpp
	    New File  		    8863	C:\Users\DELL\OneDrive\Desktop\sparta代码修改流程\sparta-master\lib\kokkos\algorithms\unit_tests\TestStdAlgorithmsPartitionCopy.cpp
	    New File  		    7027	C:\Users\DELL\OneDrive\Desktop\sparta代码修改流程\sparta-master\lib\kokkos\algorithms\unit_tests\TestStdAlgorithmsPartitioningOps.cpp
	    New File  		    6195	C:\Users\DELL\OneDrive\Desktop\sparta代码修改流程\sparta-master\lib\kokkos\algorithms\unit_tests\TestStdAlgorithmsRemove.cpp
	    New File  		    7257	C:\Users\DELL\OneDrive\Desktop\sparta代码修改流程\sparta-master\lib\kokkos\algorithms\unit_tests\TestStdAlgorithmsRemoveCopy.cpp
	    New File  		    6958	C:\Users\DELL\OneDrive\Desktop\sparta代码修改流程\sparta-master\lib\kokkos\algorithms\unit_tests\TestStdAlgorithmsRemoveCopyIf.cpp
	    New File  		    6218	C:\Users\DELL\OneDrive\Desktop\sparta代码修改流程\sparta-master\lib\kokkos\algorithms\unit_tests\TestStdAlgorithmsRemoveIf.cpp
	    New File  		    6208	C:\Users\DELL\OneDrive\Desktop\sparta代码修改流程\sparta-master\lib\kokkos\algorithms\unit_tests\TestStdAlgorithmsReplace.cpp
	    New File  		    8470	C:\Users\DELL\OneDrive\Desktop\sparta代码修改流程\sparta-master\lib\kokkos\algorithms\unit_tests\TestStdAlgorithmsReplaceCopy.cpp
	    New File  		    8476	C:\Users\DELL\OneDrive\Desktop\sparta代码修改流程\sparta-master\lib\kokkos\algorithms\unit_tests\TestStdAlgorithmsReplaceCopyIf.cpp
	    New File  		    7196	C:\Users\DELL\OneDrive\Desktop\sparta代码修改流程\sparta-master\lib\kokkos\algorithms\unit_tests\TestStdAlgorithmsReplaceIf.cpp
	    New File  		    4466	C:\Users\DELL\OneDrive\Desktop\sparta代码修改流程\sparta-master\lib\kokkos\algorithms\unit_tests\TestStdAlgorithmsReverse.cpp
	    New File  		    8032	C:\Users\DELL\OneDrive\Desktop\sparta代码修改流程\sparta-master\lib\kokkos\algorithms\unit_tests\TestStdAlgorithmsRotate.cpp
	    New File  		    8097	C:\Users\DELL\OneDrive\Desktop\sparta代码修改流程\sparta-master\lib\kokkos\algorithms\unit_tests\TestStdAlgorithmsRotateCopy.cpp
	    New File  		   11769	C:\Users\DELL\OneDrive\Desktop\sparta代码修改流程\sparta-master\lib\kokkos\algorithms\unit_tests\TestStdAlgorithmsSearch.cpp
	    New File  		   10266	C:\Users\DELL\OneDrive\Desktop\sparta代码修改流程\sparta-master\lib\kokkos\algorithms\unit_tests\TestStdAlgorithmsSearch_n.cpp
	    New File  		    7233	C:\Users\DELL\OneDrive\Desktop\sparta代码修改流程\sparta-master\lib\kokkos\algorithms\unit_tests\TestStdAlgorithmsShiftLeft.cpp
	    New File  		    7370	C:\Users\DELL\OneDrive\Desktop\sparta代码修改流程\sparta-master\lib\kokkos\algorithms\unit_tests\TestStdAlgorithmsShiftRight.cpp
	    New File  		    8324	C:\Users\DELL\OneDrive\Desktop\sparta代码修改流程\sparta-master\lib\kokkos\algorithms\unit_tests\TestStdAlgorithmsTeamAdjacentDifference.cpp
	    New File  		    9361	C:\Users\DELL\OneDrive\Desktop\sparta代码修改流程\sparta-master\lib\kokkos\algorithms\unit_tests\TestStdAlgorithmsTeamAdjacentFind.cpp
	    New File  		    5750	C:\Users\DELL\OneDrive\Desktop\sparta代码修改流程\sparta-master\lib\kokkos\algorithms\unit_tests\TestStdAlgorithmsTeamAllOf.cpp
	    New File  		    5743	C:\Users\DELL\OneDrive\Desktop\sparta代码修改流程\sparta-master\lib\kokkos\algorithms\unit_tests\TestStdAlgorithmsTeamAnyOf.cpp
	    New File  		    6147	C:\Users\DELL\OneDrive\Desktop\sparta代码修改流程\sparta-master\lib\kokkos\algorithms\unit_tests\TestStdAlgorithmsTeamCopy.cpp
	    New File  		    6645	C:\Users\DELL\OneDrive\Desktop\sparta代码修改流程\sparta-master\lib\kokkos\algorithms\unit_tests\TestStdAlgorithmsTeamCopyBackward.cpp
	    New File  		    6823	C:\Users\DELL\OneDrive\Desktop\sparta代码修改流程\sparta-master\lib\kokkos\algorithms\unit_tests\TestStdAlgorithmsTeamCopyIf.cpp
	    New File  		    6805	C:\Users\DELL\OneDrive\Desktop\sparta代码修改流程\sparta-master\lib\kokkos\algorithms\unit_tests\TestStdAlgorithmsTeamCopy_n.cpp
	    New File  		    7459	C:\Users\DELL\OneDrive\Desktop\sparta代码修改流程\sparta-master\lib\kokkos\algorithms\unit_tests\TestStdAlgorithmsTeamCount.cpp
	    New File  		    5782	C:\Users\DELL\OneDrive\Desktop\sparta代码修改流程\sparta-master\lib\kokkos\algorithms\unit_tests\TestStdAlgorithmsTeamCountIf.cpp
	    New File  		    9281	C:\Users\DELL\OneDrive\Desktop\sparta代码修改流程\sparta-master\lib\kokkos\algorithms\unit_tests\TestStdAlgorithmsTeamEqual.cpp
	    New File  		    9946	C:\Users\DELL\OneDrive\Desktop\sparta代码修改流程\sparta-master\lib\kokkos\algorithms\unit_tests\TestStdAlgorithmsTeamExclusiveScan.cpp
	    New File  		    3562	C:\Users\DELL\OneDrive\Desktop\sparta代码修改流程\sparta-master\lib\kokkos\algorithms\unit_tests\TestStdAlgorithmsTeamFill.cpp
	    New File  		    6518	C:\Users\DELL\OneDrive\Desktop\sparta代码修改流程\sparta-master\lib\kokkos\algorithms\unit_tests\TestStdAlgorithmsTeamFill_n.cpp
	    New File  		    7957	C:\Users\DELL\OneDrive\Desktop\sparta代码修改流程\sparta-master\lib\kokkos\algorithms\unit_tests\TestStdAlgorithmsTeamFind.cpp
	    New File  		    9811	C:\Users\DELL\OneDrive\Desktop\sparta代码修改流程\sparta-master\lib\kokkos\algorithms\unit_tests\TestStdAlgorithmsTeamFindEnd.cpp
	    New File  		   10288	C:\Users\DELL\OneDrive\Desktop\sparta代码修改流程\sparta-master\lib\kokkos\algorithms\unit_tests\TestStdAlgorithmsTeamFindFirstOf.cpp
	    New File  		    8677	C:\Users\DELL\OneDrive\Desktop\sparta代码修改流程\sparta-master\lib\kokkos\algorithms\unit_tests\TestStdAlgorithmsTeamFindIf.cpp
	    New File  		    8495	C:\Users\DELL\OneDrive\Desktop\sparta代码修改流程\sparta-master\lib\kokkos\algorithms\unit_tests\TestStdAlgorithmsTeamFindIfNot.cpp
	    New File  		    4022	C:\Users\DELL\OneDrive\Desktop\sparta代码修改流程\sparta-master\lib\kokkos\algorithms\unit_tests\TestStdAlgorithmsTeamForEach.cpp
	    New File  		    4618	C:\Users\DELL\OneDrive\Desktop\sparta代码修改流程\sparta-master\lib\kokkos\algorithms\unit_tests\TestStdAlgorithmsTeamForEachN.cpp
	    New File  		    3918	C:\Users\DELL\OneDrive\Desktop\sparta代码修改流程\sparta-master\lib\kokkos\algorithms\unit_tests\TestStdAlgorithmsTeamGenerate.cpp
	    New File  		    6718	C:\Users\DELL\OneDrive\Desktop\sparta代码修改流程\sparta-master\lib\kokkos\algorithms\unit_tests\TestStdAlgorithmsTeamGenerate_n.cpp
	    New File  		   10691	C:\Users\DELL\OneDrive\Desktop\sparta代码修改流程\sparta-master\lib\kokkos\algorithms\unit_tests\TestStdAlgorithmsTeamInclusiveScan.cpp
	    New File  		    9353	C:\Users\DELL\OneDrive\Desktop\sparta代码修改流程\sparta-master\lib\kokkos\algorithms\unit_tests\TestStdAlgorithmsTeamIsPartitioned.cpp
	    New File  		    7946	C:\Users\DELL\OneDrive\Desktop\sparta代码修改流程\sparta-master\lib\kokkos\algorithms\unit_tests\TestStdAlgorithmsTeamIsSorted.cpp
	    New File  		   10562	C:\Users\DELL\OneDrive\Desktop\sparta代码修改流程\sparta-master\lib\kokkos\algorithms\unit_tests\TestStdAlgorithmsTeamIsSortedUntil.cpp
	    New File  		   10079	C:\Users\DELL\OneDrive\Desktop\sparta代码修改流程\sparta-master\lib\kokkos\algorithms\unit_tests\TestStdAlgorithmsTeamLexicographicalCompare.cpp
	    New File  		    6898	C:\Users\DELL\OneDrive\Desktop\sparta代码修改流程\sparta-master\lib\kokkos\algorithms\unit_tests\TestStdAlgorithmsTeamMaxElement.cpp
	    New File  		    6897	C:\Users\DELL\OneDrive\Desktop\sparta代码修改流程\sparta-master\lib\kokkos\algorithms\unit_tests\TestStdAlgorithmsTeamMinElement.cpp
	    New File  		    7968	C:\Users\DELL\OneDrive\Desktop\sparta代码修改流程\sparta-master\lib\kokkos\algorithms\unit_tests\TestStdAlgorithmsTeamMinMaxElement.cpp
	    New File  		    9844	C:\Users\DELL\OneDrive\Desktop\sparta代码修改流程\sparta-master\lib\kokkos\algorithms\unit_tests\TestStdAlgorithmsTeamMismatch.cpp
	    New File  		    6157	C:\Users\DELL\OneDrive\Desktop\sparta代码修改流程\sparta-master\lib\kokkos\algorithms\unit_tests\TestStdAlgorithmsTeamMove.cpp
	    New File  		    6718	C:\Users\DELL\OneDrive\Desktop\sparta代码修改流程\sparta-master\lib\kokkos\algorithms\unit_tests\TestStdAlgorithmsTeamMoveBackward.cpp
	    New File  		    5767	C:\Users\DELL\OneDrive\Desktop\sparta代码修改流程\sparta-master\lib\kokkos\algorithms\unit_tests\TestStdAlgorithmsTeamNoneOf.cpp
	    New File  		   12343	C:\Users\DELL\OneDrive\Desktop\sparta代码修改流程\sparta-master\lib\kokkos\algorithms\unit_tests\TestStdAlgorithmsTeamPartitionCopy.cpp
	    New File  		    9618	C:\Users\DELL\OneDrive\Desktop\sparta代码修改流程\sparta-master\lib\kokkos\algorithms\unit_tests\TestStdAlgorithmsTeamPartitionPoint.cpp
	    New File  		    9228	C:\Users\DELL\OneDrive\Desktop\sparta代码修改流程\sparta-master\lib\kokkos\algorithms\unit_tests\TestStdAlgorithmsTeamReduce.cpp
	    New File  		    6666	C:\Users\DELL\OneDrive\Desktop\sparta代码修改流程\sparta-master\lib\kokkos\algorithms\unit_tests\TestStdAlgorithmsTeamRemove.cpp
	    New File  		    8679	C:\Users\DELL\OneDrive\Desktop\sparta代码修改流程\sparta-master\lib\kokkos\algorithms\unit_tests\TestStdAlgorithmsTeamRemoveCopy.cpp
	    New File  		    6782	C:\Users\DELL\OneDrive\Desktop\sparta代码修改流程\sparta-master\lib\kokkos\algorithms\unit_tests\TestStdAlgorithmsTeamRemoveCopyIf.cpp
	    New File  		    6153	C:\Users\DELL\OneDrive\Desktop\sparta代码修改流程\sparta-master\lib\kokkos\algorithms\unit_tests\TestStdAlgorithmsTeamRemoveIf.cpp
	    New File  		    4528	C:\Users\DELL\OneDrive\Desktop\sparta代码修改流程\sparta-master\lib\kokkos\algorithms\unit_tests\TestStdAlgorithmsTeamReplace.cpp
	    New File  		    8148	C:\Users\DELL\OneDrive\Desktop\sparta代码修改流程\sparta-master\lib\kokkos\algorithms\unit_tests\TestStdAlgorithmsTeamReplaceCopy.cpp
	    New File  		    7195	C:\Users\DELL\OneDrive\Desktop\sparta代码修改流程\sparta-master\lib\kokkos\algorithms\unit_tests\TestStdAlgorithmsTeamReplaceCopyIf.cpp
	    New File  		    4756	C:\Users\DELL\OneDrive\Desktop\sparta代码修改流程\sparta-master\lib\kokkos\algorithms\unit_tests\TestStdAlgorithmsTeamReplaceIf.cpp
	    New File  		    3437	C:\Users\DELL\OneDrive\Desktop\sparta代码修改流程\sparta-master\lib\kokkos\algorithms\unit_tests\TestStdAlgorithmsTeamReverse.cpp
	    New File  		    5926	C:\Users\DELL\OneDrive\Desktop\sparta代码修改流程\sparta-master\lib\kokkos\algorithms\unit_tests\TestStdAlgorithmsTeamReverseCopy.cpp
	    New File  		    6401	C:\Users\DELL\OneDrive\Desktop\sparta代码修改流程\sparta-master\lib\kokkos\algorithms\unit_tests\TestStdAlgorithmsTeamRotate.cpp
	    New File  		    7107	C:\Users\DELL\OneDrive\Desktop\sparta代码修改流程\sparta-master\lib\kokkos\algorithms\unit_tests\TestStdAlgorithmsTeamRotateCopy.cpp
	    New File  		   10215	C:\Users\DELL\OneDrive\Desktop\sparta代码修改流程\sparta-master\lib\kokkos\algorithms\unit_tests\TestStdAlgorithmsTeamSearch.cpp
	    New File  		   10637	C:\Users\DELL\OneDrive\Desktop\sparta代码修改流程\sparta-master\lib\kokkos\algorithms\unit_tests\TestStdAlgorithmsTeamSearchN.cpp
	    New File  		    7123	C:\Users\DELL\OneDrive\Desktop\sparta代码修改流程\sparta-master\lib\kokkos\algorithms\unit_tests\TestStdAlgorithmsTeamShiftLeft.cpp
	    New File  		    7148	C:\Users\DELL\OneDrive\Desktop\sparta代码修改流程\sparta-master\lib\kokkos\algorithms\unit_tests\TestStdAlgorithmsTeamShiftRight.cpp
	    New File  		    5748	C:\Users\DELL\OneDrive\Desktop\sparta代码修改流程\sparta-master\lib\kokkos\algorithms\unit_tests\TestStdAlgorithmsTeamSwapRanges.cpp
	    New File  		    7226	C:\Users\DELL\OneDrive\Desktop\sparta代码修改流程\sparta-master\lib\kokkos\algorithms\unit_tests\TestStdAlgorithmsTeamTransformBinaryOp.cpp
	    New File  		    9271	C:\Users\DELL\OneDrive\Desktop\sparta代码修改流程\sparta-master\lib\kokkos\algorithms\unit_tests\TestStdAlgorithmsTeamTransformExclusiveScan.cpp
	    New File  		   10476	C:\Users\DELL\OneDrive\Desktop\sparta代码修改流程\sparta-master\lib\kokkos\algorithms\unit_tests\TestStdAlgorithmsTeamTransformInclusiveScan.cpp
	    New File  		   11334	C:\Users\DELL\OneDrive\Desktop\sparta代码修改流程\sparta-master\lib\kokkos\algorithms\unit_tests\TestStdAlgorithmsTeamTransformReduce.cpp
	    New File  		    6842	C:\Users\DELL\OneDrive\Desktop\sparta代码修改流程\sparta-master\lib\kokkos\algorithms\unit_tests\TestStdAlgorithmsTeamTransformUnaryOp.cpp
	    New File  		    6773	C:\Users\DELL\OneDrive\Desktop\sparta代码修改流程\sparta-master\lib\kokkos\algorithms\unit_tests\TestStdAlgorithmsTeamUnique.cpp
	    New File  		    7794	C:\Users\DELL\OneDrive\Desktop\sparta代码修改流程\sparta-master\lib\kokkos\algorithms\unit_tests\TestStdAlgorithmsTeamUniqueCopy.cpp
	    New File  		   13029	C:\Users\DELL\OneDrive\Desktop\sparta代码修改流程\sparta-master\lib\kokkos\algorithms\unit_tests\TestStdAlgorithmsTransformExclusiveScan.cpp
	    New File  		   13930	C:\Users\DELL\OneDrive\Desktop\sparta代码修改流程\sparta-master\lib\kokkos\algorithms\unit_tests\TestStdAlgorithmsTransformInclusiveScan.cpp
	    New File  		    4833	C:\Users\DELL\OneDrive\Desktop\sparta代码修改流程\sparta-master\lib\kokkos\algorithms\unit_tests\TestStdAlgorithmsTransformUnaryOp.cpp
	    New File  		    8718	C:\Users\DELL\OneDrive\Desktop\sparta代码修改流程\sparta-master\lib\kokkos\algorithms\unit_tests\TestStdAlgorithmsUnique.cpp
	    New File  		   11045	C:\Users\DELL\OneDrive\Desktop\sparta代码修改流程\sparta-master\lib\kokkos\algorithms\unit_tests\TestStdAlgorithmsUniqueCopy.cpp
	    New File  		    8460	C:\Users\DELL\OneDrive\Desktop\sparta代码修改流程\sparta-master\lib\kokkos\algorithms\unit_tests\TestStdReducers.cpp
	    New File  		     806	C:\Users\DELL\OneDrive\Desktop\sparta代码修改流程\sparta-master\lib\kokkos\algorithms\unit_tests\UnitTestMain.cpp
	    New File  		    1160	C:\Users\DELL\OneDrive\Desktop\sparta代码修改流程\sparta-master\lib\kokkos\algorithms\src\CMakeLists.txt
	    New File  		     626	C:\Users\DELL\OneDrive\Desktop\sparta代码修改流程\sparta-master\lib\kokkos\algorithms\src\KokkosAlgorithms_dummy.cpp
	    New File  		     982	C:\Users\DELL\OneDrive\Desktop\sparta代码修改流程\sparta-master\lib\kokkos\algorithms\src\Kokkos_NestedSort.hpp
	    New File  		     836	C:\Users\DELL\OneDrive\Desktop\sparta代码修改流程\sparta-master\lib\kokkos\algorithms\src\Kokkos_Random.cppm
	    New File  		   59792	C:\Users\DELL\OneDrive\Desktop\sparta代码修改流程\sparta-master\lib\kokkos\algorithms\src\Kokkos_Random.hpp
	    New File  		    1124	C:\Users\DELL\OneDrive\Desktop\sparta代码修改流程\sparta-master\lib\kokkos\algorithms\src\Kokkos_Sort.cppm
	    New File  		    1087	C:\Users\DELL\OneDrive\Desktop\sparta代码修改流程\sparta-master\lib\kokkos\algorithms\src\Kokkos_Sort.hpp
	    New File  		    3680	C:\Users\DELL\OneDrive\Desktop\sparta代码修改流程\sparta-master\lib\kokkos\algorithms\src\Kokkos_StdAlgorithms.cppm
	    New File  		    4422	C:\Users\DELL\OneDrive\Desktop\sparta代码修改流程\sparta-master\lib\kokkos\algorithms\src\Kokkos_StdAlgorithms.hpp
	    New File  		      65	C:\Users\DELL\OneDrive\Desktop\sparta代码修改流程\sparta-master\lib\kokkos\benchmarks\launch_latency\CMakeLists.txt
	    New File  		    8520	C:\Users\DELL\OneDrive\Desktop\sparta代码修改流程\sparta-master\lib\kokkos\benchmarks\launch_latency\launch_latency.cpp
	    New File  		      45	C:\Users\DELL\OneDrive\Desktop\sparta代码修改流程\sparta-master\lib\kokkos\benchmarks\gups\CMakeLists.txt
	    New File  		      47	C:\Users\DELL\OneDrive\Desktop\sparta代码修改流程\sparta-master\lib\kokkos\benchmarks\atomic\CMakeLists.txt
	    New File  		    6125	C:\Users\DELL\OneDrive\Desktop\sparta代码修改流程\sparta-master\lib\kokkos\benchmarks\gups\gups.cpp
	    New File  		    4915	C:\Users\DELL\OneDrive\Desktop\sparta代码修改流程\sparta-master\lib\kokkos\benchmarks\atomic\main.cpp
	    New File  		    1114	C:\Users\DELL\OneDrive\Desktop\sparta代码修改流程\sparta-master\lib\kokkos\benchmarks\atomic\Makefile
	    New File  		      47	C:\Users\DELL\OneDrive\Desktop\sparta代码修改流程\sparta-master\lib\kokkos\benchmarks\gather\CMakeLists.txt
	    New File  		    1702	C:\Users\DELL\OneDrive\Desktop\sparta代码修改流程\sparta-master\lib\kokkos\benchmarks\gather\gather.hpp
	    New File  		    4098	C:\Users\DELL\OneDrive\Desktop\sparta代码修改流程\sparta-master\lib\kokkos\benchmarks\gather\gather_unroll.hpp
	    New File  		    2387	C:\Users\DELL\OneDrive\Desktop\sparta代码修改流程\sparta-master\lib\kokkos\benchmarks\gather\main.cpp
	    New File  		    1094	C:\Users\DELL\OneDrive\Desktop\sparta代码修改流程\sparta-master\lib\kokkos\benchmarks\gather\Makefile
	    New File  		    2453	C:\Users\DELL\OneDrive\Desktop\sparta代码修改流程\sparta-master\lib\kokkos\benchmarks\bytes_and_flops\bench.hpp
	    New File  		     742	C:\Users\DELL\OneDrive\Desktop\sparta代码修改流程\sparta-master\lib\kokkos\benchmarks\bytes_and_flops\bench_double.cpp
	    New File  		     740	C:\Users\DELL\OneDrive\Desktop\sparta代码修改流程\sparta-master\lib\kokkos\benchmarks\bytes_and_flops\bench_float.cpp
	    New File  		     744	C:\Users\DELL\OneDrive\Desktop\sparta代码修改流程\sparta-master\lib\kokkos\benchmarks\bytes_and_flops\bench_int32_t.cpp
	    New File  		     744	C:\Users\DELL\OneDrive\Desktop\sparta代码修改流程\sparta-master\lib\kokkos\benchmarks\bytes_and_flops\bench_int64_t.cpp
	    New File  		    2866	C:\Users\DELL\OneDrive\Desktop\sparta代码修改流程\sparta-master\lib\kokkos\benchmarks\bytes_and_flops\bench_stride.hpp
	    New File  		    3998	C:\Users\DELL\OneDrive\Desktop\sparta代码修改流程\sparta-master\lib\kokkos\benchmarks\bytes_and_flops\bench_unroll_stride.hpp
	    New File  		     141	C:\Users\DELL\OneDrive\Desktop\sparta代码修改流程\sparta-master\lib\kokkos\benchmarks\bytes_and_flops\CMakeLists.txt
	    New File  		    3794	C:\Users\DELL\OneDrive\Desktop\sparta代码修改流程\sparta-master\lib\kokkos\benchmarks\bytes_and_flops\main.cpp
	    New File  		    1103	C:\Users\DELL\OneDrive\Desktop\sparta代码修改流程\sparta-master\lib\kokkos\benchmarks\bytes_and_flops\Makefile
	    New File  		      59	C:\Users\DELL\OneDrive\Desktop\sparta代码修改流程\sparta-master\lib\kokkos\benchmarks\policy_performance\CMakeLists.txt
	    New File  		    7831	C:\Users\DELL\OneDrive\Desktop\sparta代码修改流程\sparta-master\lib\kokkos\benchmarks\policy_performance\main.cpp
	    New File  		    1114	C:\Users\DELL\OneDrive\Desktop\sparta代码修改流程\sparta-master\lib\kokkos\benchmarks\policy_performance\Makefile
	    New File  		   17462	C:\Users\DELL\OneDrive\Desktop\sparta代码修改流程\sparta-master\lib\kokkos\benchmarks\policy_performance\policy_perf_test.hpp
	    New File  		    1545	C:\Users\DELL\OneDrive\Desktop\sparta代码修改流程\sparta-master\lib\kokkos\benchmarks\policy_performance\script_basic_testing.sh
	    New File  		    3460	C:\Users\DELL\OneDrive\Desktop\sparta代码修改流程\sparta-master\lib\kokkos\benchmarks\policy_performance\script_sample_usage.sh
	    New File  		      56	C:\Users\DELL\OneDrive\Desktop\sparta代码修改流程\sparta-master\lib\kokkos\benchmarks\stream\CMakeLists.txt
	    New File  		    1094	C:\Users\DELL\OneDrive\Desktop\sparta代码修改流程\sparta-master\lib\kokkos\benchmarks\stream\Makefile
	    New File  		    7217	C:\Users\DELL\OneDrive\Desktop\sparta代码修改流程\sparta-master\lib\kokkos\benchmarks\stream\stream-kokkos.cpp
	    New File  		      79	C:\Users\DELL\OneDrive\Desktop\sparta代码修改流程\sparta-master\lib\kokkos\benchmarks\view_copy_constructor\CMakeLists.txt
	    New File  		    1020	C:\Users\DELL\OneDrive\Desktop\sparta代码修改流程\sparta-master\lib\kokkos\benchmarks\view_copy_constructor\Makefile
	    New File  		    9428	C:\Users\DELL\OneDrive\Desktop\sparta代码修改流程\sparta-master\lib\kokkos\benchmarks\view_copy_constructor\view_copy_constructor.cpp
	    New File  		     995	C:\Users\DELL\OneDrive\Desktop\sparta代码修改流程\sparta-master\lib\kokkos\cmake\compile_tests\amd_apu.cc
	    New File  		     700	C:\Users\DELL\OneDrive\Desktop\sparta代码修改流程\sparta-master\lib\kokkos\cmake\compile_tests\clang_omp.cpp
	    New File  		     740	C:\Users\DELL\OneDrive\Desktop\sparta代码修改流程\sparta-master\lib\kokkos\cmake\compile_tests\cplusplus17.cpp
	    New File  		    2891	C:\Users\DELL\OneDrive\Desktop\sparta代码修改流程\sparta-master\lib\kokkos\cmake\compile_tests\cuda_compute_capability.cc
	    New File  		     717	C:\Users\DELL\OneDrive\Desktop\sparta代码修改流程\sparta-master\lib\kokkos\cmake\compile_tests\get_sve_hw_vl.cpp
	    New File  		    1170	C:\Users\DELL\OneDrive\Desktop\sparta代码修改流程\sparta-master\lib\kokkos\cmake\deps\CUDA.cmake
	    New File  		    1021	C:\Users\DELL\OneDrive\Desktop\sparta代码修改流程\sparta-master\lib\kokkos\cmake\deps\HWLOC.cmake
	    New File  		    1507	C:\Users\DELL\OneDrive\Desktop\sparta代码修改流程\sparta-master\lib\kokkos\cmake\deps\Pthread.cmake
	    New File  		     684	C:\Users\DELL\OneDrive\Desktop\sparta代码修改流程\sparta-master\lib\kokkos\cmake\deps\quadmath.cmake
	    New File  		   28385	C:\Users\DELL\OneDrive\Desktop\sparta代码修改流程\sparta-master\lib\kokkos\cmake\Modules\CudaToolkit.cmake
	    New File  		    1399	C:\Users\DELL\OneDrive\Desktop\sparta代码修改流程\sparta-master\lib\kokkos\cmake\Modules\FindTPLCUDA.cmake
	    New File  		     425	C:\Users\DELL\OneDrive\Desktop\sparta代码修改流程\sparta-master\lib\kokkos\cmake\Modules\FindTPLHPX.cmake
	    New File  		      57	C:\Users\DELL\OneDrive\Desktop\sparta代码修改流程\sparta-master\lib\kokkos\cmake\Modules\FindTPLHWLOC.cmake
	    New File  		      80	C:\Users\DELL\OneDrive\Desktop\sparta代码修改流程\sparta-master\lib\kokkos\cmake\Modules\FindTPLLIBDL.cmake
	    New File  		     701	C:\Users\DELL\OneDrive\Desktop\sparta代码修改流程\sparta-master\lib\kokkos\cmake\Modules\FindTPLLIBQUADMATH.cmake
	    New File  		    1542	C:\Users\DELL\OneDrive\Desktop\sparta代码修改流程\sparta-master\lib\kokkos\cmake\Modules\FindTPLONEDPL.cmake
	    New File  		    1437	C:\Users\DELL\OneDrive\Desktop\sparta代码修改流程\sparta-master\lib\kokkos\cmake\Modules\FindTPLROCM.cmake
	    New File  		     929	C:\Users\DELL\OneDrive\Desktop\sparta代码修改流程\sparta-master\lib\kokkos\cmake\Modules\FindTPLROCTHRUST.cmake
	    New File  		     379	C:\Users\DELL\OneDrive\Desktop\sparta代码修改流程\sparta-master\lib\kokkos\cmake\Modules\FindTPLTHREADS.cmake
	    New File  		    1021	C:\Users\DELL\OneDrive\Desktop\sparta代码修改流程\sparta-master\lib\kokkos\cmake\tpls\FindTPLHWLOC.cmake
	    New File  		    1461	C:\Users\DELL\OneDrive\Desktop\sparta代码修改流程\sparta-master\lib\kokkos\cmake\tpls\FindTPLPthread.cmake
	    New File  		     685	C:\Users\DELL\OneDrive\Desktop\sparta代码修改流程\sparta-master\lib\kokkos\cmake\tpls\FindTPLquadmath.cmake
	    New File  		     549	C:\Users\DELL\OneDrive\Desktop\sparta代码修改流程\sparta-master\lib\kokkos\containers\performance_tests\CMakeLists.txt
	    New File  		    3224	C:\Users\DELL\OneDrive\Desktop\sparta代码修改流程\sparta-master\lib\kokkos\containers\performance_tests\Makefile
	    New File  		    1715	C:\Users\DELL\OneDrive\Desktop\sparta代码修改流程\sparta-master\lib\kokkos\containers\performance_tests\TestCuda.cpp
	    New File  		    8211	C:\Users\DELL\OneDrive\Desktop\sparta代码修改流程\sparta-master\lib\kokkos\containers\performance_tests\TestDynRankView.hpp
	    New File  		    4987	C:\Users\DELL\OneDrive\Desktop\sparta代码修改流程\sparta-master\lib\kokkos\containers\performance_tests\TestGlobal2LocalIds.hpp
	    New File  		    1707	C:\Users\DELL\OneDrive\Desktop\sparta代码修改流程\sparta-master\lib\kokkos\containers\performance_tests\TestHIP.cpp
	    New File  		    2630	C:\Users\DELL\OneDrive\Desktop\sparta代码修改流程\sparta-master\lib\kokkos\containers\performance_tests\TestHPX.cpp
	    New File  		     827	C:\Users\DELL\OneDrive\Desktop\sparta代码修改流程\sparta-master\lib\kokkos\containers\performance_tests\TestMain.cpp
	    New File  		    3038	C:\Users\DELL\OneDrive\Desktop\sparta代码修改流程\sparta-master\lib\kokkos\containers\performance_tests\TestOpenMP.cpp
	    New File  		    3105	C:\Users\DELL\OneDrive\Desktop\sparta代码修改流程\sparta-master\lib\kokkos\containers\performance_tests\TestScatterView.hpp
	    New File  		    2422	C:\Users\DELL\OneDrive\Desktop\sparta代码修改流程\sparta-master\lib\kokkos\containers\performance_tests\TestThreads.cpp
	    New File  		    7465	C:\Users\DELL\OneDrive\Desktop\sparta代码修改流程\sparta-master\lib\kokkos\containers\performance_tests\TestUnorderedMapPerformance.hpp
	    New File  		    1008	C:\Users\DELL\OneDrive\Desktop\sparta代码修改流程\sparta-master\lib\kokkos\containers\src\CMakeLists.txt
	    New File  		   13933	C:\Users\DELL\OneDrive\Desktop\sparta代码修改流程\sparta-master\lib\kokkos\containers\src\Kokkos_Bitset.hpp
	    New File  		   50662	C:\Users\DELL\OneDrive\Desktop\sparta代码修改流程\sparta-master\lib\kokkos\containers\src\Kokkos_DualView.hpp
	    New File  		   38675	C:\Users\DELL\OneDrive\Desktop\sparta代码修改流程\sparta-master\lib\kokkos\containers\src\Kokkos_DynamicView.hpp
	    New File  		   82295	C:\Users\DELL\OneDrive\Desktop\sparta代码修改流程\sparta-master\lib\kokkos\containers\src\Kokkos_DynRankView.hpp
	    New File  		    5776	C:\Users\DELL\OneDrive\Desktop\sparta代码修改流程\sparta-master\lib\kokkos\containers\src\Kokkos_ErrorReporter.hpp
	    New File  		    2628	C:\Users\DELL\OneDrive\Desktop\sparta代码修改流程\sparta-master\lib\kokkos\containers\src\Kokkos_Functional.hpp
	    New File  		   60844	C:\Users\DELL\OneDrive\Desktop\sparta代码修改流程\sparta-master\lib\kokkos\containers\src\Kokkos_OffsetView.hpp
	    New File  		   66221	C:\Users\DELL\OneDrive\Desktop\sparta代码修改流程\sparta-master\lib\kokkos\containers\src\Kokkos_ScatterView.hpp
	    New File  		   18472	C:\Users\DELL\OneDrive\Desktop\sparta代码修改流程\sparta-master\lib\kokkos\containers\src\Kokkos_StaticCrsGraph.hpp
	    New File  		   37034	C:\Users\DELL\OneDrive\Desktop\sparta代码修改流程\sparta-master\lib\kokkos\containers\src\Kokkos_UnorderedMap.hpp
	    New File  		   10001	C:\Users\DELL\OneDrive\Desktop\sparta代码修改流程\sparta-master\lib\kokkos\containers\src\Kokkos_Vector.hpp
	    New File  		    2750	C:\Users\DELL\OneDrive\Desktop\sparta代码修改流程\sparta-master\lib\kokkos\containers\unit_tests\CMakeLists.txt
	    New File  		    6236	C:\Users\DELL\OneDrive\Desktop\sparta代码修改流程\sparta-master\lib\kokkos\containers\unit_tests\Makefile
	    New File  		    6972	C:\Users\DELL\OneDrive\Desktop\sparta代码修改流程\sparta-master\lib\kokkos\containers\unit_tests\TestBitset.hpp
	    New File  		     583	C:\Users\DELL\OneDrive\Desktop\sparta代码修改流程\sparta-master\lib\kokkos\containers\unit_tests\TestCompileMain.cpp
	    New File  		    7233	C:\Users\DELL\OneDrive\Desktop\sparta代码修改流程\sparta-master\lib\kokkos\containers\unit_tests\TestCreateMirror.cpp
	    New File  		   25323	C:\Users\DELL\OneDrive\Desktop\sparta代码修改流程\sparta-master\lib\kokkos\containers\unit_tests\TestDualView.hpp
	    New File  		    1337	C:\Users\DELL\OneDrive\Desktop\sparta代码修改流程\sparta-master\lib\kokkos\containers\unit_tests\TestDualViewParameterPack.cpp
	    New File  		   10207	C:\Users\DELL\OneDrive\Desktop\sparta代码修改流程\sparta-master\lib\kokkos\containers\unit_tests\TestDynamicView.hpp
	    New File  		   16087	C:\Users\DELL\OneDrive\Desktop\sparta代码修改流程\sparta-master\lib\kokkos\containers\unit_tests\TestDynRankViewTypedefs.cpp
	    New File  		    3198	C:\Users\DELL\OneDrive\Desktop\sparta代码修改流程\sparta-master\lib\kokkos\containers\unit_tests\TestDynRankView_Ctors.hpp
	    New File  		    2713	C:\Users\DELL\OneDrive\Desktop\sparta代码修改流程\sparta-master\lib\kokkos\containers\unit_tests\TestDynRankView_TeamScratch.hpp
	    New File  		    7216	C:\Users\DELL\OneDrive\Desktop\sparta代码修改流程\sparta-master\lib\kokkos\containers\unit_tests\TestDynRankView_ViewCustomization.hpp
	    New File  		   65336	C:\Users\DELL\OneDrive\Desktop\sparta代码修改流程\sparta-master\lib\kokkos\containers\unit_tests\TestDynViewAPI.hpp
	    New File  		     743	C:\Users\DELL\OneDrive\Desktop\sparta代码修改流程\sparta-master\lib\kokkos\containers\unit_tests\TestDynViewAPI_generic.hpp
	    New File  		    2583	C:\Users\DELL\OneDrive\Desktop\sparta代码修改流程\sparta-master\lib\kokkos\containers\unit_tests\TestDynViewAPI_rank12345.hpp
	    New File  		     766	C:\Users\DELL\OneDrive\Desktop\sparta代码修改流程\sparta-master\lib\kokkos\containers\unit_tests\TestDynViewAPI_rank67.hpp
	    New File  		    7627	C:\Users\DELL\OneDrive\Desktop\sparta代码修改流程\sparta-master\lib\kokkos\containers\unit_tests\TestErrorReporter.hpp
	    New File  		    2967	C:\Users\DELL\OneDrive\Desktop\sparta代码修改流程\sparta-master\lib\kokkos\containers\unit_tests\TestIsViewTrait.cpp
	    New File  		   26423	C:\Users\DELL\OneDrive\Desktop\sparta代码修改流程\sparta-master\lib\kokkos\containers\unit_tests\TestOffsetView.hpp
	    New File  		   31634	C:\Users\DELL\OneDrive\Desktop\sparta代码修改流程\sparta-master\lib\kokkos\containers\unit_tests\TestScatterView.hpp
	    New File  		    9425	C:\Users\DELL\OneDrive\Desktop\sparta代码修改流程\sparta-master\lib\kokkos\containers\unit_tests\TestStaticCrsGraph.hpp
	    New File  		   17802	C:\Users\DELL\OneDrive\Desktop\sparta代码修改流程\sparta-master\lib\kokkos\containers\unit_tests\TestUnorderedMap.hpp
	    New File  		    6610	C:\Users\DELL\OneDrive\Desktop\sparta代码修改流程\sparta-master\lib\kokkos\containers\unit_tests\TestVector.hpp
	    New File  		    6412	C:\Users\DELL\OneDrive\Desktop\sparta代码修改流程\sparta-master\lib\kokkos\containers\unit_tests\TestViewCtorPropEmbeddedDim.hpp
	    New File  		   31329	C:\Users\DELL\OneDrive\Desktop\sparta代码修改流程\sparta-master\lib\kokkos\containers\unit_tests\TestWithoutInitializing.hpp
	    New File  		     806	C:\Users\DELL\OneDrive\Desktop\sparta代码修改流程\sparta-master\lib\kokkos\containers\unit_tests\UnitTestMain.cpp
	    New File  		     675	C:\Users\DELL\OneDrive\Desktop\sparta代码修改流程\sparta-master\lib\kokkos\tpls\desul\Config.hpp.cmake.in
	    New File  		     795	C:\Users\DELL\OneDrive\Desktop\sparta代码修改流程\sparta-master\lib\kokkos\example\build_cmake_installed\CMakeLists.txt
	    New File  		     639	C:\Users\DELL\OneDrive\Desktop\sparta代码修改流程\sparta-master\lib\kokkos\example\build_cmake_installed_different_compiler\bar.cpp
	    New File  		    1801	C:\Users\DELL\OneDrive\Desktop\sparta代码修改流程\sparta-master\lib\kokkos\example\build_cmake_installed\cmake_example.cpp
	    New File  		    1066	C:\Users\DELL\OneDrive\Desktop\sparta代码修改流程\sparta-master\lib\kokkos\example\build_cmake_installed_different_compiler\CMakeLists.txt
	    New File  		     108	C:\Users\DELL\OneDrive\Desktop\sparta代码修改流程\sparta-master\lib\kokkos\example\build_cmake_installed\foo.f
	    New File  		    1726	C:\Users\DELL\OneDrive\Desktop\sparta代码修改流程\sparta-master\lib\kokkos\example\build_cmake_installed_different_compiler\foo.cpp
	    New File  		     636	C:\Users\DELL\OneDrive\Desktop\sparta代码修改流程\sparta-master\lib\kokkos\example\build_cmake_installed_kk_as_language\bar.cpp
	    New File  		     971	C:\Users\DELL\OneDrive\Desktop\sparta代码修改流程\sparta-master\lib\kokkos\example\build_cmake_installed_kk_as_language\CMakeLists.txt
	    New File  		    1682	C:\Users\DELL\OneDrive\Desktop\sparta代码修改流程\sparta-master\lib\kokkos\example\build_cmake_installed_kk_as_language\cmake_example.cpp
	    New File  		     108	C:\Users\DELL\OneDrive\Desktop\sparta代码修改流程\sparta-master\lib\kokkos\example\build_cmake_installed_kk_as_language\foo.f
	    New File  		     628	C:\Users\DELL\OneDrive\Desktop\sparta代码修改流程\sparta-master\lib\kokkos\example\build_cmake_in_tree\CMakeLists.txt
	    New File  		    1668	C:\Users\DELL\OneDrive\Desktop\sparta代码修改流程\sparta-master\lib\kokkos\example\build_cmake_in_tree\cmake_example.cpp
	    New File  		     903	C:\Users\DELL\OneDrive\Desktop\sparta代码修改流程\sparta-master\lib\kokkos\example\make_buildlink\main.cpp
	    New File  		    1045	C:\Users\DELL\OneDrive\Desktop\sparta代码修改流程\sparta-master\lib\kokkos\example\make_buildlink\Makefile
	    New File  		      90	C:\Users\DELL\OneDrive\Desktop\sparta代码修改流程\sparta-master\lib\kokkos\example\make_buildlink\README
	    New File  		     210	C:\Users\DELL\OneDrive\Desktop\sparta代码修改流程\sparta-master\lib\kokkos\example\query_device\CMakeLists.txt
	    New File  		     976	C:\Users\DELL\OneDrive\Desktop\sparta代码修改流程\sparta-master\lib\kokkos\example\query_device\Makefile
	    New File  		    1670	C:\Users\DELL\OneDrive\Desktop\sparta代码修改流程\sparta-master\lib\kokkos\example\query_device\query_device.cpp
	    New File  		     289	C:\Users\DELL\OneDrive\Desktop\sparta代码修改流程\sparta-master\lib\kokkos\example\relocatable_function\CMakeLists.txt
	    New File  		     701	C:\Users\DELL\OneDrive\Desktop\sparta代码修改流程\sparta-master\lib\kokkos\example\relocatable_function\functor.cpp
	    New File  		    1587	C:\Users\DELL\OneDrive\Desktop\sparta代码修改流程\sparta-master\lib\kokkos\example\relocatable_function\main.cpp
	    New File  		     753	C:\Users\DELL\OneDrive\Desktop\sparta代码修改流程\sparta-master\lib\kokkos\example\relocatable_function\Makefile
	    New File  		     662	C:\Users\DELL\OneDrive\Desktop\sparta代码修改流程\sparta-master\lib\kokkos\example\tutorial\CMakeLists.txt
	    New File  		    7426	C:\Users\DELL\OneDrive\Desktop\sparta代码修改流程\sparta-master\lib\kokkos\example\tutorial\Makefile
	    New File  		     347	C:\Users\DELL\OneDrive\Desktop\sparta代码修改流程\sparta-master\lib\kokkos\example\tutorial\README
	    New File  		     827	C:\Users\DELL\OneDrive\Desktop\sparta代码修改流程\sparta-master\lib\kokkos\example\virtual_functions\classes.cpp
	    New File  		    1137	C:\Users\DELL\OneDrive\Desktop\sparta代码修改流程\sparta-master\lib\kokkos\example\virtual_functions\classes.hpp
	    New File  		    1536	C:\Users\DELL\OneDrive\Desktop\sparta代码修改流程\sparta-master\lib\kokkos\example\virtual_functions\main.cpp
	    New File  		    1225	C:\Users\DELL\OneDrive\Desktop\sparta代码修改流程\sparta-master\lib\kokkos\example\virtual_functions\Makefile
	    New File  		    7408	C:\Users\DELL\OneDrive\Desktop\sparta代码修改流程\sparta-master\lib\kokkos\core\src\CMakeLists.txt
	    New File  		    3225	C:\Users\DELL\OneDrive\Desktop\sparta代码修改流程\sparta-master\lib\kokkos\core\src\KokkosExp_InterOp.hpp
	    New File  		   19189	C:\Users\DELL\OneDrive\Desktop\sparta代码修改流程\sparta-master\lib\kokkos\core\src\KokkosExp_MDRangePolicy.hpp
	    New File  		    3253	C:\Users\DELL\OneDrive\Desktop\sparta代码修改流程\sparta-master\lib\kokkos\core\src\Kokkos_Abort.hpp
	    New File  		    1748	C:\Users\DELL\OneDrive\Desktop\sparta代码修改流程\sparta-master\lib\kokkos\core\src\Kokkos_AcquireUniqueTokenImpl.hpp
	    New File  		    2699	C:\Users\DELL\OneDrive\Desktop\sparta代码修改流程\sparta-master\lib\kokkos\core\src\Kokkos_AnonymousSpace.hpp
	    New File  		   14800	C:\Users\DELL\OneDrive\Desktop\sparta代码修改流程\sparta-master\lib\kokkos\core\src\Kokkos_Array.hpp
	    New File  		    3453	C:\Users\DELL\OneDrive\Desktop\sparta代码修改流程\sparta-master\lib\kokkos\core\src\Kokkos_Assert.hpp
	    New File  		    1678	C:\Users\DELL\OneDrive\Desktop\sparta代码修改流程\sparta-master\lib\kokkos\core\src\Kokkos_Atomic.hpp
	    New File  		   17433	C:\Users\DELL\OneDrive\Desktop\sparta代码修改流程\sparta-master\lib\kokkos\core\src\Kokkos_Atomics_Desul_Wrapper.hpp
	    New File  		   15749	C:\Users\DELL\OneDrive\Desktop\sparta代码修改流程\sparta-master\lib\kokkos\core\src\Kokkos_BitManipulation.hpp
	    New File  		    1751	C:\Users\DELL\OneDrive\Desktop\sparta代码修改流程\sparta-master\lib\kokkos\core\src\Kokkos_Clamp.hpp
	    New File  		   37879	C:\Users\DELL\OneDrive\Desktop\sparta代码修改流程\sparta-master\lib\kokkos\core\src\Kokkos_Complex.hpp
	    New File  		   13784	C:\Users\DELL\OneDrive\Desktop\sparta代码修改流程\sparta-master\lib\kokkos\core\src\Kokkos_Concepts.hpp
	    New File  		  139056	C:\Users\DELL\OneDrive\Desktop\sparta代码修改流程\sparta-master\lib\kokkos\core\src\Kokkos_CopyViews.hpp
	    New File  		   13211	C:\Users\DELL\OneDrive\Desktop\sparta代码修改流程\sparta-master\lib\kokkos\core\src\Kokkos_Core.hpp
	    New File  		   14352	C:\Users\DELL\OneDrive\Desktop\sparta代码修改流程\sparta-master\lib\kokkos\core\src\Kokkos_Core_fwd.hpp
	    New File  		   14082	C:\Users\DELL\OneDrive\Desktop\sparta代码修改流程\sparta-master\lib\kokkos\core\src\Kokkos_Crs.hpp
	    New File  		    3518	C:\Users\DELL\OneDrive\Desktop\sparta代码修改流程\sparta-master\lib\kokkos\core\src\Kokkos_DetectionIdiom.hpp
	    New File  		   49695	C:\Users\DELL\OneDrive\Desktop\sparta代码修改流程\sparta-master\lib\kokkos\core\src\Kokkos_ExecPolicy.hpp
	    New File  		    4598	C:\Users\DELL\OneDrive\Desktop\sparta代码修改流程\sparta-master\lib\kokkos\core\src\Kokkos_Extents.hpp
	    New File  		   15482	C:\Users\DELL\OneDrive\Desktop\sparta代码修改流程\sparta-master\lib\kokkos\core\src\Kokkos_Future.hpp
	    New File  		    8878	C:\Users\DELL\OneDrive\Desktop\sparta代码修改流程\sparta-master\lib\kokkos\core\src\Kokkos_Graph.hpp
	    New File  		   24947	C:\Users\DELL\OneDrive\Desktop\sparta代码修改流程\sparta-master\lib\kokkos\core\src\Kokkos_GraphNode.hpp
	    New File  		    1302	C:\Users\DELL\OneDrive\Desktop\sparta代码修改流程\sparta-master\lib\kokkos\core\src\Kokkos_Graph_fwd.hpp
	    New File  		    1071	C:\Users\DELL\OneDrive\Desktop\sparta代码修改流程\sparta-master\lib\kokkos\core\src\Kokkos_Half.hpp
	    New File  		    6974	C:\Users\DELL\OneDrive\Desktop\sparta代码修改流程\sparta-master\lib\kokkos\core\src\Kokkos_HostSpace.hpp
	    New File  		    4149	C:\Users\DELL\OneDrive\Desktop\sparta代码修改流程\sparta-master\lib\kokkos\core\src\Kokkos_hwloc.hpp
	    New File  		   10470	C:\Users\DELL\OneDrive\Desktop\sparta代码修改流程\sparta-master\lib\kokkos\core\src\Kokkos_Layout.hpp
	    New File  		   24859	C:\Users\DELL\OneDrive\Desktop\sparta代码修改流程\sparta-master\lib\kokkos\core\src\Kokkos_Macros.hpp
	    New File  		    2496	C:\Users\DELL\OneDrive\Desktop\sparta代码修改流程\sparta-master\lib\kokkos\core\src\Kokkos_MathematicalConstants.hpp
	    New File  		   22844	C:\Users\DELL\OneDrive\Desktop\sparta代码修改流程\sparta-master\lib\kokkos\core\src\Kokkos_MathematicalFunctions.hpp
	    New File  		   47534	C:\Users\DELL\OneDrive\Desktop\sparta代码修改流程\sparta-master\lib\kokkos\core\src\Kokkos_MathematicalSpecialFunctions.hpp
	    New File  		   29497	C:\Users\DELL\OneDrive\Desktop\sparta代码修改流程\sparta-master\lib\kokkos\core\src\Kokkos_MemoryPool.hpp
	    New File  		    3690	C:\Users\DELL\OneDrive\Desktop\sparta代码修改流程\sparta-master\lib\kokkos\core\src\Kokkos_MemoryTraits.hpp
	    New File  		    6175	C:\Users\DELL\OneDrive\Desktop\sparta代码修改流程\sparta-master\lib\kokkos\core\src\Kokkos_MinMax.hpp
	    New File  		    3645	C:\Users\DELL\OneDrive\Desktop\sparta代码修改流程\sparta-master\lib\kokkos\core\src\Kokkos_NumericTraits.hpp
	    New File  		   17193	C:\Users\DELL\OneDrive\Desktop\sparta代码修改流程\sparta-master\lib\kokkos\core\src\Kokkos_Pair.hpp
	    New File  		   18417	C:\Users\DELL\OneDrive\Desktop\sparta代码修改流程\sparta-master\lib\kokkos\core\src\Kokkos_Parallel.hpp
	    New File  		   58529	C:\Users\DELL\OneDrive\Desktop\sparta代码修改流程\sparta-master\lib\kokkos\core\src\Kokkos_Parallel_Reduce.hpp
	    New File  		    1581	C:\Users\DELL\OneDrive\Desktop\sparta代码修改流程\sparta-master\lib\kokkos\core\src\Kokkos_PointerOwnership.hpp
	    New File  		    1503	C:\Users\DELL\OneDrive\Desktop\sparta代码修改流程\sparta-master\lib\kokkos\core\src\Kokkos_Printf.hpp
	    New File  		    1778	C:\Users\DELL\OneDrive\Desktop\sparta代码修改流程\sparta-master\lib\kokkos\core\src\Kokkos_Profiling_ProfileSection.hpp
	    New File  		    1535	C:\Users\DELL\OneDrive\Desktop\sparta代码修改流程\sparta-master\lib\kokkos\core\src\Kokkos_Profiling_ScopedRegion.hpp
	    New File  		    1535	C:\Users\DELL\OneDrive\Desktop\sparta代码修改流程\sparta-master\lib\kokkos\core\src\Kokkos_Rank.hpp
	    New File  		   14127	C:\Users\DELL\OneDrive\Desktop\sparta代码修改流程\sparta-master\lib\kokkos\core\src\Kokkos_ReductionIdentity.hpp
	    New File  		    5934	C:\Users\DELL\OneDrive\Desktop\sparta代码修改流程\sparta-master\lib\kokkos\core\src\Kokkos_ScratchSpace.hpp
	    New File  		    1892	C:\Users\DELL\OneDrive\Desktop\sparta代码修改流程\sparta-master\lib\kokkos\core\src\Kokkos_Swap.hpp
	    New File  		   24842	C:\Users\DELL\OneDrive\Desktop\sparta代码修改流程\sparta-master\lib\kokkos\core\src\Kokkos_TaskScheduler.hpp
	    New File  		    6401	C:\Users\DELL\OneDrive\Desktop\sparta代码修改流程\sparta-master\lib\kokkos\core\src\Kokkos_TaskScheduler_fwd.hpp
	    New File  		    2521	C:\Users\DELL\OneDrive\Desktop\sparta代码修改流程\sparta-master\lib\kokkos\core\src\Kokkos_Timer.hpp
	    New File  		   27340	C:\Users\DELL\OneDrive\Desktop\sparta代码修改流程\sparta-master\lib\kokkos\core\src\Kokkos_Tuners.hpp
	    New File  		    2591	C:\Users\DELL\OneDrive\Desktop\sparta代码修改流程\sparta-master\lib\kokkos\core\src\Kokkos_TypeInfo.hpp
	    New File  		    5757	C:\Users\DELL\OneDrive\Desktop\sparta代码修改流程\sparta-master\lib\kokkos\core\src\Kokkos_UniqueToken.hpp
	    New File  		    1112	C:\Users\DELL\OneDrive\Desktop\sparta代码修改流程\sparta-master\lib\kokkos\core\src\Kokkos_Vectorization.hpp
	    New File  		   48853	C:\Users\DELL\OneDrive\Desktop\sparta代码修改流程\sparta-master\lib\kokkos\core\src\Kokkos_View.hpp
	    New File  		    7544	C:\Users\DELL\OneDrive\Desktop\sparta代码修改流程\sparta-master\lib\kokkos\core\src\Kokkos_WorkGraphPolicy.hpp
	    New File  		    1157	C:\Users\DELL\OneDrive\Desktop\sparta代码修改流程\sparta-master\lib\kokkos\core\perf_test\BenchmarkMain.cpp
	    New File  		    2738	C:\Users\DELL\OneDrive\Desktop\sparta代码修改流程\sparta-master\lib\kokkos\core\perf_test\Benchmark_Context.cpp
	    New File  		    1853	C:\Users\DELL\OneDrive\Desktop\sparta代码修改流程\sparta-master\lib\kokkos\core\perf_test\Benchmark_Context.hpp
	    New File  		    4842	C:\Users\DELL\OneDrive\Desktop\sparta代码修改流程\sparta-master\lib\kokkos\core\perf_test\CMakeLists.txt
	    New File  		    2498	C:\Users\DELL\OneDrive\Desktop\sparta代码修改流程\sparta-master\lib\kokkos\core\perf_test\Makefile
	    New File  		    5411	C:\Users\DELL\OneDrive\Desktop\sparta代码修改流程\sparta-master\lib\kokkos\core\perf_test\PerfTestBlasKernels.hpp
	    New File  		   15440	C:\Users\DELL\OneDrive\Desktop\sparta代码修改流程\sparta-master\lib\kokkos\core\perf_test\PerfTestDriver.hpp
	    New File  		    5980	C:\Users\DELL\OneDrive\Desktop\sparta代码修改流程\sparta-master\lib\kokkos\core\perf_test\PerfTestGramSchmidt.cpp
	    New File  		    7850	C:\Users\DELL\OneDrive\Desktop\sparta代码修改流程\sparta-master\lib\kokkos\core\perf_test\PerfTestHexGrad.cpp
	    New File  		     946	C:\Users\DELL\OneDrive\Desktop\sparta代码修改流程\sparta-master\lib\kokkos\core\perf_test\PerfTestMain.cpp
	    New File  		   24191	C:\Users\DELL\OneDrive\Desktop\sparta代码修改流程\sparta-master\lib\kokkos\core\perf_test\PerfTestMDRange.hpp
	    New File  		    1125	C:\Users\DELL\OneDrive\Desktop\sparta代码修改流程\sparta-master\lib\kokkos\core\perf_test\PerfTest_Category.hpp
	    New File  		    4670	C:\Users\DELL\OneDrive\Desktop\sparta代码修改流程\sparta-master\lib\kokkos\core\perf_test\PerfTest_CustomReduction.cpp
	    New File  		   25012	C:\Users\DELL\OneDrive\Desktop\sparta代码修改流程\sparta-master\lib\kokkos\core\perf_test\PerfTest_ExecSpacePartitioning.cpp
	    New File  		    2876	C:\Users\DELL\OneDrive\Desktop\sparta代码修改流程\sparta-master\lib\kokkos\core\perf_test\PerfTest_MallocFree.cpp
	    New File  		    5091	C:\Users\DELL\OneDrive\Desktop\sparta代码修改流程\sparta-master\lib\kokkos\core\perf_test\PerfTest_ViewAllocate.cpp
	    New File  		    5488	C:\Users\DELL\OneDrive\Desktop\sparta代码修改流程\sparta-master\lib\kokkos\core\perf_test\PerfTest_ViewCopy.hpp
	    New File  		    2087	C:\Users\DELL\OneDrive\Desktop\sparta代码修改流程\sparta-master\lib\kokkos\core\perf_test\PerfTest_ViewCopy_a123.cpp
	    New File  		     896	C:\Users\DELL\OneDrive\Desktop\sparta代码修改流程\sparta-master\lib\kokkos\core\perf_test\PerfTest_ViewCopy_a45.cpp
	    New File  		     769	C:\Users\DELL\OneDrive\Desktop\sparta代码修改流程\sparta-master\lib\kokkos\core\perf_test\PerfTest_ViewCopy_a6.cpp
	    New File  		     769	C:\Users\DELL\OneDrive\Desktop\sparta代码修改流程\sparta-master\lib\kokkos\core\perf_test\PerfTest_ViewCopy_a7.cpp
	    New File  		     769	C:\Users\DELL\OneDrive\Desktop\sparta代码修改流程\sparta-master\lib\kokkos\core\perf_test\PerfTest_ViewCopy_a8.cpp
	    New File  		    1029	C:\Users\DELL\OneDrive\Desktop\sparta代码修改流程\sparta-master\lib\kokkos\core\perf_test\PerfTest_ViewCopy_b123.cpp
	    New File  		     900	C:\Users\DELL\OneDrive\Desktop\sparta代码修改流程\sparta-master\lib\kokkos\core\perf_test\PerfTest_ViewCopy_b45.cpp
	    New File  		     771	C:\Users\DELL\OneDrive\Desktop\sparta代码修改流程\sparta-master\lib\kokkos\core\perf_test\PerfTest_ViewCopy_b6.cpp
	    New File  		     771	C:\Users\DELL\OneDrive\Desktop\sparta代码修改流程\sparta-master\lib\kokkos\core\perf_test\PerfTest_ViewCopy_b7.cpp
	    New File  		     771	C:\Users\DELL\OneDrive\Desktop\sparta代码修改流程\sparta-master\lib\kokkos\core\perf_test\PerfTest_ViewCopy_b8.cpp
	    New File  		    1026	C:\Users\DELL\OneDrive\Desktop\sparta代码修改流程\sparta-master\lib\kokkos\core\perf_test\PerfTest_ViewCopy_c123.cpp
	    New File  		     898	C:\Users\DELL\OneDrive\Desktop\sparta代码修改流程\sparta-master\lib\kokkos\core\perf_test\PerfTest_ViewCopy_c45.cpp
	    New File  		     770	C:\Users\DELL\OneDrive\Desktop\sparta代码修改流程\sparta-master\lib\kokkos\core\perf_test\PerfTest_ViewCopy_c6.cpp
	    New File  		     770	C:\Users\DELL\OneDrive\Desktop\sparta代码修改流程\sparta-master\lib\kokkos\core\perf_test\PerfTest_ViewCopy_c7.cpp
	    New File  		     770	C:\Users\DELL\OneDrive\Desktop\sparta代码修改流程\sparta-master\lib\kokkos\core\perf_test\PerfTest_ViewCopy_c8.cpp
	    New File  		    1026	C:\Users\DELL\OneDrive\Desktop\sparta代码修改流程\sparta-master\lib\kokkos\core\perf_test\PerfTest_ViewCopy_d123.cpp
	    New File  		     898	C:\Users\DELL\OneDrive\Desktop\sparta代码修改流程\sparta-master\lib\kokkos\core\perf_test\PerfTest_ViewCopy_d45.cpp
	    New File  		     770	C:\Users\DELL\OneDrive\Desktop\sparta代码修改流程\sparta-master\lib\kokkos\core\perf_test\PerfTest_ViewCopy_d6.cpp
	    New File  		     770	C:\Users\DELL\OneDrive\Desktop\sparta代码修改流程\sparta-master\lib\kokkos\core\perf_test\PerfTest_ViewCopy_d7.cpp
	    New File  		     770	C:\Users\DELL\OneDrive\Desktop\sparta代码修改流程\sparta-master\lib\kokkos\core\perf_test\PerfTest_ViewCopy_d8.cpp
	    New File  		    1146	C:\Users\DELL\OneDrive\Desktop\sparta代码修改流程\sparta-master\lib\kokkos\core\perf_test\PerfTest_ViewCopy_Raw.cpp
	    New File  		    4180	C:\Users\DELL\OneDrive\Desktop\sparta代码修改流程\sparta-master\lib\kokkos\core\perf_test\PerfTest_ViewFill.hpp
	    New File  		    1654	C:\Users\DELL\OneDrive\Desktop\sparta代码修改流程\sparta-master\lib\kokkos\core\perf_test\PerfTest_ViewFill_123.cpp
	    New File  		    1052	C:\Users\DELL\OneDrive\Desktop\sparta代码修改流程\sparta-master\lib\kokkos\core\perf_test\PerfTest_ViewFill_45.cpp
	    New File  		     847	C:\Users\DELL\OneDrive\Desktop\sparta代码修改流程\sparta-master\lib\kokkos\core\perf_test\PerfTest_ViewFill_6.cpp
	    New File  		     847	C:\Users\DELL\OneDrive\Desktop\sparta代码修改流程\sparta-master\lib\kokkos\core\perf_test\PerfTest_ViewFill_7.cpp
	    New File  		     847	C:\Users\DELL\OneDrive\Desktop\sparta代码修改流程\sparta-master\lib\kokkos\core\perf_test\PerfTest_ViewFill_8.cpp
	    New File  		     843	C:\Users\DELL\OneDrive\Desktop\sparta代码修改流程\sparta-master\lib\kokkos\core\perf_test\PerfTest_ViewFill_Raw.cpp
	    New File  		    9103	C:\Users\DELL\OneDrive\Desktop\sparta代码修改流程\sparta-master\lib\kokkos\core\perf_test\PerfTest_ViewResize.hpp
	    New File  		    2180	C:\Users\DELL\OneDrive\Desktop\sparta代码修改流程\sparta-master\lib\kokkos\core\perf_test\PerfTest_ViewResize_123.cpp
	    New File  		    1668	C:\Users\DELL\OneDrive\Desktop\sparta代码修改流程\sparta-master\lib\kokkos\core\perf_test\PerfTest_ViewResize_45.cpp
	    New File  		    1156	C:\Users\DELL\OneDrive\Desktop\sparta代码修改流程\sparta-master\lib\kokkos\core\perf_test\PerfTest_ViewResize_6.cpp
	    New File  		    1156	C:\Users\DELL\OneDrive\Desktop\sparta代码修改流程\sparta-master\lib\kokkos\core\perf_test\PerfTest_ViewResize_7.cpp
	    New File  		    1344	C:\Users\DELL\OneDrive\Desktop\sparta代码修改流程\sparta-master\lib\kokkos\core\perf_test\PerfTest_ViewResize_8.cpp
	    New File  		     903	C:\Users\DELL\OneDrive\Desktop\sparta代码修改流程\sparta-master\lib\kokkos\core\perf_test\PerfTest_ViewResize_Raw.cpp
	    New File  		     638	C:\Users\DELL\OneDrive\Desktop\sparta代码修改流程\sparta-master\lib\kokkos\core\perf_test\run_mempool.sh
	    New File  		     628	C:\Users\DELL\OneDrive\Desktop\sparta代码修改流程\sparta-master\lib\kokkos\core\perf_test\run_mempool_fill.sh
	    New File  		     448	C:\Users\DELL\OneDrive\Desktop\sparta代码修改流程\sparta-master\lib\kokkos\core\perf_test\run_taskdag.sh
	    New File  		   10456	C:\Users\DELL\OneDrive\Desktop\sparta代码修改流程\sparta-master\lib\kokkos\core\perf_test\test_atomic.cpp
	    New File  		   14926	C:\Users\DELL\OneDrive\Desktop\sparta代码修改流程\sparta-master\lib\kokkos\core\perf_test\test_atomic_minmax_simple.cpp
	    New File  		    8279	C:\Users\DELL\OneDrive\Desktop\sparta代码修改流程\sparta-master\lib\kokkos\core\perf_test\test_mempool.cpp
	    New File  		    3922	C:\Users\DELL\OneDrive\Desktop\sparta代码修改流程\sparta-master\lib\kokkos\core\perf_test\test_reduction.cpp
	    New File  		   11657	C:\Users\DELL\OneDrive\Desktop\sparta代码修改流程\sparta-master\lib\kokkos\core\perf_test\test_sharedSpace.cpp
	    New File  		    6758	C:\Users\DELL\OneDrive\Desktop\sparta代码修改流程\sparta-master\lib\kokkos\core\perf_test\test_taskdag.cpp
	    New File  		   53814	C:\Users\DELL\OneDrive\Desktop\sparta代码修改流程\sparta-master\lib\kokkos\core\unit_test\CMakeLists.txt
	    New File  		     732	C:\Users\DELL\OneDrive\Desktop\sparta代码修改流程\sparta-master\lib\kokkos\core\unit_test\IncrementalTest.cpp.in
	    New File  		    1061	C:\Users\DELL\OneDrive\Desktop\sparta代码修改流程\sparta-master\lib\kokkos\core\unit_test\KokkosExecutionEnvironmentNeverInitializedFixture.hpp
	    New File  		   29926	C:\Users\DELL\OneDrive\Desktop\sparta代码修改流程\sparta-master\lib\kokkos\core\unit_test\Makefile
	    New File  		    4007	C:\Users\DELL\OneDrive\Desktop\sparta代码修改流程\sparta-master\lib\kokkos\core\unit_test\TestAbort.hpp
	    New File  		   11404	C:\Users\DELL\OneDrive\Desktop\sparta代码修改流程\sparta-master\lib\kokkos\core\unit_test\TestArray.cpp
	    New File  		   11546	C:\Users\DELL\OneDrive\Desktop\sparta代码修改流程\sparta-master\lib\kokkos\core\unit_test\TestArrayOps.hpp
	    New File  		   23044	C:\Users\DELL\OneDrive\Desktop\sparta代码修改流程\sparta-master\lib\kokkos\core\unit_test\TestAtomicOperations.hpp
	    New File  		    1928	C:\Users\DELL\OneDrive\Desktop\sparta代码修改流程\sparta-master\lib\kokkos\core\unit_test\TestAtomicOperations_complexdouble.hpp
	    New File  		    1916	C:\Users\DELL\OneDrive\Desktop\sparta代码修改流程\sparta-master\lib\kokkos\core\unit_test\TestAtomicOperations_complexfloat.hpp
	    New File  		    1376	C:\Users\DELL\OneDrive\Desktop\sparta代码修改流程\sparta-master\lib\kokkos\core\unit_test\TestAtomicOperations_double.hpp
	    New File  		    1375	C:\Users\DELL\OneDrive\Desktop\sparta代码修改流程\sparta-master\lib\kokkos\core\unit_test\TestAtomicOperations_float.hpp
	    New File  		    1176	C:\Users\DELL\OneDrive\Desktop\sparta代码修改流程\sparta-master\lib\kokkos\core\unit_test\TestAtomicOperations_int.hpp
	    New File  		    1182	C:\Users\DELL\OneDrive\Desktop\sparta代码修改流程\sparta-master\lib\kokkos\core\unit_test\TestAtomicOperations_longint.hpp
	    New File  		    1191	C:\Users\DELL\OneDrive\Desktop\sparta代码修改流程\sparta-master\lib\kokkos\core\unit_test\TestAtomicOperations_longlongint.hpp
	    New File  		    2322	C:\Users\DELL\OneDrive\Desktop\sparta代码修改流程\sparta-master\lib\kokkos\core\unit_test\TestAtomicOperations_shared.hpp
	    New File  		    1523	C:\Users\DELL\OneDrive\Desktop\sparta代码修改流程\sparta-master\lib\kokkos\core\unit_test\TestAtomicOperations_unsignedint.hpp
	    New File  		    1638	C:\Users\DELL\OneDrive\Desktop\sparta代码修改流程\sparta-master\lib\kokkos\core\unit_test\TestAtomicOperations_unsignedlongint.hpp
	    New File  		    1673	C:\Users\DELL\OneDrive\Desktop\sparta代码修改流程\sparta-master\lib\kokkos\core\unit_test\TestAtomicOperations_unsignedlonglongint.hpp
	    New File  		   15534	C:\Users\DELL\OneDrive\Desktop\sparta代码修改流程\sparta-master\lib\kokkos\core\unit_test\TestAtomics.hpp
	    New File  		   42501	C:\Users\DELL\OneDrive\Desktop\sparta代码修改流程\sparta-master\lib\kokkos\core\unit_test\TestAtomicViews.hpp
	    New File  		   19183	C:\Users\DELL\OneDrive\Desktop\sparta代码修改流程\sparta-master\lib\kokkos\core\unit_test\TestBitManipulation.cpp
	    New File  		   26436	C:\Users\DELL\OneDrive\Desktop\sparta代码修改流程\sparta-master\lib\kokkos\core\unit_test\TestBitManipulationBuiltins.hpp
	    New File  		    1499	C:\Users\DELL\OneDrive\Desktop\sparta代码修改流程\sparta-master\lib\kokkos\core\unit_test\TestBlockSizeDeduction.hpp
	    New File  		    1523	C:\Users\DELL\OneDrive\Desktop\sparta代码修改流程\sparta-master\lib\kokkos\core\unit_test\TestCheckedIntegerOps.hpp
	    New File  		    4243	C:\Users\DELL\OneDrive\Desktop\sparta代码修改流程\sparta-master\lib\kokkos\core\unit_test\TestCommonPolicyConstructors.hpp
	    New File  		    5712	C:\Users\DELL\OneDrive\Desktop\sparta代码修改流程\sparta-master\lib\kokkos\core\unit_test\TestCommonPolicyInterface.hpp
	    New File  		     583	C:\Users\DELL\OneDrive\Desktop\sparta代码修改流程\sparta-master\lib\kokkos\core\unit_test\TestCompileMain.cpp
	    New File  		    2564	C:\Users\DELL\OneDrive\Desktop\sparta代码修改流程\sparta-master\lib\kokkos\core\unit_test\TestCompilerMacros.cpp
	    New File  		   26421	C:\Users\DELL\OneDrive\Desktop\sparta代码修改流程\sparta-master\lib\kokkos\core\unit_test\TestComplex.hpp
	    New File  		    8622	C:\Users\DELL\OneDrive\Desktop\sparta代码修改流程\sparta-master\lib\kokkos\core\unit_test\TestConcepts.hpp
	    New File  		    4076	C:\Users\DELL\OneDrive\Desktop\sparta代码修改流程\sparta-master\lib\kokkos\core\unit_test\TestConcurrentBitset.hpp
	    New File  		    5811	C:\Users\DELL\OneDrive\Desktop\sparta代码修改流程\sparta-master\lib\kokkos\core\unit_test\TestCreateMirror.cpp
	    New File  		    6051	C:\Users\DELL\OneDrive\Desktop\sparta代码修改流程\sparta-master\lib\kokkos\core\unit_test\TestCrs.hpp
	    New File  		    1220	C:\Users\DELL\OneDrive\Desktop\sparta代码修改流程\sparta-master\lib\kokkos\core\unit_test\TestCStyleMemoryManagement.cpp
	    New File  		    4556	C:\Users\DELL\OneDrive\Desktop\sparta代码修改流程\sparta-master\lib\kokkos\core\unit_test\TestCTestDevice.cpp
	    New File  		   10099	C:\Users\DELL\OneDrive\Desktop\sparta代码修改流程\sparta-master\lib\kokkos\core\unit_test\TestCXX11.hpp
	    New File  		    2352	C:\Users\DELL\OneDrive\Desktop\sparta代码修改流程\sparta-master\lib\kokkos\core\unit_test\TestCXX11Deduction.hpp
	    New File  		   13654	C:\Users\DELL\OneDrive\Desktop\sparta代码修改流程\sparta-master\lib\kokkos\core\unit_test\TestDeepCopyAlignment.hpp
	    New File  		    2079	C:\Users\DELL\OneDrive\Desktop\sparta代码修改流程\sparta-master\lib\kokkos\core\unit_test\TestDetectionIdiom.cpp
	    New File  		    4046	C:\Users\DELL\OneDrive\Desktop\sparta代码修改流程\sparta-master\lib\kokkos\core\unit_test\TestDeviceAndThreads.py
	    New File  		    5442	C:\Users\DELL\OneDrive\Desktop\sparta代码修改流程\sparta-master\lib\kokkos\core\unit_test\TestExecSpacePartitioning.hpp
	    New File  		   13204	C:\Users\DELL\OneDrive\Desktop\sparta代码修改流程\sparta-master\lib\kokkos\core\unit_test\TestExecSpaceThreadSafety.hpp
	    New File  		    6240	C:\Users\DELL\OneDrive\Desktop\sparta代码修改流程\sparta-master\lib\kokkos\core\unit_test\TestExecutionEnvironmentNonInitializedOrFinalized.cpp
	    New File  		    3334	C:\Users\DELL\OneDrive\Desktop\sparta代码修改流程\sparta-master\lib\kokkos\core\unit_test\TestExecutionSpace.hpp
	    New File  		    5130	C:\Users\DELL\OneDrive\Desktop\sparta代码修改流程\sparta-master\lib\kokkos\core\unit_test\TestFunctorAnalysis.hpp
	    New File  		   49069	C:\Users\DELL\OneDrive\Desktop\sparta代码修改流程\sparta-master\lib\kokkos\core\unit_test\TestGraph.hpp
	    New File  		    2548	C:\Users\DELL\OneDrive\Desktop\sparta代码修改流程\sparta-master\lib\kokkos\core\unit_test\TestGraphAtomicLocks.hpp
	    New File  		    3468	C:\Users\DELL\OneDrive\Desktop\sparta代码修改流程\sparta-master\lib\kokkos\core\unit_test\TestHalfConversion.hpp
	    New File  		   36985	C:\Users\DELL\OneDrive\Desktop\sparta代码修改流程\sparta-master\lib\kokkos\core\unit_test\TestHalfOperators.hpp
	    New File  		    3057	C:\Users\DELL\OneDrive\Desktop\sparta代码修改流程\sparta-master\lib\kokkos\core\unit_test\TestHostSharedPtr.hpp
	    New File  		    8056	C:\Users\DELL\OneDrive\Desktop\sparta代码修改流程\sparta-master\lib\kokkos\core\unit_test\TestHostSharedPtrAccessOnDevice.hpp
	    New File  		    1005	C:\Users\DELL\OneDrive\Desktop\sparta代码修改流程\sparta-master\lib\kokkos\core\unit_test\TestHWLOC.cpp
	    New File  		    2872	C:\Users\DELL\OneDrive\Desktop\sparta代码修改流程\sparta-master\lib\kokkos\core\unit_test\TestInitializationSettings.cpp
	    New File  		    3144	C:\Users\DELL\OneDrive\Desktop\sparta代码修改流程\sparta-master\lib\kokkos\core\unit_test\TestInitializeFinalize.cpp
	    New File  		    6088	C:\Users\DELL\OneDrive\Desktop\sparta代码修改流程\sparta-master\lib\kokkos\core\unit_test\TestInterOp.cpp
	    New File  		    6177	C:\Users\DELL\OneDrive\Desktop\sparta代码修改流程\sparta-master\lib\kokkos\core\unit_test\TestIrregularLayout.hpp
	    New File  		    4837	C:\Users\DELL\OneDrive\Desktop\sparta代码修改流程\sparta-master\lib\kokkos\core\unit_test\TestJoinBackwardCompatibility.hpp
	    New File  		    1365	C:\Users\DELL\OneDrive\Desktop\sparta代码修改流程\sparta-master\lib\kokkos\core\unit_test\TestKokkosHelpCausesNormalProgramTermination.cpp
	    New File  		    2643	C:\Users\DELL\OneDrive\Desktop\sparta代码修改流程\sparta-master\lib\kokkos\core\unit_test\TestLegionInitialization.cpp
	    New File  		   36984	C:\Users\DELL\OneDrive\Desktop\sparta代码修改流程\sparta-master\lib\kokkos\core\unit_test\TestLocalDeepCopy.hpp
	    New File  		    3390	C:\Users\DELL\OneDrive\Desktop\sparta代码修改流程\sparta-master\lib\kokkos\core\unit_test\TestMathematicalConstants.hpp
	    New File  		   96378	C:\Users\DELL\OneDrive\Desktop\sparta代码修改流程\sparta-master\lib\kokkos\core\unit_test\TestMathematicalFunctions.hpp
	    New File  		     788	C:\Users\DELL\OneDrive\Desktop\sparta代码修改流程\sparta-master\lib\kokkos\core\unit_test\TestMathematicalFunctions1.hpp
	    New File  		     788	C:\Users\DELL\OneDrive\Desktop\sparta代码修改流程\sparta-master\lib\kokkos\core\unit_test\TestMathematicalFunctions2.hpp
	    New File  		     788	C:\Users\DELL\OneDrive\Desktop\sparta代码修改流程\sparta-master\lib\kokkos\core\unit_test\TestMathematicalFunctions3.hpp
	    New File  		   90967	C:\Users\DELL\OneDrive\Desktop\sparta代码修改流程\sparta-master\lib\kokkos\core\unit_test\TestMathematicalSpecialFunctions.hpp
	    New File  		  128398	C:\Users\DELL\OneDrive\Desktop\sparta代码修改流程\sparta-master\lib\kokkos\core\unit_test\TestMDRange.hpp
	    New File  		    7713	C:\Users\DELL\OneDrive\Desktop\sparta代码修改流程\sparta-master\lib\kokkos\core\unit_test\TestMDRangePolicyConstructors.hpp
	    New File  		    5621	C:\Users\DELL\OneDrive\Desktop\sparta代码修改流程\sparta-master\lib\kokkos\core\unit_test\TestMDRangePolicyCTAD.cpp
	    New File  		    2067	C:\Users\DELL\OneDrive\Desktop\sparta代码修改流程\sparta-master\lib\kokkos\core\unit_test\TestMDRangeReduce.hpp
	    New File  		    1423	C:\Users\DELL\OneDrive\Desktop\sparta代码修改流程\sparta-master\lib\kokkos\core\unit_test\TestMDRange_a.hpp
	    New File  		    1523	C:\Users\DELL\OneDrive\Desktop\sparta代码修改流程\sparta-master\lib\kokkos\core\unit_test\TestMDRange_b.hpp
	    New File  		    1118	C:\Users\DELL\OneDrive\Desktop\sparta代码修改流程\sparta-master\lib\kokkos\core\unit_test\TestMDRange_c.hpp
	    New File  		    1454	C:\Users\DELL\OneDrive\Desktop\sparta代码修改流程\sparta-master\lib\kokkos\core\unit_test\TestMDRange_d.hpp
	    New File  		    1330	C:\Users\DELL\OneDrive\Desktop\sparta代码修改流程\sparta-master\lib\kokkos\core\unit_test\TestMDRange_e.hpp
	    New File  		     846	C:\Users\DELL\OneDrive\Desktop\sparta代码修改流程\sparta-master\lib\kokkos\core\unit_test\TestMDRange_f.hpp
	    New File  		    2632	C:\Users\DELL\OneDrive\Desktop\sparta代码修改流程\sparta-master\lib\kokkos\core\unit_test\TestMDRange_g.hpp
	    New File  		    1899	C:\Users\DELL\OneDrive\Desktop\sparta代码修改流程\sparta-master\lib\kokkos\core\unit_test\TestMDSpan.hpp
	    New File  		    5043	C:\Users\DELL\OneDrive\Desktop\sparta代码修改流程\sparta-master\lib\kokkos\core\unit_test\TestMDSpanAtomicAccessor.hpp
	    New File  		   25861	C:\Users\DELL\OneDrive\Desktop\sparta代码修改流程\sparta-master\lib\kokkos\core\unit_test\TestMDSpanConversion.hpp
	    New File  		   16459	C:\Users\DELL\OneDrive\Desktop\sparta代码修改流程\sparta-master\lib\kokkos\core\unit_test\TestMemoryPool.hpp
	    New File  		    8801	C:\Users\DELL\OneDrive\Desktop\sparta代码修改流程\sparta-master\lib\kokkos\core\unit_test\TestMinMaxClamp.hpp
	    New File  		    7584	C:\Users\DELL\OneDrive\Desktop\sparta代码修改流程\sparta-master\lib\kokkos\core\unit_test\TestMultiGPU.hpp
	    New File  		    8536	C:\Users\DELL\OneDrive\Desktop\sparta代码修改流程\sparta-master\lib\kokkos\core\unit_test\TestNestedReducerCTAD.cpp
	    New File  		    7544	C:\Users\DELL\OneDrive\Desktop\sparta代码修改流程\sparta-master\lib\kokkos\core\unit_test\TestNonTrivialScalarTypes.hpp
	    New File  		   34661	C:\Users\DELL\OneDrive\Desktop\sparta代码修改流程\sparta-master\lib\kokkos\core\unit_test\TestNumericTraits.hpp
	    New File  		    2873	C:\Users\DELL\OneDrive\Desktop\sparta代码修改流程\sparta-master\lib\kokkos\core\unit_test\TestOccupancyControlTrait.hpp
	    New File  		     780	C:\Users\DELL\OneDrive\Desktop\sparta代码修改流程\sparta-master\lib\kokkos\core\unit_test\TestOther.hpp
	    New File  		    8997	C:\Users\DELL\OneDrive\Desktop\sparta代码修改流程\sparta-master\lib\kokkos\core\unit_test\TestParallelScanRangePolicy.hpp
	    New File  		   16617	C:\Users\DELL\OneDrive\Desktop\sparta代码修改流程\sparta-master\lib\kokkos\core\unit_test\TestParseCmdLineArgsAndEnvVars.cpp
	    New File  		    1129	C:\Users\DELL\OneDrive\Desktop\sparta代码修改流程\sparta-master\lib\kokkos\core\unit_test\TestPrintf.hpp
	    New File  		    3730	C:\Users\DELL\OneDrive\Desktop\sparta代码修改流程\sparta-master\lib\kokkos\core\unit_test\TestPushFinalizeHook.cpp
	    New File  		    4023	C:\Users\DELL\OneDrive\Desktop\sparta代码修改流程\sparta-master\lib\kokkos\core\unit_test\TestQuadPrecisionMath.hpp
	    New File  		   10983	C:\Users\DELL\OneDrive\Desktop\sparta代码修改流程\sparta-master\lib\kokkos\core\unit_test\TestRange.hpp
	    New File  		     673	C:\Users\DELL\OneDrive\Desktop\sparta代码修改流程\sparta-master\lib\kokkos\core\unit_test\TestRangePolicy.hpp
	    New File  		   11111	C:\Users\DELL\OneDrive\Desktop\sparta代码修改流程\sparta-master\lib\kokkos\core\unit_test\TestRangePolicyConstructors.hpp
	    New File  		    5991	C:\Users\DELL\OneDrive\Desktop\sparta代码修改流程\sparta-master\lib\kokkos\core\unit_test\TestRangePolicyCTAD.cpp
	    New File  		   10887	C:\Users\DELL\OneDrive\Desktop\sparta代码修改流程\sparta-master\lib\kokkos\core\unit_test\TestRangePolicyRequire.hpp
	    New File  		    6367	C:\Users\DELL\OneDrive\Desktop\sparta代码修改流程\sparta-master\lib\kokkos\core\unit_test\TestRealloc.hpp
	    New File  		   20401	C:\Users\DELL\OneDrive\Desktop\sparta代码修改流程\sparta-master\lib\kokkos\core\unit_test\TestReduce.hpp
	    New File  		   17392	C:\Users\DELL\OneDrive\Desktop\sparta代码修改流程\sparta-master\lib\kokkos\core\unit_test\TestReduceCombinatorical.hpp
	    New File  		   17566	C:\Users\DELL\OneDrive\Desktop\sparta代码修改流程\sparta-master\lib\kokkos\core\unit_test\TestReducerCTADs.hpp
	    New File  		   52736	C:\Users\DELL\OneDrive\Desktop\sparta代码修改流程\sparta-master\lib\kokkos\core\unit_test\TestReducers.hpp
	    New File  		     959	C:\Users\DELL\OneDrive\Desktop\sparta代码修改流程\sparta-master\lib\kokkos\core\unit_test\TestReducers_a.hpp
	    New File  		     913	C:\Users\DELL\OneDrive\Desktop\sparta代码修改流程\sparta-master\lib\kokkos\core\unit_test\TestReducers_b.hpp
	    New File  		     970	C:\Users\DELL\OneDrive\Desktop\sparta代码修改流程\sparta-master\lib\kokkos\core\unit_test\TestReducers_c.hpp
	    New File  		    4588	C:\Users\DELL\OneDrive\Desktop\sparta代码修改流程\sparta-master\lib\kokkos\core\unit_test\TestReducers_d.hpp
	    New File  		     730	C:\Users\DELL\OneDrive\Desktop\sparta代码修改流程\sparta-master\lib\kokkos\core\unit_test\TestReducers_e.hpp
	    New File  		     735	C:\Users\DELL\OneDrive\Desktop\sparta代码修改流程\sparta-master\lib\kokkos\core\unit_test\TestReductions.hpp
	    New File  		    5354	C:\Users\DELL\OneDrive\Desktop\sparta代码修改流程\sparta-master\lib\kokkos\core\unit_test\TestReductions_DeviceView.hpp
	    New File  		   14084	C:\Users\DELL\OneDrive\Desktop\sparta代码修改流程\sparta-master\lib\kokkos\core\unit_test\TestResize.hpp
	    New File  		    4004	C:\Users\DELL\OneDrive\Desktop\sparta代码修改流程\sparta-master\lib\kokkos\core\unit_test\TestScopeGuard.cpp
	    New File  		    6890	C:\Users\DELL\OneDrive\Desktop\sparta代码修改流程\sparta-master\lib\kokkos\core\unit_test\TestSharedAlloc.hpp
	    New File  		    3332	C:\Users\DELL\OneDrive\Desktop\sparta代码修改流程\sparta-master\lib\kokkos\core\unit_test\TestSharedHostPinnedSpace.cpp
	    New File  		    8797	C:\Users\DELL\OneDrive\Desktop\sparta代码修改流程\sparta-master\lib\kokkos\core\unit_test\TestSharedSpace.cpp
	    New File  		    6493	C:\Users\DELL\OneDrive\Desktop\sparta代码修改流程\sparta-master\lib\kokkos\core\unit_test\TestSpaceAwareAccessor.hpp
	    New File  		    4654	C:\Users\DELL\OneDrive\Desktop\sparta代码修改流程\sparta-master\lib\kokkos\core\unit_test\TestSpaceAwareAccessorAccessViolation.hpp
	    New File  		     874	C:\Users\DELL\OneDrive\Desktop\sparta代码修改流程\sparta-master\lib\kokkos\core\unit_test\TestStackTrace.cpp
	    New File  		    4771	C:\Users\DELL\OneDrive\Desktop\sparta代码修改流程\sparta-master\lib\kokkos\core\unit_test\TestStackTrace.hpp
	    New File  		     776	C:\Users\DELL\OneDrive\Desktop\sparta代码修改流程\sparta-master\lib\kokkos\core\unit_test\TestStackTrace_f0.cpp
	    New File  		     925	C:\Users\DELL\OneDrive\Desktop\sparta代码修改流程\sparta-master\lib\kokkos\core\unit_test\TestStackTrace_f1.cpp
	    New File  		     920	C:\Users\DELL\OneDrive\Desktop\sparta代码修改流程\sparta-master\lib\kokkos\core\unit_test\TestStackTrace_f2.cpp
	    New File  		     960	C:\Users\DELL\OneDrive\Desktop\sparta代码修改流程\sparta-master\lib\kokkos\core\unit_test\TestStackTrace_f3.cpp
	    New File  		     758	C:\Users\DELL\OneDrive\Desktop\sparta代码修改流程\sparta-master\lib\kokkos\core\unit_test\TestStackTrace_f4.cpp
	    New File  		    6015	C:\Users\DELL\OneDrive\Desktop\sparta代码修改流程\sparta-master\lib\kokkos\core\unit_test\TestStringManipulation.cpp
	    New File  		    2277	C:\Users\DELL\OneDrive\Desktop\sparta代码修改流程\sparta-master\lib\kokkos\core\unit_test\TestSubView_a.hpp
	    New File  		    1455	C:\Users\DELL\OneDrive\Desktop\sparta代码修改流程\sparta-master\lib\kokkos\core\unit_test\TestSubView_b.hpp
	    New File  		     821	C:\Users\DELL\OneDrive\Desktop\sparta代码修改流程\sparta-master\lib\kokkos\core\unit_test\TestSubView_c01.hpp
	    New File  		     901	C:\Users\DELL\OneDrive\Desktop\sparta代码修改流程\sparta-master\lib\kokkos\core\unit_test\TestSubView_c02.hpp
	    New File  		     886	C:\Users\DELL\OneDrive\Desktop\sparta代码修改流程\sparta-master\lib\kokkos\core\unit_test\TestSubView_c03.hpp
	    New File  		     826	C:\Users\DELL\OneDrive\Desktop\sparta代码修改流程\sparta-master\lib\kokkos\core\unit_test\TestSubView_c04.hpp
	    New File  		     910	C:\Users\DELL\OneDrive\Desktop\sparta代码修改流程\sparta-master\lib\kokkos\core\unit_test\TestSubView_c05.hpp
	    New File  		     891	C:\Users\DELL\OneDrive\Desktop\sparta代码修改流程\sparta-master\lib\kokkos\core\unit_test\TestSubView_c06.hpp
	    New File  		     836	C:\Users\DELL\OneDrive\Desktop\sparta代码修改流程\sparta-master\lib\kokkos\core\unit_test\TestSubView_c07.hpp
	    New File  		     889	C:\Users\DELL\OneDrive\Desktop\sparta代码修改流程\sparta-master\lib\kokkos\core\unit_test\TestSubView_c08.hpp
	    New File  		     901	C:\Users\DELL\OneDrive\Desktop\sparta代码修改流程\sparta-master\lib\kokkos\core\unit_test\TestSubView_c09.hpp
	    New File  		     838	C:\Users\DELL\OneDrive\Desktop\sparta代码修改流程\sparta-master\lib\kokkos\core\unit_test\TestSubView_c10.hpp
	    New File  		     891	C:\Users\DELL\OneDrive\Desktop\sparta代码修改流程\sparta-master\lib\kokkos\core\unit_test\TestSubView_c11.hpp
	    New File  		     903	C:\Users\DELL\OneDrive\Desktop\sparta代码修改流程\sparta-master\lib\kokkos\core\unit_test\TestSubView_c12.hpp
	    New File  		     846	C:\Users\DELL\OneDrive\Desktop\sparta代码修改流程\sparta-master\lib\kokkos\core\unit_test\TestSubView_c13.hpp
	    New File  		     847	C:\Users\DELL\OneDrive\Desktop\sparta代码修改流程\sparta-master\lib\kokkos\core\unit_test\TestSubView_c14.hpp
	    New File  		    1960	C:\Users\DELL\OneDrive\Desktop\sparta代码修改流程\sparta-master\lib\kokkos\core\unit_test\TestSubView_c15.hpp
	    New File  		    1754	C:\Users\DELL\OneDrive\Desktop\sparta代码修改流程\sparta-master\lib\kokkos\core\unit_test\TestSwap.hpp
	    New File  		   26217	C:\Users\DELL\OneDrive\Desktop\sparta代码修改流程\sparta-master\lib\kokkos\core\unit_test\TestTaskScheduler.hpp
	    New File  		    2354	C:\Users\DELL\OneDrive\Desktop\sparta代码修改流程\sparta-master\lib\kokkos\core\unit_test\TestTaskScheduler_single.hpp
	    New File  		   68193	C:\Users\DELL\OneDrive\Desktop\sparta代码修改流程\sparta-master\lib\kokkos\core\unit_test\TestTeam.hpp
	    New File  		   17162	C:\Users\DELL\OneDrive\Desktop\sparta代码修改流程\sparta-master\lib\kokkos\core\unit_test\TestTeamBasic.hpp
	    New File  		   19997	C:\Users\DELL\OneDrive\Desktop\sparta代码修改流程\sparta-master\lib\kokkos\core\unit_test\TestTeamCombinedReducers.hpp
	    New File  		   83194	C:\Users\DELL\OneDrive\Desktop\sparta代码修改流程\sparta-master\lib\kokkos\core\unit_test\TestTeamMDRange.hpp
	    New File  		    6405	C:\Users\DELL\OneDrive\Desktop\sparta代码修改流程\sparta-master\lib\kokkos\core\unit_test\TestTeamMDRangePolicyCTAD.cpp
	    New File  		    6759	C:\Users\DELL\OneDrive\Desktop\sparta代码修改流程\sparta-master\lib\kokkos\core\unit_test\TestTeamPolicyConstructors.hpp
	    New File  		    5837	C:\Users\DELL\OneDrive\Desktop\sparta代码修改流程\sparta-master\lib\kokkos\core\unit_test\TestTeamPolicyCTAD.cpp
	    New File  		    7464	C:\Users\DELL\OneDrive\Desktop\sparta代码修改流程\sparta-master\lib\kokkos\core\unit_test\TestTeamReductionScan.hpp
	    New File  		    9414	C:\Users\DELL\OneDrive\Desktop\sparta代码修改流程\sparta-master\lib\kokkos\core\unit_test\TestTeamScan.hpp
	    New File  		    2758	C:\Users\DELL\OneDrive\Desktop\sparta代码修改流程\sparta-master\lib\kokkos\core\unit_test\TestTeamScratch.hpp
	    New File  		    7499	C:\Users\DELL\OneDrive\Desktop\sparta代码修改流程\sparta-master\lib\kokkos\core\unit_test\TestTeamTeamSize.hpp
	    New File  		   37655	C:\Users\DELL\OneDrive\Desktop\sparta代码修改流程\sparta-master\lib\kokkos\core\unit_test\TestTeamVector.hpp
	    New File  		   13580	C:\Users\DELL\OneDrive\Desktop\sparta代码修改流程\sparta-master\lib\kokkos\core\unit_test\TestTeamVectorRange.hpp
	    New File  		    3018	C:\Users\DELL\OneDrive\Desktop\sparta代码修改流程\sparta-master\lib\kokkos\core\unit_test\TestTypeInfo.cpp
	    New File  		    1896	C:\Users\DELL\OneDrive\Desktop\sparta代码修改流程\sparta-master\lib\kokkos\core\unit_test\TestTypeList.cpp
	    New File  		    7723	C:\Users\DELL\OneDrive\Desktop\sparta代码修改流程\sparta-master\lib\kokkos\core\unit_test\TestUniqueToken.hpp
	    New File  		    4659	C:\Users\DELL\OneDrive\Desktop\sparta代码修改流程\sparta-master\lib\kokkos\core\unit_test\TestUtilities.hpp
	    New File  		    3021	C:\Users\DELL\OneDrive\Desktop\sparta代码修改流程\sparta-master\lib\kokkos\core\unit_test\TestVersionMacros.cpp
	    New File  		   51280	C:\Users\DELL\OneDrive\Desktop\sparta代码修改流程\sparta-master\lib\kokkos\core\unit_test\TestViewAPI.hpp
	    New File  		     724	C:\Users\DELL\OneDrive\Desktop\sparta代码修改流程\sparta-master\lib\kokkos\core\unit_test\TestViewAPI_a.hpp
	    New File  		    2071	C:\Users\DELL\OneDrive\Desktop\sparta代码修改流程\sparta-master\lib\kokkos\core\unit_test\TestViewAPI_b.hpp
	    New File  		     877	C:\Users\DELL\OneDrive\Desktop\sparta代码修改流程\sparta-master\lib\kokkos\core\unit_test\TestViewAPI_c.hpp
	    New File  		     981	C:\Users\DELL\OneDrive\Desktop\sparta代码修改流程\sparta-master\lib\kokkos\core\unit_test\TestViewAPI_d.hpp
	    New File  		   11622	C:\Users\DELL\OneDrive\Desktop\sparta代码修改流程\sparta-master\lib\kokkos\core\unit_test\TestViewAPI_e.hpp
	    New File  		    3238	C:\Users\DELL\OneDrive\Desktop\sparta代码修改流程\sparta-master\lib\kokkos\core\unit_test\TestViewBadAlloc.hpp
	    New File  		    8668	C:\Users\DELL\OneDrive\Desktop\sparta代码修改流程\sparta-master\lib\kokkos\core\unit_test\TestViewCopy_a.hpp
	    New File  		    6210	C:\Users\DELL\OneDrive\Desktop\sparta代码修改流程\sparta-master\lib\kokkos\core\unit_test\TestViewCopy_b.hpp
	    New File  		   16512	C:\Users\DELL\OneDrive\Desktop\sparta代码修改流程\sparta-master\lib\kokkos\core\unit_test\TestViewCopy_c.hpp
	    New File  		    9826	C:\Users\DELL\OneDrive\Desktop\sparta代码修改流程\sparta-master\lib\kokkos\core\unit_test\TestViewCtorDimMatch.hpp
	    New File  		    4194	C:\Users\DELL\OneDrive\Desktop\sparta代码修改流程\sparta-master\lib\kokkos\core\unit_test\TestViewCtorProp.hpp
	    New File  		    4524	C:\Users\DELL\OneDrive\Desktop\sparta代码修改流程\sparta-master\lib\kokkos\core\unit_test\TestViewCtorPropEmbeddedDim.hpp
	    New File  		    2037	C:\Users\DELL\OneDrive\Desktop\sparta代码修改流程\sparta-master\lib\kokkos\core\unit_test\TestViewEmptyRuntimeUnmanaged.hpp
	    New File  		    3676	C:\Users\DELL\OneDrive\Desktop\sparta代码修改流程\sparta-master\lib\kokkos\core\unit_test\TestViewHooks.hpp
	    New File  		    7212	C:\Users\DELL\OneDrive\Desktop\sparta代码修改流程\sparta-master\lib\kokkos\core\unit_test\TestViewIsAssignable.hpp
	    New File  		   30295	C:\Users\DELL\OneDrive\Desktop\sparta代码修改流程\sparta-master\lib\kokkos\core\unit_test\TestViewLayoutStrideAssignment.hpp
	    New File  		   42557	C:\Users\DELL\OneDrive\Desktop\sparta代码修改流程\sparta-master\lib\kokkos\core\unit_test\TestViewMapping_a.hpp
	    New File  		    7077	C:\Users\DELL\OneDrive\Desktop\sparta代码修改流程\sparta-master\lib\kokkos\core\unit_test\TestViewMapping_b.hpp
	    New File  		    6004	C:\Users\DELL\OneDrive\Desktop\sparta代码修改流程\sparta-master\lib\kokkos\core\unit_test\TestViewMapping_subview.hpp
	    New File  		    9171	C:\Users\DELL\OneDrive\Desktop\sparta代码修改流程\sparta-master\lib\kokkos\core\unit_test\TestViewMemoryAccessViolation.hpp
	    New File  		    2516	C:\Users\DELL\OneDrive\Desktop\sparta代码修改流程\sparta-master\lib\kokkos\core\unit_test\TestViewOfClass.hpp
	    New File  		    3790	C:\Users\DELL\OneDrive\Desktop\sparta代码修改流程\sparta-master\lib\kokkos\core\unit_test\TestViewOfViews.hpp
	    New File  		    6621	C:\Users\DELL\OneDrive\Desktop\sparta代码修改流程\sparta-master\lib\kokkos\core\unit_test\TestViewOutOfBoundsAccess.hpp
	    New File  		    2836	C:\Users\DELL\OneDrive\Desktop\sparta代码修改流程\sparta-master\lib\kokkos\core\unit_test\TestViewRank.cpp
	    New File  		    1011	C:\Users\DELL\OneDrive\Desktop\sparta代码修改流程\sparta-master\lib\kokkos\core\unit_test\TestViewResize.hpp
	    New File  		    1555	C:\Users\DELL\OneDrive\Desktop\sparta代码修改流程\sparta-master\lib\kokkos\core\unit_test\TestViewSpaceAssign.hpp
	    New File  		   96637	C:\Users\DELL\OneDrive\Desktop\sparta代码修改流程\sparta-master\lib\kokkos\core\unit_test\TestViewSubview.hpp
	    New File  		   17173	C:\Users\DELL\OneDrive\Desktop\sparta代码修改流程\sparta-master\lib\kokkos\core\unit_test\TestViewTypedefs.cpp
	    New File  		    1674	C:\Users\DELL\OneDrive\Desktop\sparta代码修改流程\sparta-master\lib\kokkos\core\unit_test\TestViewTypeTraits.cpp
	    New File  		    3769	C:\Users\DELL\OneDrive\Desktop\sparta代码修改流程\sparta-master\lib\kokkos\core\unit_test\TestView_64bit.hpp
	    New File  		     834	C:\Users\DELL\OneDrive\Desktop\sparta代码修改流程\sparta-master\lib\kokkos\core\unit_test\TestWindowsInclude.cpp
	    New File  		   13438	C:\Users\DELL\OneDrive\Desktop\sparta代码修改流程\sparta-master\lib\kokkos\core\unit_test\TestWithoutInitializing.hpp
	    New File  		    4639	C:\Users\DELL\OneDrive\Desktop\sparta代码修改流程\sparta-master\lib\kokkos\core\unit_test\TestWorkGraph.hpp
	    New File  		    3576	C:\Users\DELL\OneDrive\Desktop\sparta代码修改流程\sparta-master\lib\kokkos\core\unit_test\Test_InterOp_Streams.hpp
	    New File  		     700	C:\Users\DELL\OneDrive\Desktop\sparta代码修改流程\sparta-master\lib\kokkos\core\unit_test\UnitTestMain.cpp
	    New File  		     808	C:\Users\DELL\OneDrive\Desktop\sparta代码修改流程\sparta-master\lib\kokkos\core\unit_test\UnitTestMainInit.cpp
	    New File  		     900	C:\Users\DELL\OneDrive\Desktop\sparta代码修改流程\sparta-master\lib\kokkos\core\unit_test\UnitTest_CMakePassCmdLineArgs.cpp
	    New File  		    1135	C:\Users\DELL\OneDrive\Desktop\sparta代码修改流程\sparta-master\lib\kokkos\core\unit_test\UnitTest_CMakeTriBITSCompatibility.cpp
	    New File  		    3930	C:\Users\DELL\OneDrive\Desktop\sparta代码修改流程\sparta-master\lib\kokkos\core\unit_test\UnitTest_DeviceAndThreads.cpp
	    New File  		     207	C:\Users\DELL\OneDrive\Desktop\sparta代码修改流程\sparta-master\lib\kokkos\simd\unit_tests\CMakeLists.txt
	    New File  		     888	C:\Users\DELL\OneDrive\Desktop\sparta代码修改流程\sparta-master\lib\kokkos\simd\unit_tests\TestSIMD.cpp
	    New File  		     806	C:\Users\DELL\OneDrive\Desktop\sparta代码修改流程\sparta-master\lib\kokkos\simd\unit_tests\UnitTestMain.cpp
	    New File  		    1733	C:\Users\DELL\OneDrive\Desktop\sparta代码修改流程\sparta-master\lib\kokkos\simd\src\CMakeLists.txt
	    New File  		    7662	C:\Users\DELL\OneDrive\Desktop\sparta代码修改流程\sparta-master\lib\kokkos\simd\src\Kokkos_SIMD.hpp
	    New File  		  128558	C:\Users\DELL\OneDrive\Desktop\sparta代码修改流程\sparta-master\lib\kokkos\simd\src\Kokkos_SIMD_AVX2.hpp
	    New File  		  162122	C:\Users\DELL\OneDrive\Desktop\sparta代码修改流程\sparta-master\lib\kokkos\simd\src\Kokkos_SIMD_AVX512.hpp
	    New File  		   13722	C:\Users\DELL\OneDrive\Desktop\sparta代码修改流程\sparta-master\lib\kokkos\simd\src\Kokkos_SIMD_Common.hpp
	    New File  		   21382	C:\Users\DELL\OneDrive\Desktop\sparta代码修改流程\sparta-master\lib\kokkos\simd\src\Kokkos_SIMD_Common_Math.hpp
	    New File  		     913	C:\Users\DELL\OneDrive\Desktop\sparta代码修改流程\sparta-master\lib\kokkos\simd\src\Kokkos_SIMD_dummy.cpp
	    New File  		  111654	C:\Users\DELL\OneDrive\Desktop\sparta代码修改流程\sparta-master\lib\kokkos\simd\src\Kokkos_SIMD_NEON.hpp
	    New File  		   25945	C:\Users\DELL\OneDrive\Desktop\sparta代码修改流程\sparta-master\lib\kokkos\simd\src\Kokkos_SIMD_Scalar.hpp
	    New File  		  135211	C:\Users\DELL\OneDrive\Desktop\sparta代码修改流程\sparta-master\lib\kokkos\simd\src\Kokkos_SIMD_SVE.hpp
	    New File  		    4344	C:\Users\DELL\OneDrive\Desktop\sparta代码修改流程\sparta-master\lib\kokkos\algorithms\src\sorting\Kokkos_BinOpsPublicAPI.hpp
	    New File  		   15059	C:\Users\DELL\OneDrive\Desktop\sparta代码修改流程\sparta-master\lib\kokkos\algorithms\src\sorting\Kokkos_BinSortPublicAPI.hpp
	    New File  		    4429	C:\Users\DELL\OneDrive\Desktop\sparta代码修改流程\sparta-master\lib\kokkos\algorithms\src\sorting\Kokkos_NestedSortPublicAPI.hpp
	    New File  		    4987	C:\Users\DELL\OneDrive\Desktop\sparta代码修改流程\sparta-master\lib\kokkos\algorithms\src\sorting\Kokkos_SortByKeyPublicAPI.hpp
	    New File  		    7086	C:\Users\DELL\OneDrive\Desktop\sparta代码修改流程\sparta-master\lib\kokkos\algorithms\src\sorting\Kokkos_SortPublicAPI.hpp
	    New File  		   12586	C:\Users\DELL\OneDrive\Desktop\sparta代码修改流程\sparta-master\lib\kokkos\algorithms\src\std_algorithms\Kokkos_AdjacentDifference.hpp
	    New File  		    6978	C:\Users\DELL\OneDrive\Desktop\sparta代码修改流程\sparta-master\lib\kokkos\algorithms\src\std_algorithms\Kokkos_AdjacentFind.hpp
	    New File  		    4101	C:\Users\DELL\OneDrive\Desktop\sparta代码修改流程\sparta-master\lib\kokkos\algorithms\src\std_algorithms\Kokkos_AllOf.hpp
	    New File  		    4097	C:\Users\DELL\OneDrive\Desktop\sparta代码修改流程\sparta-master\lib\kokkos\algorithms\src\std_algorithms\Kokkos_AnyOf.hpp
	    New File  		    2370	C:\Users\DELL\OneDrive\Desktop\sparta代码修改流程\sparta-master\lib\kokkos\algorithms\src\std_algorithms\Kokkos_BeginEnd.hpp
	    New File  		    4422	C:\Users\DELL\OneDrive\Desktop\sparta代码修改流程\sparta-master\lib\kokkos\algorithms\src\std_algorithms\Kokkos_Copy.hpp
	    New File  		    4445	C:\Users\DELL\OneDrive\Desktop\sparta代码修改流程\sparta-master\lib\kokkos\algorithms\src\std_algorithms\Kokkos_CopyBackward.hpp
	    New File  		    4795	C:\Users\DELL\OneDrive\Desktop\sparta代码修改流程\sparta-master\lib\kokkos\algorithms\src\std_algorithms\Kokkos_CopyIf.hpp
	    New File  		    4498	C:\Users\DELL\OneDrive\Desktop\sparta代码修改流程\sparta-master\lib\kokkos\algorithms\src\std_algorithms\Kokkos_CopyN.hpp
	    New File  		    4185	C:\Users\DELL\OneDrive\Desktop\sparta代码修改流程\sparta-master\lib\kokkos\algorithms\src\std_algorithms\Kokkos_Count.hpp
	    New File  		    4487	C:\Users\DELL\OneDrive\Desktop\sparta代码修改流程\sparta-master\lib\kokkos\algorithms\src\std_algorithms\Kokkos_CountIf.hpp
	    New File  		    1239	C:\Users\DELL\OneDrive\Desktop\sparta代码修改流程\sparta-master\lib\kokkos\algorithms\src\std_algorithms\Kokkos_Distance.hpp
	    New File  		   13750	C:\Users\DELL\OneDrive\Desktop\sparta代码修改流程\sparta-master\lib\kokkos\algorithms\src\std_algorithms\Kokkos_Equal.hpp
	    New File  		   12807	C:\Users\DELL\OneDrive\Desktop\sparta代码修改流程\sparta-master\lib\kokkos\algorithms\src\std_algorithms\Kokkos_ExclusiveScan.hpp
	    New File  		    3536	C:\Users\DELL\OneDrive\Desktop\sparta代码修改流程\sparta-master\lib\kokkos\algorithms\src\std_algorithms\Kokkos_Fill.hpp
	    New File  		    3818	C:\Users\DELL\OneDrive\Desktop\sparta代码修改流程\sparta-master\lib\kokkos\algorithms\src\std_algorithms\Kokkos_FillN.hpp
	    New File  		    3938	C:\Users\DELL\OneDrive\Desktop\sparta代码修改流程\sparta-master\lib\kokkos\algorithms\src\std_algorithms\Kokkos_Find.hpp
	    New File  		    9448	C:\Users\DELL\OneDrive\Desktop\sparta代码修改流程\sparta-master\lib\kokkos\algorithms\src\std_algorithms\Kokkos_FindEnd.hpp
	    New File  		    9920	C:\Users\DELL\OneDrive\Desktop\sparta代码修改流程\sparta-master\lib\kokkos\algorithms\src\std_algorithms\Kokkos_FindFirstOf.hpp
	    New File  		    4401	C:\Users\DELL\OneDrive\Desktop\sparta代码修改流程\sparta-master\lib\kokkos\algorithms\src\std_algorithms\Kokkos_FindIf.hpp
	    New File  		    4366	C:\Users\DELL\OneDrive\Desktop\sparta代码修改流程\sparta-master\lib\kokkos\algorithms\src\std_algorithms\Kokkos_FindIfNot.hpp
	    New File  		    4058	C:\Users\DELL\OneDrive\Desktop\sparta代码修改流程\sparta-master\lib\kokkos\algorithms\src\std_algorithms\Kokkos_ForEach.hpp
	    New File  		    4363	C:\Users\DELL\OneDrive\Desktop\sparta代码修改流程\sparta-master\lib\kokkos\algorithms\src\std_algorithms\Kokkos_ForEachN.hpp
	    New File  		    3713	C:\Users\DELL\OneDrive\Desktop\sparta代码修改流程\sparta-master\lib\kokkos\algorithms\src\std_algorithms\Kokkos_Generate.hpp
	    New File  		    4056	C:\Users\DELL\OneDrive\Desktop\sparta代码修改流程\sparta-master\lib\kokkos\algorithms\src\std_algorithms\Kokkos_GenerateN.hpp
	    New File  		   16075	C:\Users\DELL\OneDrive\Desktop\sparta代码修改流程\sparta-master\lib\kokkos\algorithms\src\std_algorithms\Kokkos_InclusiveScan.hpp
	    New File  		    4059	C:\Users\DELL\OneDrive\Desktop\sparta代码修改流程\sparta-master\lib\kokkos\algorithms\src\std_algorithms\Kokkos_IsPartitioned.hpp
	    New File  		    7148	C:\Users\DELL\OneDrive\Desktop\sparta代码修改流程\sparta-master\lib\kokkos\algorithms\src\std_algorithms\Kokkos_IsSorted.hpp
	    New File  		    7457	C:\Users\DELL\OneDrive\Desktop\sparta代码修改流程\sparta-master\lib\kokkos\algorithms\src\std_algorithms\Kokkos_IsSortedUntil.hpp
	    New File  		    2180	C:\Users\DELL\OneDrive\Desktop\sparta代码修改流程\sparta-master\lib\kokkos\algorithms\src\std_algorithms\Kokkos_IterSwap.hpp
	    New File  		    9120	C:\Users\DELL\OneDrive\Desktop\sparta代码修改流程\sparta-master\lib\kokkos\algorithms\src\std_algorithms\Kokkos_LexicographicalCompare.hpp
	    New File  		    7165	C:\Users\DELL\OneDrive\Desktop\sparta代码修改流程\sparta-master\lib\kokkos\algorithms\src\std_algorithms\Kokkos_MaxElement.hpp
	    New File  		    7165	C:\Users\DELL\OneDrive\Desktop\sparta代码修改流程\sparta-master\lib\kokkos\algorithms\src\std_algorithms\Kokkos_MinElement.hpp
	    New File  		    7271	C:\Users\DELL\OneDrive\Desktop\sparta代码修改流程\sparta-master\lib\kokkos\algorithms\src\std_algorithms\Kokkos_MinMaxElement.hpp
	    New File  		    9444	C:\Users\DELL\OneDrive\Desktop\sparta代码修改流程\sparta-master\lib\kokkos\algorithms\src\std_algorithms\Kokkos_Mismatch.hpp
	    New File  		    4345	C:\Users\DELL\OneDrive\Desktop\sparta代码修改流程\sparta-master\lib\kokkos\algorithms\src\std_algorithms\Kokkos_Move.hpp
	    New File  		    4566	C:\Users\DELL\OneDrive\Desktop\sparta代码修改流程\sparta-master\lib\kokkos\algorithms\src\std_algorithms\Kokkos_MoveBackward.hpp
	    New File  		    4031	C:\Users\DELL\OneDrive\Desktop\sparta代码修改流程\sparta-master\lib\kokkos\algorithms\src\std_algorithms\Kokkos_NoneOf.hpp
	    New File  		    5680	C:\Users\DELL\OneDrive\Desktop\sparta代码修改流程\sparta-master\lib\kokkos\algorithms\src\std_algorithms\Kokkos_PartitionCopy.hpp
	    New File  		    4223	C:\Users\DELL\OneDrive\Desktop\sparta代码修改流程\sparta-master\lib\kokkos\algorithms\src\std_algorithms\Kokkos_PartitionPoint.hpp
	    New File  		   13403	C:\Users\DELL\OneDrive\Desktop\sparta代码修改流程\sparta-master\lib\kokkos\algorithms\src\std_algorithms\Kokkos_Reduce.hpp
	    New File  		    4110	C:\Users\DELL\OneDrive\Desktop\sparta代码修改流程\sparta-master\lib\kokkos\algorithms\src\std_algorithms\Kokkos_Remove.hpp
	    New File  		    5405	C:\Users\DELL\OneDrive\Desktop\sparta代码修改流程\sparta-master\lib\kokkos\algorithms\src\std_algorithms\Kokkos_RemoveCopy.hpp
	    New File  		    5639	C:\Users\DELL\OneDrive\Desktop\sparta代码修改流程\sparta-master\lib\kokkos\algorithms\src\std_algorithms\Kokkos_RemoveCopyIf.hpp
	    New File  		    4196	C:\Users\DELL\OneDrive\Desktop\sparta代码修改流程\sparta-master\lib\kokkos\algorithms\src\std_algorithms\Kokkos_RemoveIf.hpp
	    New File  		    4205	C:\Users\DELL\OneDrive\Desktop\sparta代码修改流程\sparta-master\lib\kokkos\algorithms\src\std_algorithms\Kokkos_Replace.hpp
	    New File  		    5871	C:\Users\DELL\OneDrive\Desktop\sparta代码修改流程\sparta-master\lib\kokkos\algorithms\src\std_algorithms\Kokkos_ReplaceCopy.hpp
	    New File  		    6062	C:\Users\DELL\OneDrive\Desktop\sparta代码修改流程\sparta-master\lib\kokkos\algorithms\src\std_algorithms\Kokkos_ReplaceCopyIf.hpp
	    New File  		    4424	C:\Users\DELL\OneDrive\Desktop\sparta代码修改流程\sparta-master\lib\kokkos\algorithms\src\std_algorithms\Kokkos_ReplaceIf.hpp
	    New File  		    3576	C:\Users\DELL\OneDrive\Desktop\sparta代码修改流程\sparta-master\lib\kokkos\algorithms\src\std_algorithms\Kokkos_Reverse.hpp
	    New File  		    4570	C:\Users\DELL\OneDrive\Desktop\sparta代码修改流程\sparta-master\lib\kokkos\algorithms\src\std_algorithms\Kokkos_ReverseCopy.hpp
	    New File  		    3918	C:\Users\DELL\OneDrive\Desktop\sparta代码修改流程\sparta-master\lib\kokkos\algorithms\src\std_algorithms\Kokkos_Rotate.hpp
	    New File  		    5029	C:\Users\DELL\OneDrive\Desktop\sparta代码修改流程\sparta-master\lib\kokkos\algorithms\src\std_algorithms\Kokkos_RotateCopy.hpp
	    New File  		    9251	C:\Users\DELL\OneDrive\Desktop\sparta代码修改流程\sparta-master\lib\kokkos\algorithms\src\std_algorithms\Kokkos_Search.hpp
	    New File  		    8533	C:\Users\DELL\OneDrive\Desktop\sparta代码修改流程\sparta-master\lib\kokkos\algorithms\src\std_algorithms\Kokkos_SearchN.hpp
	    New File  		    3858	C:\Users\DELL\OneDrive\Desktop\sparta代码修改流程\sparta-master\lib\kokkos\algorithms\src\std_algorithms\Kokkos_ShiftLeft.hpp
	    New File  		    3885	C:\Users\DELL\OneDrive\Desktop\sparta代码修改流程\sparta-master\lib\kokkos\algorithms\src\std_algorithms\Kokkos_ShiftRight.hpp
	    New File  		    4730	C:\Users\DELL\OneDrive\Desktop\sparta代码修改流程\sparta-master\lib\kokkos\algorithms\src\std_algorithms\Kokkos_SwapRanges.hpp
	    New File  		   10845	C:\Users\DELL\OneDrive\Desktop\sparta代码修改流程\sparta-master\lib\kokkos\algorithms\src\std_algorithms\Kokkos_Transform.hpp
	    New File  		    7340	C:\Users\DELL\OneDrive\Desktop\sparta代码修改流程\sparta-master\lib\kokkos\algorithms\src\std_algorithms\Kokkos_TransformExclusiveScan.hpp
	    New File  		   12844	C:\Users\DELL\OneDrive\Desktop\sparta代码修改流程\sparta-master\lib\kokkos\algorithms\src\std_algorithms\Kokkos_TransformInclusiveScan.hpp
	    New File  		   19393	C:\Users\DELL\OneDrive\Desktop\sparta代码修改流程\sparta-master\lib\kokkos\algorithms\src\std_algorithms\Kokkos_TransformReduce.hpp
	    New File  		    6863	C:\Users\DELL\OneDrive\Desktop\sparta代码修改流程\sparta-master\lib\kokkos\algorithms\src\std_algorithms\Kokkos_Unique.hpp
	    New File  		    9180	C:\Users\DELL\OneDrive\Desktop\sparta代码修改流程\sparta-master\lib\kokkos\algorithms\src\std_algorithms\Kokkos_UniqueCopy.hpp
	    New File  		    1758	C:\Users\DELL\OneDrive\Desktop\sparta代码修改流程\sparta-master\lib\kokkos\benchmarks\benchmark_suite\scripts\build_code.bash
	    New File  		     507	C:\Users\DELL\OneDrive\Desktop\sparta代码修改流程\sparta-master\lib\kokkos\benchmarks\benchmark_suite\scripts\checkout_repos.bash
	    New File  		     365	C:\Users\DELL\OneDrive\Desktop\sparta代码修改流程\sparta-master\lib\kokkos\benchmarks\benchmark_suite\scripts\run_benchmark.bash
	    New File  		    1379	C:\Users\DELL\OneDrive\Desktop\sparta代码修改流程\sparta-master\lib\kokkos\benchmarks\benchmark_suite\scripts\run_tests.bash
	    New File  		    1781	C:\Users\DELL\OneDrive\Desktop\sparta代码修改流程\sparta-master\lib\kokkos\containers\src\impl\Kokkos_Bitset_impl.hpp
	    New File  		    3999	C:\Users\DELL\OneDrive\Desktop\sparta代码修改流程\sparta-master\lib\kokkos\containers\src\impl\Kokkos_Functional_impl.hpp
	    New File  		    6239	C:\Users\DELL\OneDrive\Desktop\sparta代码修改流程\sparta-master\lib\kokkos\containers\src\impl\Kokkos_StaticCrsGraph_factory.hpp
	    New File  		    3737	C:\Users\DELL\OneDrive\Desktop\sparta代码修改流程\sparta-master\lib\kokkos\containers\src\impl\Kokkos_UnorderedMap_impl.cpp
	    New File  		    8289	C:\Users\DELL\OneDrive\Desktop\sparta代码修改流程\sparta-master\lib\kokkos\containers\src\impl\Kokkos_UnorderedMap_impl.hpp
	    New File  		    3118	C:\Users\DELL\OneDrive\Desktop\sparta代码修改流程\sparta-master\lib\kokkos\tpls\desul\src\Lock_Array_CUDA.cpp
	    New File  		    3235	C:\Users\DELL\OneDrive\Desktop\sparta代码修改流程\sparta-master\lib\kokkos\tpls\desul\src\Lock_Array_HIP.cpp
	    New File  		    1819	C:\Users\DELL\OneDrive\Desktop\sparta代码修改流程\sparta-master\lib\kokkos\tpls\desul\src\Lock_Array_SYCL.cpp
	    New File  		     251	C:\Users\DELL\OneDrive\Desktop\sparta代码修改流程\sparta-master\lib\kokkos\example\tutorial\01_hello_world\CMakeLists.txt
	    New File  		    3856	C:\Users\DELL\OneDrive\Desktop\sparta代码修改流程\sparta-master\lib\kokkos\example\tutorial\01_hello_world\hello_world.cpp
	    New File  		    1037	C:\Users\DELL\OneDrive\Desktop\sparta代码修改流程\sparta-master\lib\kokkos\example\tutorial\01_hello_world\Makefile
	    New File  		     265	C:\Users\DELL\OneDrive\Desktop\sparta代码修改流程\sparta-master\lib\kokkos\example\tutorial\01_hello_world_lambda\CMakeLists.txt
	    New File  		    3088	C:\Users\DELL\OneDrive\Desktop\sparta代码修改流程\sparta-master\lib\kokkos\example\tutorial\01_hello_world_lambda\hello_world_lambda.cpp
	    New File  		    1097	C:\Users\DELL\OneDrive\Desktop\sparta代码修改流程\sparta-master\lib\kokkos\example\tutorial\01_hello_world_lambda\Makefile
	    New File  		     255	C:\Users\DELL\OneDrive\Desktop\sparta代码修改流程\sparta-master\lib\kokkos\example\tutorial\02_simple_reduce\CMakeLists.txt
	    New File  		    1043	C:\Users\DELL\OneDrive\Desktop\sparta代码修改流程\sparta-master\lib\kokkos\example\tutorial\02_simple_reduce\Makefile
	    New File  		    2593	C:\Users\DELL\OneDrive\Desktop\sparta代码修改流程\sparta-master\lib\kokkos\example\tutorial\02_simple_reduce\simple_reduce.cpp
	    New File  		     251	C:\Users\DELL\OneDrive\Desktop\sparta代码修改流程\sparta-master\lib\kokkos\example\tutorial\03_simple_view\CMakeLists.txt
	    New File  		     202	C:\Users\DELL\OneDrive\Desktop\sparta代码修改流程\sparta-master\lib\kokkos\example\tutorial\02_simple_reduce_lambda\CMakeLists.txt
	    New File  		    1103	C:\Users\DELL\OneDrive\Desktop\sparta代码修改流程\sparta-master\lib\kokkos\example\tutorial\02_simple_reduce_lambda\Makefile
	    New File  		    1108	C:\Users\DELL\OneDrive\Desktop\sparta代码修改流程\sparta-master\lib\kokkos\example\tutorial\03_simple_view\Makefile
	    New File  		    1918	C:\Users\DELL\OneDrive\Desktop\sparta代码修改流程\sparta-master\lib\kokkos\example\tutorial\02_simple_reduce_lambda\simple_reduce_lambda.cpp
	    New File  		    4214	C:\Users\DELL\OneDrive\Desktop\sparta代码修改流程\sparta-master\lib\kokkos\example\tutorial\03_simple_view\simple_view.cpp
	    New File  		     265	C:\Users\DELL\OneDrive\Desktop\sparta代码修改流程\sparta-master\lib\kokkos\example\tutorial\03_simple_view_lambda\CMakeLists.txt
	    New File  		    1097	C:\Users\DELL\OneDrive\Desktop\sparta代码修改流程\sparta-master\lib\kokkos\example\tutorial\03_simple_view_lambda\Makefile
	    New File  		    3751	C:\Users\DELL\OneDrive\Desktop\sparta代码修改流程\sparta-master\lib\kokkos\example\tutorial\03_simple_view_lambda\simple_view_lambda.cpp
	    New File  		     253	C:\Users\DELL\OneDrive\Desktop\sparta代码修改流程\sparta-master\lib\kokkos\example\tutorial\04_simple_memoryspaces\CMakeLists.txt
	    New File  		    1061	C:\Users\DELL\OneDrive\Desktop\sparta代码修改流程\sparta-master\lib\kokkos\example\tutorial\04_simple_memoryspaces\Makefile
	    New File  		    2608	C:\Users\DELL\OneDrive\Desktop\sparta代码修改流程\sparta-master\lib\kokkos\example\tutorial\04_simple_memoryspaces\simple_memoryspaces.cpp
	    New File  		     255	C:\Users\DELL\OneDrive\Desktop\sparta代码修改流程\sparta-master\lib\kokkos\example\tutorial\06_simple_mdrangepolicy\CMakeLists.txt
	    New File  		    1063	C:\Users\DELL\OneDrive\Desktop\sparta代码修改流程\sparta-master\lib\kokkos\example\tutorial\06_simple_mdrangepolicy\Makefile
	    New File  		    6623	C:\Users\DELL\OneDrive\Desktop\sparta代码修改流程\sparta-master\lib\kokkos\example\tutorial\06_simple_mdrangepolicy\simple_mdrangepolicy.cpp
	    New File  		      50	C:\Users\DELL\OneDrive\Desktop\sparta代码修改流程\sparta-master\lib\kokkos\example\tutorial\Algorithms\CMakeLists.txt
	    New File  		    1267	C:\Users\DELL\OneDrive\Desktop\sparta代码修改流程\sparta-master\lib\kokkos\example\tutorial\Algorithms\Makefile
	    New File  		     243	C:\Users\DELL\OneDrive\Desktop\sparta代码修改流程\sparta-master\lib\kokkos\example\tutorial\05_simple_atomics\CMakeLists.txt
	    New File  		    1046	C:\Users\DELL\OneDrive\Desktop\sparta代码修改流程\sparta-master\lib\kokkos\example\tutorial\05_simple_atomics\Makefile
	    New File  		    4032	C:\Users\DELL\OneDrive\Desktop\sparta代码修改流程\sparta-master\lib\kokkos\example\tutorial\05_simple_atomics\simple_atomics.cpp
	    New File  		     270	C:\Users\DELL\OneDrive\Desktop\sparta代码修改流程\sparta-master\lib\kokkos\example\tutorial\Advanced_Views\CMakeLists.txt
	    New File  		     243	C:\Users\DELL\OneDrive\Desktop\sparta代码修改流程\sparta-master\lib\kokkos\example\tutorial\launch_bounds\CMakeLists.txt
	    New File  		    3946	C:\Users\DELL\OneDrive\Desktop\sparta代码修改流程\sparta-master\lib\kokkos\example\tutorial\launch_bounds\launch_bounds_reduce.cpp
	    New File  		    4895	C:\Users\DELL\OneDrive\Desktop\sparta代码修改流程\sparta-master\lib\kokkos\example\tutorial\Advanced_Views\Makefile
	    New File  		    1222	C:\Users\DELL\OneDrive\Desktop\sparta代码修改流程\sparta-master\lib\kokkos\example\tutorial\launch_bounds\Makefile
	    New File  		     207	C:\Users\DELL\OneDrive\Desktop\sparta代码修改流程\sparta-master\lib\kokkos\example\tutorial\Hierarchical_Parallelism\CMakeLists.txt
	    New File  		    3941	C:\Users\DELL\OneDrive\Desktop\sparta代码修改流程\sparta-master\lib\kokkos\example\tutorial\Hierarchical_Parallelism\Makefile
	    New File  		    9043	C:\Users\DELL\OneDrive\Desktop\sparta代码修改流程\sparta-master\lib\kokkos\core\src\Cuda\Kokkos_Cuda.hpp
	    New File  		   19188	C:\Users\DELL\OneDrive\Desktop\sparta代码修改流程\sparta-master\lib\kokkos\core\src\Cuda\Kokkos_CudaSpace.cpp
	    New File  		   21029	C:\Users\DELL\OneDrive\Desktop\sparta代码修改流程\sparta-master\lib\kokkos\core\src\Cuda\Kokkos_CudaSpace.hpp
	    New File  		    1771	C:\Users\DELL\OneDrive\Desktop\sparta代码修改流程\sparta-master\lib\kokkos\core\src\Cuda\Kokkos_Cuda_abort.hpp
	    New File  		    9470	C:\Users\DELL\OneDrive\Desktop\sparta代码修改流程\sparta-master\lib\kokkos\core\src\Cuda\Kokkos_Cuda_BlockSize_Deduction.hpp
	    New File  		    2553	C:\Users\DELL\OneDrive\Desktop\sparta代码修改流程\sparta-master\lib\kokkos\core\src\Cuda\Kokkos_Cuda_Error.hpp
	    New File  		    8535	C:\Users\DELL\OneDrive\Desktop\sparta代码修改流程\sparta-master\lib\kokkos\core\src\Cuda\Kokkos_Cuda_GraphNodeKernel.hpp
	    New File  		    2467	C:\Users\DELL\OneDrive\Desktop\sparta代码修改流程\sparta-master\lib\kokkos\core\src\Cuda\Kokkos_Cuda_GraphNode_Impl.hpp
	    New File  		    9380	C:\Users\DELL\OneDrive\Desktop\sparta代码修改流程\sparta-master\lib\kokkos\core\src\Cuda\Kokkos_Cuda_Graph_Impl.hpp
	    New File  		   16724	C:\Users\DELL\OneDrive\Desktop\sparta代码修改流程\sparta-master\lib\kokkos\core\src\Cuda\Kokkos_Cuda_Half_Conversion.hpp
	    New File  		    1638	C:\Users\DELL\OneDrive\Desktop\sparta代码修改流程\sparta-master\lib\kokkos\core\src\Cuda\Kokkos_Cuda_Half_Impl_Type.hpp
	    New File  		    6361	C:\Users\DELL\OneDrive\Desktop\sparta代码修改流程\sparta-master\lib\kokkos\core\src\Cuda\Kokkos_Cuda_Half_MathematicalFunctions.hpp
	    New File  		   26593	C:\Users\DELL\OneDrive\Desktop\sparta代码修改流程\sparta-master\lib\kokkos\core\src\Cuda\Kokkos_Cuda_Instance.cpp
	    New File  		   13830	C:\Users\DELL\OneDrive\Desktop\sparta代码修改流程\sparta-master\lib\kokkos\core\src\Cuda\Kokkos_Cuda_Instance.hpp
	    New File  		   31624	C:\Users\DELL\OneDrive\Desktop\sparta代码修改流程\sparta-master\lib\kokkos\core\src\Cuda\Kokkos_Cuda_KernelLaunch.hpp
	    New File  		    1787	C:\Users\DELL\OneDrive\Desktop\sparta代码修改流程\sparta-master\lib\kokkos\core\src\Cuda\Kokkos_Cuda_MDRangePolicy.hpp
	    New File  		   20706	C:\Users\DELL\OneDrive\Desktop\sparta代码修改流程\sparta-master\lib\kokkos\core\src\Cuda\Kokkos_Cuda_Parallel_MDRange.hpp
	    New File  		   40358	C:\Users\DELL\OneDrive\Desktop\sparta代码修改流程\sparta-master\lib\kokkos\core\src\Cuda\Kokkos_Cuda_Parallel_Range.hpp
	    New File  		   38997	C:\Users\DELL\OneDrive\Desktop\sparta代码修改流程\sparta-master\lib\kokkos\core\src\Cuda\Kokkos_Cuda_Parallel_Team.hpp
	    New File  		   28940	C:\Users\DELL\OneDrive\Desktop\sparta代码修改流程\sparta-master\lib\kokkos\core\src\Cuda\Kokkos_Cuda_ReduceScan.hpp
	    New File  		    1555	C:\Users\DELL\OneDrive\Desktop\sparta代码修改流程\sparta-master\lib\kokkos\core\src\Cuda\Kokkos_Cuda_Task.cpp
	    New File  		   44345	C:\Users\DELL\OneDrive\Desktop\sparta代码修改流程\sparta-master\lib\kokkos\core\src\Cuda\Kokkos_Cuda_Task.hpp
	    New File  		   40737	C:\Users\DELL\OneDrive\Desktop\sparta代码修改流程\sparta-master\lib\kokkos\core\src\Cuda\Kokkos_Cuda_Team.hpp
	    New File  		    5030	C:\Users\DELL\OneDrive\Desktop\sparta代码修改流程\sparta-master\lib\kokkos\core\src\Cuda\Kokkos_Cuda_UniqueToken.hpp
	    New File  		    7479	C:\Users\DELL\OneDrive\Desktop\sparta代码修改流程\sparta-master\lib\kokkos\core\src\Cuda\Kokkos_Cuda_Vectorization.hpp
	    New File  		    4332	C:\Users\DELL\OneDrive\Desktop\sparta代码修改流程\sparta-master\lib\kokkos\core\src\Cuda\Kokkos_Cuda_View.hpp
	    New File  		    3173	C:\Users\DELL\OneDrive\Desktop\sparta代码修改流程\sparta-master\lib\kokkos\core\src\Cuda\Kokkos_Cuda_WorkGraphPolicy.hpp
	    New File  		    1155	C:\Users\DELL\OneDrive\Desktop\sparta代码修改流程\sparta-master\lib\kokkos\core\src\Cuda\Kokkos_Cuda_ZeroMemset.hpp
	    New File  		    1385	C:\Users\DELL\OneDrive\Desktop\sparta代码修改流程\sparta-master\lib\kokkos\core\src\decl\Kokkos_Declare_CUDA.hpp
	    New File  		    1738	C:\Users\DELL\OneDrive\Desktop\sparta代码修改流程\sparta-master\lib\kokkos\core\src\decl\Kokkos_Declare_HIP.hpp
	    New File  		     752	C:\Users\DELL\OneDrive\Desktop\sparta代码修改流程\sparta-master\lib\kokkos\core\src\decl\Kokkos_Declare_HPX.hpp
	    New File  		    1335	C:\Users\DELL\OneDrive\Desktop\sparta代码修改流程\sparta-master\lib\kokkos\core\src\decl\Kokkos_Declare_OPENACC.hpp
	    New File  		     972	C:\Users\DELL\OneDrive\Desktop\sparta代码修改流程\sparta-master\lib\kokkos\core\src\decl\Kokkos_Declare_OPENMP.hpp
	    New File  		    1385	C:\Users\DELL\OneDrive\Desktop\sparta代码修改流程\sparta-master\lib\kokkos\core\src\decl\Kokkos_Declare_OPENMPTARGET.hpp
	    New File  		     820	C:\Users\DELL\OneDrive\Desktop\sparta代码修改流程\sparta-master\lib\kokkos\core\src\decl\Kokkos_Declare_SERIAL.hpp
	    New File  		    1806	C:\Users\DELL\OneDrive\Desktop\sparta代码修改流程\sparta-master\lib\kokkos\core\src\decl\Kokkos_Declare_SYCL.hpp
	    New File  		    1324	C:\Users\DELL\OneDrive\Desktop\sparta代码修改流程\sparta-master\lib\kokkos\core\src\decl\Kokkos_Declare_THREADS.hpp
	    New File  		    1314	C:\Users\DELL\OneDrive\Desktop\sparta代码修改流程\sparta-master\lib\kokkos\core\src\fwd\Kokkos_Fwd_CUDA.hpp
	    New File  		     979	C:\Users\DELL\OneDrive\Desktop\sparta代码修改流程\sparta-master\lib\kokkos\core\src\fwd\Kokkos_Fwd_HIP.hpp
	    New File  		     819	C:\Users\DELL\OneDrive\Desktop\sparta代码修改流程\sparta-master\lib\kokkos\core\src\fwd\Kokkos_Fwd_HPX.hpp
	    New File  		     845	C:\Users\DELL\OneDrive\Desktop\sparta代码修改流程\sparta-master\lib\kokkos\core\src\fwd\Kokkos_Fwd_OPENACC.hpp
	    New File  		     766	C:\Users\DELL\OneDrive\Desktop\sparta代码修改流程\sparta-master\lib\kokkos\core\src\fwd\Kokkos_Fwd_OPENMP.hpp
	    New File  		     875	C:\Users\DELL\OneDrive\Desktop\sparta代码修改流程\sparta-master\lib\kokkos\core\src\fwd\Kokkos_Fwd_OPENMPTARGET.hpp
	    New File  		     779	C:\Users\DELL\OneDrive\Desktop\sparta代码修改流程\sparta-master\lib\kokkos\core\src\fwd\Kokkos_Fwd_SERIAL.hpp
	    New File  		    1163	C:\Users\DELL\OneDrive\Desktop\sparta代码修改流程\sparta-master\lib\kokkos\core\src\fwd\Kokkos_Fwd_SYCL.hpp
	    New File  		     791	C:\Users\DELL\OneDrive\Desktop\sparta代码修改流程\sparta-master\lib\kokkos\core\src\fwd\Kokkos_Fwd_THREADS.hpp
	    New File  		    7557	C:\Users\DELL\OneDrive\Desktop\sparta代码修改流程\sparta-master\lib\kokkos\core\src\HIP\Kokkos_HIP.cpp
	    New File  		    4493	C:\Users\DELL\OneDrive\Desktop\sparta代码修改流程\sparta-master\lib\kokkos\core\src\HIP\Kokkos_HIP.hpp
	    New File  		    1287	C:\Users\DELL\OneDrive\Desktop\sparta代码修改流程\sparta-master\lib\kokkos\core\src\HIP\Kokkos_HIP_Abort.hpp
	    New File  		   11521	C:\Users\DELL\OneDrive\Desktop\sparta代码修改流程\sparta-master\lib\kokkos\core\src\HIP\Kokkos_HIP_BlockSize_Deduction.hpp
	    New File  		    1988	C:\Users\DELL\OneDrive\Desktop\sparta代码修改流程\sparta-master\lib\kokkos\core\src\HIP\Kokkos_HIP_DeepCopy.cpp
	    New File  		    4648	C:\Users\DELL\OneDrive\Desktop\sparta代码修改流程\sparta-master\lib\kokkos\core\src\HIP\Kokkos_HIP_DeepCopy.hpp
	    New File  		    1339	C:\Users\DELL\OneDrive\Desktop\sparta代码修改流程\sparta-master\lib\kokkos\core\src\HIP\Kokkos_HIP_Error.hpp
	    New File  		    6844	C:\Users\DELL\OneDrive\Desktop\sparta代码修改流程\sparta-master\lib\kokkos\core\src\HIP\Kokkos_HIP_GraphNodeKernel.hpp
	    New File  		    1631	C:\Users\DELL\OneDrive\Desktop\sparta代码修改流程\sparta-master\lib\kokkos\core\src\HIP\Kokkos_HIP_GraphNode_Impl.hpp
	    New File  		    9374	C:\Users\DELL\OneDrive\Desktop\sparta代码修改流程\sparta-master\lib\kokkos\core\src\HIP\Kokkos_HIP_Graph_Impl.hpp
	    New File  		    5897	C:\Users\DELL\OneDrive\Desktop\sparta代码修改流程\sparta-master\lib\kokkos\core\src\HIP\Kokkos_HIP_Half_Conversion.hpp
	    New File  		    1039	C:\Users\DELL\OneDrive\Desktop\sparta代码修改流程\sparta-master\lib\kokkos\core\src\HIP\Kokkos_HIP_Half_Impl_Type.hpp
	    New File  		   16931	C:\Users\DELL\OneDrive\Desktop\sparta代码修改流程\sparta-master\lib\kokkos\core\src\HIP\Kokkos_HIP_Instance.cpp
	    New File  		   13814	C:\Users\DELL\OneDrive\Desktop\sparta代码修改流程\sparta-master\lib\kokkos\core\src\HIP\Kokkos_HIP_Instance.hpp
	    New File  		    2459	C:\Users\DELL\OneDrive\Desktop\sparta代码修改流程\sparta-master\lib\kokkos\core\src\HIP\Kokkos_HIP_IsXnack.cpp
	    New File  		    2515	C:\Users\DELL\OneDrive\Desktop\sparta代码修改流程\sparta-master\lib\kokkos\core\src\HIP\Kokkos_HIP_IsXnack.hpp
	    New File  		   27563	C:\Users\DELL\OneDrive\Desktop\sparta代码修改流程\sparta-master\lib\kokkos\core\src\HIP\Kokkos_HIP_KernelLaunch.hpp
	    New File  		    1720	C:\Users\DELL\OneDrive\Desktop\sparta代码修改流程\sparta-master\lib\kokkos\core\src\HIP\Kokkos_HIP_MDRangePolicy.hpp
	    New File  		    7690	C:\Users\DELL\OneDrive\Desktop\sparta代码修改流程\sparta-master\lib\kokkos\core\src\HIP\Kokkos_HIP_ParallelFor_MDRange.hpp
	    New File  		    3464	C:\Users\DELL\OneDrive\Desktop\sparta代码修改流程\sparta-master\lib\kokkos\core\src\HIP\Kokkos_HIP_ParallelFor_Range.hpp
	    New File  		    6686	C:\Users\DELL\OneDrive\Desktop\sparta代码修改流程\sparta-master\lib\kokkos\core\src\HIP\Kokkos_HIP_ParallelFor_Team.hpp
	    New File  		    9731	C:\Users\DELL\OneDrive\Desktop\sparta代码修改流程\sparta-master\lib\kokkos\core\src\HIP\Kokkos_HIP_ParallelReduce_MDRange.hpp
	    New File  		   14107	C:\Users\DELL\OneDrive\Desktop\sparta代码修改流程\sparta-master\lib\kokkos\core\src\HIP\Kokkos_HIP_ParallelReduce_Range.hpp
	    New File  		   16121	C:\Users\DELL\OneDrive\Desktop\sparta代码修改流程\sparta-master\lib\kokkos\core\src\HIP\Kokkos_HIP_ParallelReduce_Team.hpp
	    New File  		   15415	C:\Users\DELL\OneDrive\Desktop\sparta代码修改流程\sparta-master\lib\kokkos\core\src\HIP\Kokkos_HIP_ParallelScan_Range.hpp
	    New File  		   20313	C:\Users\DELL\OneDrive\Desktop\sparta代码修改流程\sparta-master\lib\kokkos\core\src\HIP\Kokkos_HIP_ReduceScan.hpp
	    New File  		    1233	C:\Users\DELL\OneDrive\Desktop\sparta代码修改流程\sparta-master\lib\kokkos\core\src\HIP\Kokkos_HIP_SharedAllocationRecord.cpp
	    New File  		    1103	C:\Users\DELL\OneDrive\Desktop\sparta代码修改流程\sparta-master\lib\kokkos\core\src\HIP\Kokkos_HIP_SharedAllocationRecord.hpp
	    New File  		    6088	C:\Users\DELL\OneDrive\Desktop\sparta代码修改流程\sparta-master\lib\kokkos\core\src\HIP\Kokkos_HIP_Shuffle_Reduce.hpp
	    New File  		   13239	C:\Users\DELL\OneDrive\Desktop\sparta代码修改流程\sparta-master\lib\kokkos\core\src\HIP\Kokkos_HIP_Space.cpp
	    New File  		   14463	C:\Users\DELL\OneDrive\Desktop\sparta代码修改流程\sparta-master\lib\kokkos\core\src\HIP\Kokkos_HIP_Space.hpp
	    New File  		   36026	C:\Users\DELL\OneDrive\Desktop\sparta代码修改流程\sparta-master\lib\kokkos\core\src\HIP\Kokkos_HIP_Team.hpp
	    New File  		   16190	C:\Users\DELL\OneDrive\Desktop\sparta代码修改流程\sparta-master\lib\kokkos\core\src\HIP\Kokkos_HIP_TeamPolicyInternal.hpp
	    New File  		    4834	C:\Users\DELL\OneDrive\Desktop\sparta代码修改流程\sparta-master\lib\kokkos\core\src\HIP\Kokkos_HIP_UniqueToken.hpp
	    New File  		    5787	C:\Users\DELL\OneDrive\Desktop\sparta代码修改流程\sparta-master\lib\kokkos\core\src\HIP\Kokkos_HIP_Vectorization.hpp
	    New File  		    2447	C:\Users\DELL\OneDrive\Desktop\sparta代码修改流程\sparta-master\lib\kokkos\core\src\HIP\Kokkos_HIP_WorkGraphPolicy.hpp
	    New File  		    1266	C:\Users\DELL\OneDrive\Desktop\sparta代码修改流程\sparta-master\lib\kokkos\core\src\HIP\Kokkos_HIP_ZeroMemset.cpp
	    New File  		    1760	C:\Users\DELL\OneDrive\Desktop\sparta代码修改流程\sparta-master\lib\kokkos\core\src\HIP\Kokkos_HIP_ZeroMemset.hpp
	    New File  		   10321	C:\Users\DELL\OneDrive\Desktop\sparta代码修改流程\sparta-master\lib\kokkos\core\src\HPX\Kokkos_HPX.cpp
	    New File  		   75116	C:\Users\DELL\OneDrive\Desktop\sparta代码修改流程\sparta-master\lib\kokkos\core\src\HPX\Kokkos_HPX.hpp
	    New File  		    1044	C:\Users\DELL\OneDrive\Desktop\sparta代码修改流程\sparta-master\lib\kokkos\core\src\HPX\Kokkos_HPX_MDRangePolicy.hpp
	    New File  		    1319	C:\Users\DELL\OneDrive\Desktop\sparta代码修改流程\sparta-master\lib\kokkos\core\src\HPX\Kokkos_HPX_Task.cpp
	    New File  		    9468	C:\Users\DELL\OneDrive\Desktop\sparta代码修改流程\sparta-master\lib\kokkos\core\src\HPX\Kokkos_HPX_Task.hpp
	    New File  		    1960	C:\Users\DELL\OneDrive\Desktop\sparta代码修改流程\sparta-master\lib\kokkos\core\src\HPX\Kokkos_HPX_WorkGraphPolicy.hpp
	    New File  		    6227	C:\Users\DELL\OneDrive\Desktop\sparta代码修改流程\sparta-master\lib\kokkos\core\src\Serial\Kokkos_Serial.cpp
	    New File  		    9387	C:\Users\DELL\OneDrive\Desktop\sparta代码修改流程\sparta-master\lib\kokkos\core\src\Serial\Kokkos_Serial.hpp
	    New File  		     999	C:\Users\DELL\OneDrive\Desktop\sparta代码修改流程\sparta-master\lib\kokkos\core\src\Serial\Kokkos_Serial_MDRangePolicy.hpp
	    New File  		    5873	C:\Users\DELL\OneDrive\Desktop\sparta代码修改流程\sparta-master\lib\kokkos\core\src\Serial\Kokkos_Serial_Parallel_MDRange.hpp
	    New File  		   11775	C:\Users\DELL\OneDrive\Desktop\sparta代码修改流程\sparta-master\lib\kokkos\core\src\Serial\Kokkos_Serial_Parallel_Range.hpp
	    New File  		   13960	C:\Users\DELL\OneDrive\Desktop\sparta代码修改流程\sparta-master\lib\kokkos\core\src\Serial\Kokkos_Serial_Parallel_Team.hpp
	    New File  		    1246	C:\Users\DELL\OneDrive\Desktop\sparta代码修改流程\sparta-master\lib\kokkos\core\src\Serial\Kokkos_Serial_Task.cpp
	    New File  		    7559	C:\Users\DELL\OneDrive\Desktop\sparta代码修改流程\sparta-master\lib\kokkos\core\src\Serial\Kokkos_Serial_Task.hpp
	    New File  		    2474	C:\Users\DELL\OneDrive\Desktop\sparta代码修改流程\sparta-master\lib\kokkos\core\src\Serial\Kokkos_Serial_UniqueToken.hpp
	    New File  		    1908	C:\Users\DELL\OneDrive\Desktop\sparta代码修改流程\sparta-master\lib\kokkos\core\src\Serial\Kokkos_Serial_WorkGraphPolicy.hpp
	    New File  		    1383	C:\Users\DELL\OneDrive\Desktop\sparta代码修改流程\sparta-master\lib\kokkos\core\src\Serial\Kokkos_Serial_ZeroMemset.hpp
	    New File  		  137169	C:\Users\DELL\OneDrive\Desktop\sparta代码修改流程\sparta-master\lib\kokkos\core\src\impl\KokkosExp_Host_IterateTile.hpp
	    New File  		   56421	C:\Users\DELL\OneDrive\Desktop\sparta代码修改流程\sparta-master\lib\kokkos\core\src\impl\KokkosExp_IterateTileGPU.hpp
	    New File  		    1132	C:\Users\DELL\OneDrive\Desktop\sparta代码修改流程\sparta-master\lib\kokkos\core\src\impl\Kokkos_Abort.cpp
	    New File  		    7649	C:\Users\DELL\OneDrive\Desktop\sparta代码修改流程\sparta-master\lib\kokkos\core\src\impl\Kokkos_AnalyzePolicy.hpp
	    New File  		    9708	C:\Users\DELL\OneDrive\Desktop\sparta代码修改流程\sparta-master\lib\kokkos\core\src\impl\Kokkos_ChaseLev.hpp
	    New File  		    1672	C:\Users\DELL\OneDrive\Desktop\sparta代码修改流程\sparta-master\lib\kokkos\core\src\impl\Kokkos_CheckedIntegerOps.hpp
	    New File  		    3681	C:\Users\DELL\OneDrive\Desktop\sparta代码修改流程\sparta-master\lib\kokkos\core\src\impl\Kokkos_ClockTic.hpp
	    New File  		   28024	C:\Users\DELL\OneDrive\Desktop\sparta代码修改流程\sparta-master\lib\kokkos\core\src\impl\Kokkos_Combined_Reducer.hpp
	    New File  		    7590	C:\Users\DELL\OneDrive\Desktop\sparta代码修改流程\sparta-master\lib\kokkos\core\src\impl\Kokkos_Command_Line_Parsing.cpp
	    New File  		    1726	C:\Users\DELL\OneDrive\Desktop\sparta代码修改流程\sparta-master\lib\kokkos\core\src\impl\Kokkos_Command_Line_Parsing.hpp
	    New File  		   10595	C:\Users\DELL\OneDrive\Desktop\sparta代码修改流程\sparta-master\lib\kokkos\core\src\impl\Kokkos_ConcurrentBitset.hpp
	    New File  		   44441	C:\Users\DELL\OneDrive\Desktop\sparta代码修改流程\sparta-master\lib\kokkos\core\src\impl\Kokkos_Core.cpp
	    New File  		    1733	C:\Users\DELL\OneDrive\Desktop\sparta代码修改流程\sparta-master\lib\kokkos\core\src\impl\Kokkos_CPUDiscovery.cpp
	    New File  		     802	C:\Users\DELL\OneDrive\Desktop\sparta代码修改流程\sparta-master\lib\kokkos\core\src\impl\Kokkos_CPUDiscovery.hpp
	    New File  		    4362	C:\Users\DELL\OneDrive\Desktop\sparta代码修改流程\sparta-master\lib\kokkos\core\src\impl\Kokkos_Default_GraphNodeKernel.hpp
	    New File  		    5615	C:\Users\DELL\OneDrive\Desktop\sparta代码修改流程\sparta-master\lib\kokkos\core\src\impl\Kokkos_Default_GraphNode_Impl.hpp
	    New File  		     955	C:\Users\DELL\OneDrive\Desktop\sparta代码修改流程\sparta-master\lib\kokkos\core\src\impl\Kokkos_Default_Graph_fwd.hpp
	    New File  		    7038	C:\Users\DELL\OneDrive\Desktop\sparta代码修改流程\sparta-master\lib\kokkos\core\src\impl\Kokkos_Default_Graph_Impl.hpp
	    New File  		     913	C:\Users\DELL\OneDrive\Desktop\sparta代码修改流程\sparta-master\lib\kokkos\core\src\impl\Kokkos_DesulAtomicsConfig.hpp
	    New File  		    1117	C:\Users\DELL\OneDrive\Desktop\sparta代码修改流程\sparta-master\lib\kokkos\core\src\impl\Kokkos_DeviceManagement.hpp
	    New File  		    9356	C:\Users\DELL\OneDrive\Desktop\sparta代码修改流程\sparta-master\lib\kokkos\core\src\impl\Kokkos_EBO.hpp
	    New File  		    2097	C:\Users\DELL\OneDrive\Desktop\sparta代码修改流程\sparta-master\lib\kokkos\core\src\impl\Kokkos_Error.cpp
	    New File  		    1101	C:\Users\DELL\OneDrive\Desktop\sparta代码修改流程\sparta-master\lib\kokkos\core\src\impl\Kokkos_Error.hpp
	    New File  		    1363	C:\Users\DELL\OneDrive\Desktop\sparta代码修改流程\sparta-master\lib\kokkos\core\src\impl\Kokkos_ExecPolicy.cpp
	    New File  		    6039	C:\Users\DELL\OneDrive\Desktop\sparta代码修改流程\sparta-master\lib\kokkos\core\src\impl\Kokkos_ExecSpaceManager.hpp
	    New File  		   35221	C:\Users\DELL\OneDrive\Desktop\sparta代码修改流程\sparta-master\lib\kokkos\core\src\impl\Kokkos_FunctorAnalysis.hpp
	    New File  		    4148	C:\Users\DELL\OneDrive\Desktop\sparta代码修改流程\sparta-master\lib\kokkos\core\src\impl\Kokkos_GraphImpl.hpp
	    New File  		    2364	C:\Users\DELL\OneDrive\Desktop\sparta代码修改流程\sparta-master\lib\kokkos\core\src\impl\Kokkos_GraphImpl_fwd.hpp
	    New File  		    3343	C:\Users\DELL\OneDrive\Desktop\sparta代码修改流程\sparta-master\lib\kokkos\core\src\impl\Kokkos_GraphImpl_Utilities.hpp
	    New File  		    2528	C:\Users\DELL\OneDrive\Desktop\sparta代码修改流程\sparta-master\lib\kokkos\core\src\impl\Kokkos_GraphNodeCustomization.hpp
	    New File  		   11592	C:\Users\DELL\OneDrive\Desktop\sparta代码修改流程\sparta-master\lib\kokkos\core\src\impl\Kokkos_GraphNodeImpl.hpp
	    New File  		    2000	C:\Users\DELL\OneDrive\Desktop\sparta代码修改流程\sparta-master\lib\kokkos\core\src\impl\Kokkos_GraphNodeThenImpl.hpp
	    New File  		   34152	C:\Users\DELL\OneDrive\Desktop\sparta代码修改流程\sparta-master\lib\kokkos\core\src\impl\Kokkos_Half_FloatingPointWrapper.hpp
	    New File  		   21797	C:\Users\DELL\OneDrive\Desktop\sparta代码修改流程\sparta-master\lib\kokkos\core\src\impl\Kokkos_Half_MathematicalFunctions.hpp
	    New File  		   13525	C:\Users\DELL\OneDrive\Desktop\sparta代码修改流程\sparta-master\lib\kokkos\core\src\impl\Kokkos_Half_NumericTraits.hpp
	    New File  		    1863	C:\Users\DELL\OneDrive\Desktop\sparta代码修改流程\sparta-master\lib\kokkos\core\src\impl\Kokkos_HostBarrier.cpp
	    New File  		    7732	C:\Users\DELL\OneDrive\Desktop\sparta代码修改流程\sparta-master\lib\kokkos\core\src\impl\Kokkos_HostBarrier.hpp
	    New File  		    4506	C:\Users\DELL\OneDrive\Desktop\sparta代码修改流程\sparta-master\lib\kokkos\core\src\impl\Kokkos_HostSharedPtr.hpp
	    New File  		    4205	C:\Users\DELL\OneDrive\Desktop\sparta代码修改流程\sparta-master\lib\kokkos\core\src\impl\Kokkos_HostSpace.cpp
	    New File  		    5432	C:\Users\DELL\OneDrive\Desktop\sparta代码修改流程\sparta-master\lib\kokkos\core\src\impl\Kokkos_HostSpace_deepcopy.cpp
	    New File  		    1278	C:\Users\DELL\OneDrive\Desktop\sparta代码修改流程\sparta-master\lib\kokkos\core\src\impl\Kokkos_HostSpace_deepcopy.hpp
	    New File  		    1341	C:\Users\DELL\OneDrive\Desktop\sparta代码修改流程\sparta-master\lib\kokkos\core\src\impl\Kokkos_HostSpace_ZeroMemset.hpp
	    New File  		    9693	C:\Users\DELL\OneDrive\Desktop\sparta代码修改流程\sparta-master\lib\kokkos\core\src\impl\Kokkos_HostThreadTeam.cpp
	    New File  		   40719	C:\Users\DELL\OneDrive\Desktop\sparta代码修改流程\sparta-master\lib\kokkos\core\src\impl\Kokkos_HostThreadTeam.hpp
	    New File  		   22903	C:\Users\DELL\OneDrive\Desktop\sparta代码修改流程\sparta-master\lib\kokkos\core\src\impl\Kokkos_hwloc.cpp
	    New File  		    3864	C:\Users\DELL\OneDrive\Desktop\sparta代码修改流程\sparta-master\lib\kokkos\core\src\impl\Kokkos_InitializationSettings.hpp
	    New File  		   12957	C:\Users\DELL\OneDrive\Desktop\sparta代码修改流程\sparta-master\lib\kokkos\core\src\impl\Kokkos_LIFO.hpp
	    New File  		    4781	C:\Users\DELL\OneDrive\Desktop\sparta代码修改流程\sparta-master\lib\kokkos\core\src\impl\Kokkos_LinkedListNode.hpp
	    New File  		    4361	C:\Users\DELL\OneDrive\Desktop\sparta代码修改流程\sparta-master\lib\kokkos\core\src\impl\Kokkos_MemoryPool.cpp
	    New File  		   19184	C:\Users\DELL\OneDrive\Desktop\sparta代码修改流程\sparta-master\lib\kokkos\core\src\impl\Kokkos_MultipleTaskQueue.hpp
	    New File  		    2299	C:\Users\DELL\OneDrive\Desktop\sparta代码修改流程\sparta-master\lib\kokkos\core\src\impl\Kokkos_NvidiaGpuArchitectures.hpp
	    New File  		    5297	C:\Users\DELL\OneDrive\Desktop\sparta代码修改流程\sparta-master\lib\kokkos\core\src\impl\Kokkos_OptionalRef.hpp
	    New File  		    1092	C:\Users\DELL\OneDrive\Desktop\sparta代码修改流程\sparta-master\lib\kokkos\core\src\impl\Kokkos_ParseCommandLineArgumentsAndEnvironmentVariables.hpp
	    New File  		   46319	C:\Users\DELL\OneDrive\Desktop\sparta代码修改流程\sparta-master\lib\kokkos\core\src\impl\Kokkos_Profiling.cpp
	    New File  		   13645	C:\Users\DELL\OneDrive\Desktop\sparta代码修改流程\sparta-master\lib\kokkos\core\src\impl\Kokkos_Profiling.hpp
	    New File  		   10953	C:\Users\DELL\OneDrive\Desktop\sparta代码修改流程\sparta-master\lib\kokkos\core\src\impl\Kokkos_Profiling_C_Interface.h
	    New File  		     860	C:\Users\DELL\OneDrive\Desktop\sparta代码修改流程\sparta-master\lib\kokkos\core\src\impl\Kokkos_Profiling_DeviceInfo.hpp
	    New File  		    8966	C:\Users\DELL\OneDrive\Desktop\sparta代码修改流程\sparta-master\lib\kokkos\core\src\impl\Kokkos_Profiling_Interface.hpp
	    New File  		    9543	C:\Users\DELL\OneDrive\Desktop\sparta代码修改流程\sparta-master\lib\kokkos\core\src\impl\Kokkos_QuadPrecisionMath.hpp
	    New File  		   11448	C:\Users\DELL\OneDrive\Desktop\sparta代码修改流程\sparta-master\lib\kokkos\core\src\impl\Kokkos_SharedAlloc.cpp
	    New File  		   28143	C:\Users\DELL\OneDrive\Desktop\sparta代码修改流程\sparta-master\lib\kokkos\core\src\impl\Kokkos_SharedAlloc.hpp
	    New File  		   11794	C:\Users\DELL\OneDrive\Desktop\sparta代码修改流程\sparta-master\lib\kokkos\core\src\impl\Kokkos_SharedAlloc_timpl.hpp
	    New File  		   18472	C:\Users\DELL\OneDrive\Desktop\sparta代码修改流程\sparta-master\lib\kokkos\core\src\impl\Kokkos_SimpleTaskScheduler.hpp
	    New File  		    5723	C:\Users\DELL\OneDrive\Desktop\sparta代码修改流程\sparta-master\lib\kokkos\core\src\impl\Kokkos_SingleTaskQueue.hpp
	    New File  		    7075	C:\Users\DELL\OneDrive\Desktop\sparta代码修改流程\sparta-master\lib\kokkos\core\src\impl\Kokkos_Stacktrace.cpp
	    New File  		    2034	C:\Users\DELL\OneDrive\Desktop\sparta代码修改流程\sparta-master\lib\kokkos\core\src\impl\Kokkos_Stacktrace.hpp
	    New File  		    5384	C:\Users\DELL\OneDrive\Desktop\sparta代码修改流程\sparta-master\lib\kokkos\core\src\impl\Kokkos_StringManipulation.hpp
	    New File  		   11031	C:\Users\DELL\OneDrive\Desktop\sparta代码修改流程\sparta-master\lib\kokkos\core\src\impl\Kokkos_TaskBase.hpp
	    New File  		   22458	C:\Users\DELL\OneDrive\Desktop\sparta代码修改流程\sparta-master\lib\kokkos\core\src\impl\Kokkos_TaskNode.hpp
	    New File  		    4964	C:\Users\DELL\OneDrive\Desktop\sparta代码修改流程\sparta-master\lib\kokkos\core\src\impl\Kokkos_TaskPolicyData.hpp
	    New File  		    7059	C:\Users\DELL\OneDrive\Desktop\sparta代码修改流程\sparta-master\lib\kokkos\core\src\impl\Kokkos_TaskQueue.hpp
	    New File  		   20063	C:\Users\DELL\OneDrive\Desktop\sparta代码修改流程\sparta-master\lib\kokkos\core\src\impl\Kokkos_TaskQueueCommon.hpp
	    New File  		    6984	C:\Users\DELL\OneDrive\Desktop\sparta代码修改流程\sparta-master\lib\kokkos\core\src\impl\Kokkos_TaskQueueMemoryManager.hpp
	    New File  		    9107	C:\Users\DELL\OneDrive\Desktop\sparta代码修改流程\sparta-master\lib\kokkos\core\src\impl\Kokkos_TaskQueueMultiple.hpp
	    New File  		    1332	C:\Users\DELL\OneDrive\Desktop\sparta代码修改流程\sparta-master\lib\kokkos\core\src\impl\Kokkos_TaskQueueMultiple_impl.hpp
	    New File  		   22696	C:\Users\DELL\OneDrive\Desktop\sparta代码修改流程\sparta-master\lib\kokkos\core\src\impl\Kokkos_TaskQueue_impl.hpp
	    New File  		    3558	C:\Users\DELL\OneDrive\Desktop\sparta代码修改流程\sparta-master\lib\kokkos\core\src\impl\Kokkos_TaskResult.hpp
	    New File  		    3298	C:\Users\DELL\OneDrive\Desktop\sparta代码修改流程\sparta-master\lib\kokkos\core\src\impl\Kokkos_TaskTeamMember.hpp
	    New File  		   12455	C:\Users\DELL\OneDrive\Desktop\sparta代码修改流程\sparta-master\lib\kokkos\core\src\impl\Kokkos_TeamMDPolicy.hpp
	    New File  		     754	C:\Users\DELL\OneDrive\Desktop\sparta代码修改流程\sparta-master\lib\kokkos\core\src\impl\Kokkos_Tools.hpp
	    New File  		   24490	C:\Users\DELL\OneDrive\Desktop\sparta代码修改流程\sparta-master\lib\kokkos\core\src\impl\Kokkos_Tools_Generic.hpp
	    New File  		    4587	C:\Users\DELL\OneDrive\Desktop\sparta代码修改流程\sparta-master\lib\kokkos\core\src\impl\Kokkos_Traits.hpp
	    New File  		    8476	C:\Users\DELL\OneDrive\Desktop\sparta代码修改流程\sparta-master\lib\kokkos\core\src\impl\Kokkos_Utilities.hpp
	    New File  		    8948	C:\Users\DELL\OneDrive\Desktop\sparta代码修改流程\sparta-master\lib\kokkos\core\src\impl\Kokkos_VLAEmulation.hpp
	    New File  		    5410	C:\Users\DELL\OneDrive\Desktop\sparta代码修改流程\sparta-master\lib\kokkos\core\src\impl\Kokkos_Volatile_Load.hpp
	    New File  		     820	C:\Users\DELL\OneDrive\Desktop\sparta代码修改流程\sparta-master\lib\kokkos\core\src\impl\Kokkos_ZeroMemset_fwd.hpp
	    New File  		    4820	C:\Users\DELL\OneDrive\Desktop\sparta代码修改流程\sparta-master\lib\kokkos\core\src\OpenMPTarget\Kokkos_OpenMPTarget.hpp
	    New File  		    6610	C:\Users\DELL\OneDrive\Desktop\sparta代码修改流程\sparta-master\lib\kokkos\core\src\OpenACC\Kokkos_OpenACC.cpp
	    New File  		    4137	C:\Users\DELL\OneDrive\Desktop\sparta代码修改流程\sparta-master\lib\kokkos\core\src\OpenMPTarget\Kokkos_OpenMPTargetSpace.cpp
	    New File  		    3656	C:\Users\DELL\OneDrive\Desktop\sparta代码修改流程\sparta-master\lib\kokkos\core\src\OpenACC\Kokkos_OpenACC.hpp
	    New File  		    5204	C:\Users\DELL\OneDrive\Desktop\sparta代码修改流程\sparta-master\lib\kokkos\core\src\OpenMPTarget\Kokkos_OpenMPTargetSpace.hpp
	    New File  		     924	C:\Users\DELL\OneDrive\Desktop\sparta代码修改流程\sparta-master\lib\kokkos\core\src\OpenMPTarget\Kokkos_OpenMPTarget_Abort.hpp
	    New File  		    3805	C:\Users\DELL\OneDrive\Desktop\sparta代码修改流程\sparta-master\lib\kokkos\core\src\OpenACC\Kokkos_OpenACCSpace.cpp
	    New File  		    4333	C:\Users\DELL\OneDrive\Desktop\sparta代码修改流程\sparta-master\lib\kokkos\core\src\OpenACC\Kokkos_OpenACCSpace.hpp
	    New File  		    3663	C:\Users\DELL\OneDrive\Desktop\sparta代码修改流程\sparta-master\lib\kokkos\core\src\OpenMPTarget\Kokkos_OpenMPTarget_DeepCopy.hpp
	    New File  		    1313	C:\Users\DELL\OneDrive\Desktop\sparta代码修改流程\sparta-master\lib\kokkos\core\src\OpenMPTarget\Kokkos_OpenMPTarget_Error.hpp
	    New File  		    1431	C:\Users\DELL\OneDrive\Desktop\sparta代码修改流程\sparta-master\lib\kokkos\core\src\OpenMPTarget\Kokkos_OpenMPTarget_FunctorAdapter.hpp
	    New File  		    5043	C:\Users\DELL\OneDrive\Desktop\sparta代码修改流程\sparta-master\lib\kokkos\core\src\OpenACC\Kokkos_OpenACC_DeepCopy.hpp
	    New File  		   10469	C:\Users\DELL\OneDrive\Desktop\sparta代码修改流程\sparta-master\lib\kokkos\core\src\OpenMPTarget\Kokkos_OpenMPTarget_Instance.cpp
	    New File  		    2303	C:\Users\DELL\OneDrive\Desktop\sparta代码修改流程\sparta-master\lib\kokkos\core\src\OpenACC\Kokkos_OpenACC_FunctorAdapter.hpp
	    New File  		    2581	C:\Users\DELL\OneDrive\Desktop\sparta代码修改流程\sparta-master\lib\kokkos\core\src\OpenMPTarget\Kokkos_OpenMPTarget_Instance.hpp
	    New File  		    1525	C:\Users\DELL\OneDrive\Desktop\sparta代码修改流程\sparta-master\lib\kokkos\core\src\OpenMPTarget\Kokkos_OpenMPTarget_Macros.hpp
	    New File  		    3173	C:\Users\DELL\OneDrive\Desktop\sparta代码修改流程\sparta-master\lib\kokkos\core\src\OpenACC\Kokkos_OpenACC_Instance.cpp
	    New File  		    1558	C:\Users\DELL\OneDrive\Desktop\sparta代码修改流程\sparta-master\lib\kokkos\core\src\OpenACC\Kokkos_OpenACC_Instance.hpp
	    New File  		    1238	C:\Users\DELL\OneDrive\Desktop\sparta代码修改流程\sparta-master\lib\kokkos\core\src\OpenMPTarget\Kokkos_OpenMPTarget_MDRangePolicy.hpp
	    New File  		     770	C:\Users\DELL\OneDrive\Desktop\sparta代码修改流程\sparta-master\lib\kokkos\core\src\OpenACC\Kokkos_OpenACC_Macros.hpp
	    New File  		   27350	C:\Users\DELL\OneDrive\Desktop\sparta代码修改流程\sparta-master\lib\kokkos\core\src\OpenMPTarget\Kokkos_OpenMPTarget_Parallel.hpp
	    New File  		   11685	C:\Users\DELL\OneDrive\Desktop\sparta代码修改流程\sparta-master\lib\kokkos\core\src\OpenMPTarget\Kokkos_OpenMPTarget_ParallelFor_MDRange.hpp
	    New File  		    1971	C:\Users\DELL\OneDrive\Desktop\sparta代码修改流程\sparta-master\lib\kokkos\core\src\OpenACC\Kokkos_OpenACC_MDRangePolicy.hpp
	    New File  		   30527	C:\Users\DELL\OneDrive\Desktop\sparta代码修改流程\sparta-master\lib\kokkos\core\src\OpenACC\Kokkos_OpenACC_ParallelFor_MDRange.hpp
	    New File  		    3622	C:\Users\DELL\OneDrive\Desktop\sparta代码修改流程\sparta-master\lib\kokkos\core\src\OpenACC\Kokkos_OpenACC_ParallelFor_Range.hpp
	    New File  		    2048	C:\Users\DELL\OneDrive\Desktop\sparta代码修改流程\sparta-master\lib\kokkos\core\src\OpenMPTarget\Kokkos_OpenMPTarget_ParallelFor_Range.hpp
	    New File  		    7596	C:\Users\DELL\OneDrive\Desktop\sparta代码修改流程\sparta-master\lib\kokkos\core\src\OpenACC\Kokkos_OpenACC_ParallelFor_Team.hpp
	    New File  		    7128	C:\Users\DELL\OneDrive\Desktop\sparta代码修改流程\sparta-master\lib\kokkos\core\src\OpenMPTarget\Kokkos_OpenMPTarget_ParallelFor_Team.hpp
	    New File  		   64290	C:\Users\DELL\OneDrive\Desktop\sparta代码修改流程\sparta-master\lib\kokkos\core\src\OpenACC\Kokkos_OpenACC_ParallelReduce_MDRange.hpp
	    New File  		   23866	C:\Users\DELL\OneDrive\Desktop\sparta代码修改流程\sparta-master\lib\kokkos\core\src\OpenMPTarget\Kokkos_OpenMPTarget_ParallelReduce_MDRange.hpp
	    New File  		   12247	C:\Users\DELL\OneDrive\Desktop\sparta代码修改流程\sparta-master\lib\kokkos\core\src\OpenACC\Kokkos_OpenACC_ParallelReduce_Range.hpp
	    New File  		    5019	C:\Users\DELL\OneDrive\Desktop\sparta代码修改流程\sparta-master\lib\kokkos\core\src\OpenMPTarget\Kokkos_OpenMPTarget_ParallelReduce_Range.hpp
	    New File  		   17271	C:\Users\DELL\OneDrive\Desktop\sparta代码修改流程\sparta-master\lib\kokkos\core\src\OpenMPTarget\Kokkos_OpenMPTarget_ParallelReduce_Team.hpp
	    New File  		   24486	C:\Users\DELL\OneDrive\Desktop\sparta代码修改流程\sparta-master\lib\kokkos\core\src\OpenACC\Kokkos_OpenACC_ParallelReduce_Team.hpp
	    New File  		   10146	C:\Users\DELL\OneDrive\Desktop\sparta代码修改流程\sparta-master\lib\kokkos\core\src\OpenMPTarget\Kokkos_OpenMPTarget_ParallelScan_Range.hpp
	    New File  		   13435	C:\Users\DELL\OneDrive\Desktop\sparta代码修改流程\sparta-master\lib\kokkos\core\src\OpenACC\Kokkos_OpenACC_ParallelScan_Range.hpp
	    New File  		    1376	C:\Users\DELL\OneDrive\Desktop\sparta代码修改流程\sparta-master\lib\kokkos\core\src\OpenACC\Kokkos_OpenACC_ScheduleType.hpp
	    New File  		     918	C:\Users\DELL\OneDrive\Desktop\sparta代码修改流程\sparta-master\lib\kokkos\core\src\OpenACC\Kokkos_OpenACC_SharedAllocationRecord.cpp
	    New File  		     870	C:\Users\DELL\OneDrive\Desktop\sparta代码修改流程\sparta-master\lib\kokkos\core\src\OpenACC\Kokkos_OpenACC_SharedAllocationRecord.hpp
	    New File  		   21038	C:\Users\DELL\OneDrive\Desktop\sparta代码修改流程\sparta-master\lib\kokkos\core\src\OpenACC\Kokkos_OpenACC_Team.hpp
	    New File  		    1403	C:\Users\DELL\OneDrive\Desktop\sparta代码修改流程\sparta-master\lib\kokkos\core\src\OpenACC\Kokkos_OpenACC_Traits.hpp
	    New File  		    5626	C:\Users\DELL\OneDrive\Desktop\sparta代码修改流程\sparta-master\lib\kokkos\core\src\OpenMPTarget\Kokkos_OpenMPTarget_ParallelScan_Team.hpp
	    New File  		   26795	C:\Users\DELL\OneDrive\Desktop\sparta代码修改流程\sparta-master\lib\kokkos\core\src\OpenMPTarget\Kokkos_OpenMPTarget_Parallel_Common.hpp
	    New File  		   15431	C:\Users\DELL\OneDrive\Desktop\sparta代码修改流程\sparta-master\lib\kokkos\core\src\OpenMPTarget\Kokkos_OpenMPTarget_Reducer.hpp
	    New File  		    3229	C:\Users\DELL\OneDrive\Desktop\sparta代码修改流程\sparta-master\lib\kokkos\core\src\OpenMPTarget\Kokkos_OpenMPTarget_UniqueToken.hpp
	    New File  		    2597	C:\Users\DELL\OneDrive\Desktop\sparta代码修改流程\sparta-master\lib\kokkos\core\src\setup\Kokkos_Setup_Cuda.hpp
	    New File  		   12998	C:\Users\DELL\OneDrive\Desktop\sparta代码修改流程\sparta-master\lib\kokkos\core\src\SYCL\Kokkos_SYCL.cpp
	    New File  		    2052	C:\Users\DELL\OneDrive\Desktop\sparta代码修改流程\sparta-master\lib\kokkos\core\src\setup\Kokkos_Setup_HIP.hpp
	    New File  		    1832	C:\Users\DELL\OneDrive\Desktop\sparta代码修改流程\sparta-master\lib\kokkos\core\src\setup\Kokkos_Setup_SYCL.hpp
	    New File  		    5236	C:\Users\DELL\OneDrive\Desktop\sparta代码修改流程\sparta-master\lib\kokkos\core\src\SYCL\Kokkos_SYCL.hpp
	    New File  		    1169	C:\Users\DELL\OneDrive\Desktop\sparta代码修改流程\sparta-master\lib\kokkos\core\src\SYCL\Kokkos_SYCL_Abort.hpp
	    New File  		    4683	C:\Users\DELL\OneDrive\Desktop\sparta代码修改流程\sparta-master\lib\kokkos\core\src\SYCL\Kokkos_SYCL_DeepCopy.hpp
	    New File  		    7066	C:\Users\DELL\OneDrive\Desktop\sparta代码修改流程\sparta-master\lib\kokkos\core\src\SYCL\Kokkos_SYCL_GraphNodeKernel.hpp
	    New File  		    1690	C:\Users\DELL\OneDrive\Desktop\sparta代码修改流程\sparta-master\lib\kokkos\core\src\SYCL\Kokkos_SYCL_GraphNode_Impl.hpp
	    New File  		    8135	C:\Users\DELL\OneDrive\Desktop\sparta代码修改流程\sparta-master\lib\kokkos\core\src\SYCL\Kokkos_SYCL_Graph_Impl.hpp
	    New File  		    8117	C:\Users\DELL\OneDrive\Desktop\sparta代码修改流程\sparta-master\lib\kokkos\core\src\SYCL\Kokkos_SYCL_Half_Conversion.hpp
	    New File  		    2086	C:\Users\DELL\OneDrive\Desktop\sparta代码修改流程\sparta-master\lib\kokkos\core\src\SYCL\Kokkos_SYCL_Half_Impl_Type.hpp
	    New File  		    6373	C:\Users\DELL\OneDrive\Desktop\sparta代码修改流程\sparta-master\lib\kokkos\core\src\SYCL\Kokkos_SYCL_Half_MathematicalFunctions.hpp
	    New File  		   14347	C:\Users\DELL\OneDrive\Desktop\sparta代码修改流程\sparta-master\lib\kokkos\core\src\SYCL\Kokkos_SYCL_Instance.cpp
	    New File  		   11196	C:\Users\DELL\OneDrive\Desktop\sparta代码修改流程\sparta-master\lib\kokkos\core\src\SYCL\Kokkos_SYCL_Instance.hpp
	    New File  		    1766	C:\Users\DELL\OneDrive\Desktop\sparta代码修改流程\sparta-master\lib\kokkos\core\src\SYCL\Kokkos_SYCL_MDRangePolicy.hpp
	    New File  		   10582	C:\Users\DELL\OneDrive\Desktop\sparta代码修改流程\sparta-master\lib\kokkos\core\src\SYCL\Kokkos_SYCL_ParallelFor_MDRange.hpp
	    New File  		    6549	C:\Users\DELL\OneDrive\Desktop\sparta代码修改流程\sparta-master\lib\kokkos\core\src\SYCL\Kokkos_SYCL_ParallelFor_Range.hpp
	    New File  		    7704	C:\Users\DELL\OneDrive\Desktop\sparta代码修改流程\sparta-master\lib\kokkos\core\src\SYCL\Kokkos_SYCL_ParallelFor_Team.hpp
	    New File  		   15860	C:\Users\DELL\OneDrive\Desktop\sparta代码修改流程\sparta-master\lib\kokkos\core\src\SYCL\Kokkos_SYCL_ParallelReduce_MDRange.hpp
	    New File  		   16042	C:\Users\DELL\OneDrive\Desktop\sparta代码修改流程\sparta-master\lib\kokkos\core\src\SYCL\Kokkos_SYCL_ParallelReduce_Range.hpp
	    New File  		   21509	C:\Users\DELL\OneDrive\Desktop\sparta代码修改流程\sparta-master\lib\kokkos\core\src\SYCL\Kokkos_SYCL_ParallelReduce_Team.hpp
	    New File  		   17594	C:\Users\DELL\OneDrive\Desktop\sparta代码修改流程\sparta-master\lib\kokkos\core\src\SYCL\Kokkos_SYCL_ParallelScan_Range.hpp
	    New File  		   10492	C:\Users\DELL\OneDrive\Desktop\sparta代码修改流程\sparta-master\lib\kokkos\core\src\SYCL\Kokkos_SYCL_Space.cpp
	    New File  		   10424	C:\Users\DELL\OneDrive\Desktop\sparta代码修改流程\sparta-master\lib\kokkos\core\src\SYCL\Kokkos_SYCL_Space.hpp
	    New File  		   41149	C:\Users\DELL\OneDrive\Desktop\sparta代码修改流程\sparta-master\lib\kokkos\core\src\SYCL\Kokkos_SYCL_Team.hpp
	    New File  		   13379	C:\Users\DELL\OneDrive\Desktop\sparta代码修改流程\sparta-master\lib\kokkos\core\src\SYCL\Kokkos_SYCL_TeamPolicy.hpp
	    New File  		    4942	C:\Users\DELL\OneDrive\Desktop\sparta代码修改流程\sparta-master\lib\kokkos\core\src\SYCL\Kokkos_SYCL_UniqueToken.hpp
	    New File  		    9707	C:\Users\DELL\OneDrive\Desktop\sparta代码修改流程\sparta-master\lib\kokkos\core\src\SYCL\Kokkos_SYCL_WorkgroupReduction.hpp
	    New File  		    1180	C:\Users\DELL\OneDrive\Desktop\sparta代码修改流程\sparta-master\lib\kokkos\core\src\SYCL\Kokkos_SYCL_ZeroMemset.hpp
	    New File  		    4015	C:\Users\DELL\OneDrive\Desktop\sparta代码修改流程\sparta-master\lib\kokkos\core\src\OpenMP\Kokkos_OpenMP.cpp
	    New File  		    6334	C:\Users\DELL\OneDrive\Desktop\sparta代码修改流程\sparta-master\lib\kokkos\core\src\OpenMP\Kokkos_OpenMP.hpp
	    New File  		   11474	C:\Users\DELL\OneDrive\Desktop\sparta代码修改流程\sparta-master\lib\kokkos\core\src\OpenMP\Kokkos_OpenMP_Instance.cpp
	    New File  		    5521	C:\Users\DELL\OneDrive\Desktop\sparta代码修改流程\sparta-master\lib\kokkos\core\src\OpenMP\Kokkos_OpenMP_Instance.hpp
	    New File  		     999	C:\Users\DELL\OneDrive\Desktop\sparta代码修改流程\sparta-master\lib\kokkos\core\src\OpenMP\Kokkos_OpenMP_MDRangePolicy.hpp
	    New File  		   13363	C:\Users\DELL\OneDrive\Desktop\sparta代码修改流程\sparta-master\lib\kokkos\core\src\OpenMP\Kokkos_OpenMP_Parallel_For.hpp
	    New File  		   18017	C:\Users\DELL\OneDrive\Desktop\sparta代码修改流程\sparta-master\lib\kokkos\core\src\OpenMP\Kokkos_OpenMP_Parallel_Reduce.hpp
	    New File  		   10136	C:\Users\DELL\OneDrive\Desktop\sparta代码修改流程\sparta-master\lib\kokkos\core\src\OpenMP\Kokkos_OpenMP_Parallel_Scan.hpp
	    New File  		    2582	C:\Users\DELL\OneDrive\Desktop\sparta代码修改流程\sparta-master\lib\kokkos\core\src\OpenMP\Kokkos_OpenMP_Task.cpp
	    New File  		   13624	C:\Users\DELL\OneDrive\Desktop\sparta代码修改流程\sparta-master\lib\kokkos\core\src\OpenMP\Kokkos_OpenMP_Task.hpp
	    New File  		   11885	C:\Users\DELL\OneDrive\Desktop\sparta代码修改流程\sparta-master\lib\kokkos\core\src\OpenMP\Kokkos_OpenMP_Team.hpp
	    New File  		    4017	C:\Users\DELL\OneDrive\Desktop\sparta代码修改流程\sparta-master\lib\kokkos\core\src\OpenMP\Kokkos_OpenMP_UniqueToken.hpp
	    New File  		    2253	C:\Users\DELL\OneDrive\Desktop\sparta代码修改流程\sparta-master\lib\kokkos\core\src\OpenMP\Kokkos_OpenMP_WorkGraphPolicy.hpp
	    New File  		    5077	C:\Users\DELL\OneDrive\Desktop\sparta代码修改流程\sparta-master\lib\kokkos\core\src\Threads\Kokkos_Threads.hpp
	    New File  		   23345	C:\Users\DELL\OneDrive\Desktop\sparta代码修改流程\sparta-master\lib\kokkos\core\src\Threads\Kokkos_Threads_Instance.cpp
	    New File  		   19358	C:\Users\DELL\OneDrive\Desktop\sparta代码修改流程\sparta-master\lib\kokkos\core\src\Threads\Kokkos_Threads_Instance.hpp
	    New File  		    1002	C:\Users\DELL\OneDrive\Desktop\sparta代码修改流程\sparta-master\lib\kokkos\core\src\Threads\Kokkos_Threads_MDRangePolicy.hpp
	    New File  		    3650	C:\Users\DELL\OneDrive\Desktop\sparta代码修改流程\sparta-master\lib\kokkos\core\src\Threads\Kokkos_Threads_ParallelFor_MDRange.hpp
	    New File  		    3913	C:\Users\DELL\OneDrive\Desktop\sparta代码修改流程\sparta-master\lib\kokkos\core\src\Threads\Kokkos_Threads_ParallelFor_Range.hpp
	    New File  		    4019	C:\Users\DELL\OneDrive\Desktop\sparta代码修改流程\sparta-master\lib\kokkos\core\src\Threads\Kokkos_Threads_ParallelFor_Team.hpp
	    New File  		    5459	C:\Users\DELL\OneDrive\Desktop\sparta代码修改流程\sparta-master\lib\kokkos\core\src\Threads\Kokkos_Threads_ParallelReduce_MDRange.hpp
	    New File  		    5974	C:\Users\DELL\OneDrive\Desktop\sparta代码修改流程\sparta-master\lib\kokkos\core\src\Threads\Kokkos_Threads_ParallelReduce_Range.hpp
	    New File  		    4850	C:\Users\DELL\OneDrive\Desktop\sparta代码修改流程\sparta-master\lib\kokkos\core\src\Threads\Kokkos_Threads_ParallelReduce_Team.hpp
	    New File  		    6791	C:\Users\DELL\OneDrive\Desktop\sparta代码修改流程\sparta-master\lib\kokkos\core\src\Threads\Kokkos_Threads_ParallelScan_Range.hpp
	    New File  		    3256	C:\Users\DELL\OneDrive\Desktop\sparta代码修改流程\sparta-master\lib\kokkos\core\src\Threads\Kokkos_Threads_Spinwait.cpp
	    New File  		    1220	C:\Users\DELL\OneDrive\Desktop\sparta代码修改流程\sparta-master\lib\kokkos\core\src\Threads\Kokkos_Threads_Spinwait.hpp
	    New File  		    1050	C:\Users\DELL\OneDrive\Desktop\sparta代码修改流程\sparta-master\lib\kokkos\core\src\Threads\Kokkos_Threads_State.hpp
	    New File  		   43002	C:\Users\DELL\OneDrive\Desktop\sparta代码修改流程\sparta-master\lib\kokkos\core\src\Threads\Kokkos_Threads_Team.hpp
	    New File  		    4065	C:\Users\DELL\OneDrive\Desktop\sparta代码修改流程\sparta-master\lib\kokkos\core\src\Threads\Kokkos_Threads_UniqueToken.hpp
	    New File  		    2470	C:\Users\DELL\OneDrive\Desktop\sparta代码修改流程\sparta-master\lib\kokkos\core\src\Threads\Kokkos_Threads_WorkGraphPolicy.hpp
	    New File  		    2617	C:\Users\DELL\OneDrive\Desktop\sparta代码修改流程\sparta-master\lib\kokkos\core\src\traits\Kokkos_ExecutionSpaceTrait.hpp
	    New File  		    1756	C:\Users\DELL\OneDrive\Desktop\sparta代码修改流程\sparta-master\lib\kokkos\core\src\traits\Kokkos_GraphKernelTrait.hpp
	    New File  		    4653	C:\Users\DELL\OneDrive\Desktop\sparta代码修改流程\sparta-master\lib\kokkos\core\src\traits\Kokkos_IndexTypeTrait.hpp
	    New File  		    2908	C:\Users\DELL\OneDrive\Desktop\sparta代码修改流程\sparta-master\lib\kokkos\core\src\traits\Kokkos_IterationPatternTrait.hpp
	    New File  		    2314	C:\Users\DELL\OneDrive\Desktop\sparta代码修改流程\sparta-master\lib\kokkos\core\src\traits\Kokkos_LaunchBoundsTrait.hpp
	    New File  		    6714	C:\Users\DELL\OneDrive\Desktop\sparta代码修改流程\sparta-master\lib\kokkos\core\src\traits\Kokkos_OccupancyControlTrait.hpp
	    New File  		    5496	C:\Users\DELL\OneDrive\Desktop\sparta代码修改流程\sparta-master\lib\kokkos\core\src\traits\Kokkos_PolicyTraitAdaptor.hpp
	    New File  		    1647	C:\Users\DELL\OneDrive\Desktop\sparta代码修改流程\sparta-master\lib\kokkos\core\src\traits\Kokkos_PolicyTraitMatcher.hpp
	    New File  		    3483	C:\Users\DELL\OneDrive\Desktop\sparta代码修改流程\sparta-master\lib\kokkos\core\src\traits\Kokkos_ScheduleTrait.hpp
	    New File  		    2897	C:\Users\DELL\OneDrive\Desktop\sparta代码修改流程\sparta-master\lib\kokkos\core\src\traits\Kokkos_Traits_fwd.hpp
	    New File  		    2504	C:\Users\DELL\OneDrive\Desktop\sparta代码修改流程\sparta-master\lib\kokkos\core\src\traits\Kokkos_WorkItemPropertyTrait.hpp
	    New File  		    4020	C:\Users\DELL\OneDrive\Desktop\sparta代码修改流程\sparta-master\lib\kokkos\core\src\traits\Kokkos_WorkTagTrait.hpp
	    New File  		   31515	C:\Users\DELL\OneDrive\Desktop\sparta代码修改流程\sparta-master\lib\kokkos\core\src\View\Kokkos_BasicView.hpp
	    New File  		    5660	C:\Users\DELL\OneDrive\Desktop\sparta代码修改流程\sparta-master\lib\kokkos\core\src\View\Kokkos_ViewAccessPreconditionsCheck.hpp
	    New File  		   10452	C:\Users\DELL\OneDrive\Desktop\sparta代码修改流程\sparta-master\lib\kokkos\core\src\View\Kokkos_ViewAlloc.hpp
	    New File  		    6471	C:\Users\DELL\OneDrive\Desktop\sparta代码修改流程\sparta-master\lib\kokkos\core\src\View\Kokkos_ViewAtomic.hpp
	    New File  		    4574	C:\Users\DELL\OneDrive\Desktop\sparta代码修改流程\sparta-master\lib\kokkos\core\src\View\Kokkos_ViewCommonType.hpp
	    New File  		   19583	C:\Users\DELL\OneDrive\Desktop\sparta代码修改流程\sparta-master\lib\kokkos\core\src\View\Kokkos_ViewCtor.hpp
	    New File  		   15414	C:\Users\DELL\OneDrive\Desktop\sparta代码修改流程\sparta-master\lib\kokkos\core\src\View\Kokkos_ViewDataAnalysis.hpp
	    New File  		   60159	C:\Users\DELL\OneDrive\Desktop\sparta代码修改流程\sparta-master\lib\kokkos\core\src\View\Kokkos_ViewLegacy.hpp
	    New File  		  134833	C:\Users\DELL\OneDrive\Desktop\sparta代码修改流程\sparta-master\lib\kokkos\core\src\View\Kokkos_ViewMapping.hpp
	    New File  		    3116	C:\Users\DELL\OneDrive\Desktop\sparta代码修改流程\sparta-master\lib\kokkos\core\src\View\Kokkos_ViewTracker.hpp
	    New File  		   22172	C:\Users\DELL\OneDrive\Desktop\sparta代码修改流程\sparta-master\lib\kokkos\core\src\View\Kokkos_ViewTraits.hpp
	    New File  		    3635	C:\Users\DELL\OneDrive\Desktop\sparta代码修改流程\sparta-master\lib\kokkos\core\src\View\Kokkos_ViewUniformType.hpp
	    New File  		     912	C:\Users\DELL\OneDrive\Desktop\sparta代码修改流程\sparta-master\lib\kokkos\core\unit_test\category_files\TestCudaHostPinned_Category.hpp
	    New File  		     790	C:\Users\DELL\OneDrive\Desktop\sparta代码修改流程\sparta-master\lib\kokkos\core\unit_test\category_files\TestCudaUVM_Category.hpp
	    New File  		     847	C:\Users\DELL\OneDrive\Desktop\sparta代码修改流程\sparta-master\lib\kokkos\core\unit_test\category_files\TestCuda_Category.hpp
	    New File  		     888	C:\Users\DELL\OneDrive\Desktop\sparta代码修改流程\sparta-master\lib\kokkos\core\unit_test\category_files\TestDefaultDeviceType_Category.hpp
	    New File  		     820	C:\Users\DELL\OneDrive\Desktop\sparta代码修改流程\sparta-master\lib\kokkos\core\unit_test\category_files\TestHIPHostPinned_Category.hpp
	    New File  		     805	C:\Users\DELL\OneDrive\Desktop\sparta代码修改流程\sparta-master\lib\kokkos\core\unit_test\category_files\TestHIPManaged_Category.hpp
	    New File  		     841	C:\Users\DELL\OneDrive\Desktop\sparta代码修改流程\sparta-master\lib\kokkos\core\unit_test\category_files\TestHIP_Category.hpp
	    New File  		     855	C:\Users\DELL\OneDrive\Desktop\sparta代码修改流程\sparta-master\lib\kokkos\core\unit_test\category_files\TestHPX_Category.hpp
	    New File  		     873	C:\Users\DELL\OneDrive\Desktop\sparta代码修改流程\sparta-master\lib\kokkos\core\unit_test\category_files\TestOpenACC_Category.hpp
	    New File  		     903	C:\Users\DELL\OneDrive\Desktop\sparta代码修改流程\sparta-master\lib\kokkos\core\unit_test\category_files\TestOpenMPTarget_Category.hpp
	    New File  		     853	C:\Users\DELL\OneDrive\Desktop\sparta代码修改流程\sparta-master\lib\kokkos\core\unit_test\category_files\TestOpenMP_Category.hpp
	    New File  		     859	C:\Users\DELL\OneDrive\Desktop\sparta代码修改流程\sparta-master\lib\kokkos\core\unit_test\category_files\TestSerial_Category.hpp
	    New File  		     828	C:\Users\DELL\OneDrive\Desktop\sparta代码修改流程\sparta-master\lib\kokkos\core\unit_test\category_files\TestSYCLHostUSM_Category.hpp
	    New File  		     838	C:\Users\DELL\OneDrive\Desktop\sparta代码修改流程\sparta-master\lib\kokkos\core\unit_test\category_files\TestSYCLSharedUSM_Category.hpp
	    New File  		     847	C:\Users\DELL\OneDrive\Desktop\sparta代码修改流程\sparta-master\lib\kokkos\core\unit_test\category_files\TestSYCL_Category.hpp
	    New File  		     865	C:\Users\DELL\OneDrive\Desktop\sparta代码修改流程\sparta-master\lib\kokkos\core\unit_test\category_files\TestThreads_Category.hpp
	    New File  		    3289	C:\Users\DELL\OneDrive\Desktop\sparta代码修改流程\sparta-master\lib\kokkos\core\unit_test\cuda\TestCuda_DebugPinUVMSpace.cpp
	    New File  		    4983	C:\Users\DELL\OneDrive\Desktop\sparta代码修改流程\sparta-master\lib\kokkos\core\unit_test\cuda\TestCuda_DebugSerialExecution.cpp
	    New File  		    5558	C:\Users\DELL\OneDrive\Desktop\sparta代码修改流程\sparta-master\lib\kokkos\core\unit_test\cuda\TestCuda_InterOp_Graph.cpp
	    New File  		    1665	C:\Users\DELL\OneDrive\Desktop\sparta代码修改流程\sparta-master\lib\kokkos\core\unit_test\cuda\TestCuda_InterOp_Init.cpp
	    New File  		    3220	C:\Users\DELL\OneDrive\Desktop\sparta代码修改流程\sparta-master\lib\kokkos\core\unit_test\cuda\TestCuda_InterOp_Streams.cpp
	    New File  		    5367	C:\Users\DELL\OneDrive\Desktop\sparta代码修改流程\sparta-master\lib\kokkos\core\unit_test\cuda\TestCuda_InterOp_StreamsMultiGPU.cpp
	    New File  		    4678	C:\Users\DELL\OneDrive\Desktop\sparta代码修改流程\sparta-master\lib\kokkos\core\unit_test\cuda\TestCuda_ReducerViewSizeLimit.cpp
	    New File  		   14272	C:\Users\DELL\OneDrive\Desktop\sparta代码修改流程\sparta-master\lib\kokkos\core\unit_test\cuda\TestCuda_Spaces.cpp
	    New File  		     635	C:\Users\DELL\OneDrive\Desktop\sparta代码修改流程\sparta-master\lib\kokkos\core\unit_test\cuda\TestCuda_Task.cpp
	    New File  		    3648	C:\Users\DELL\OneDrive\Desktop\sparta代码修改流程\sparta-master\lib\kokkos\core\unit_test\cuda\TestCuda_TeamScratchStreams.cpp
	    New File  		     755	C:\Users\DELL\OneDrive\Desktop\sparta代码修改流程\sparta-master\lib\kokkos\core\unit_test\default\TestDefaultDeviceDevelop.cpp
	    New File  		    1450	C:\Users\DELL\OneDrive\Desktop\sparta代码修改流程\sparta-master\lib\kokkos\core\unit_test\default\TestDefaultDeviceType.cpp
	    New File  		     864	C:\Users\DELL\OneDrive\Desktop\sparta代码修改流程\sparta-master\lib\kokkos\core\unit_test\default\TestDefaultDeviceTypeResize.cpp
	    New File  		    5697	C:\Users\DELL\OneDrive\Desktop\sparta代码修改流程\sparta-master\lib\kokkos\core\unit_test\default\TestDefaultDeviceTypeViewAPI.cpp
	    New File  		     924	C:\Users\DELL\OneDrive\Desktop\sparta代码修改流程\sparta-master\lib\kokkos\core\unit_test\default\TestDefaultDeviceType_a1.cpp
	    New File  		     925	C:\Users\DELL\OneDrive\Desktop\sparta代码修改流程\sparta-master\lib\kokkos\core\unit_test\default\TestDefaultDeviceType_a2.cpp
	    New File  		     925	C:\Users\DELL\OneDrive\Desktop\sparta代码修改流程\sparta-master\lib\kokkos\core\unit_test\default\TestDefaultDeviceType_a3.cpp
	    New File  		     924	C:\Users\DELL\OneDrive\Desktop\sparta代码修改流程\sparta-master\lib\kokkos\core\unit_test\default\TestDefaultDeviceType_b1.cpp
	    New File  		     925	C:\Users\DELL\OneDrive\Desktop\sparta代码修改流程\sparta-master\lib\kokkos\core\unit_test\default\TestDefaultDeviceType_b2.cpp
	    New File  		     925	C:\Users\DELL\OneDrive\Desktop\sparta代码修改流程\sparta-master\lib\kokkos\core\unit_test\default\TestDefaultDeviceType_b3.cpp
	    New File  		     924	C:\Users\DELL\OneDrive\Desktop\sparta代码修改流程\sparta-master\lib\kokkos\core\unit_test\default\TestDefaultDeviceType_c1.cpp
	    New File  		     925	C:\Users\DELL\OneDrive\Desktop\sparta代码修改流程\sparta-master\lib\kokkos\core\unit_test\default\TestDefaultDeviceType_c2.cpp
	    New File  		     925	C:\Users\DELL\OneDrive\Desktop\sparta代码修改流程\sparta-master\lib\kokkos\core\unit_test\default\TestDefaultDeviceType_c3.cpp
	    New File  		    1822	C:\Users\DELL\OneDrive\Desktop\sparta代码修改流程\sparta-master\lib\kokkos\core\unit_test\hip\TestHIP_AsyncLauncher.cpp
	    New File  		    2099	C:\Users\DELL\OneDrive\Desktop\sparta代码修改流程\sparta-master\lib\kokkos\core\unit_test\hip\TestHIP_BlocksizeDeduction.cpp
	    New File  		    4801	C:\Users\DELL\OneDrive\Desktop\sparta代码修改流程\sparta-master\lib\kokkos\core\unit_test\hip\TestHIP_InterOp_Graph.cpp
	    New File  		    1710	C:\Users\DELL\OneDrive\Desktop\sparta代码修改流程\sparta-master\lib\kokkos\core\unit_test\hip\TestHIP_InterOp_Init.cpp
	    New File  		    3396	C:\Users\DELL\OneDrive\Desktop\sparta代码修改流程\sparta-master\lib\kokkos\core\unit_test\hip\TestHIP_InterOp_Streams.cpp
	    New File  		    5035	C:\Users\DELL\OneDrive\Desktop\sparta代码修改流程\sparta-master\lib\kokkos\core\unit_test\hip\TestHIP_InterOp_StreamsMultiGPU.cpp
	    New File  		    2405	C:\Users\DELL\OneDrive\Desktop\sparta代码修改流程\sparta-master\lib\kokkos\core\unit_test\hip\TestHIP_Memory_Requirements.cpp
	    New File  		    2167	C:\Users\DELL\OneDrive\Desktop\sparta代码修改流程\sparta-master\lib\kokkos\core\unit_test\hip\TestHIP_ScanUnit.cpp
	    New File  		    5458	C:\Users\DELL\OneDrive\Desktop\sparta代码修改流程\sparta-master\lib\kokkos\core\unit_test\hip\TestHIP_SharedResourceLock.cpp
	    New File  		    9451	C:\Users\DELL\OneDrive\Desktop\sparta代码修改流程\sparta-master\lib\kokkos\core\unit_test\hip\TestHIP_Spaces.cpp
	    New File  		    3708	C:\Users\DELL\OneDrive\Desktop\sparta代码修改流程\sparta-master\lib\kokkos\core\unit_test\hip\TestHIP_TeamScratchStreams.cpp
	    New File  		    1693	C:\Users\DELL\OneDrive\Desktop\sparta代码修改流程\sparta-master\lib\kokkos\core\unit_test\hip\TestHIP_UnifiedMemory_ZeroMemset.cpp
	    New File  		    1656	C:\Users\DELL\OneDrive\Desktop\sparta代码修改流程\sparta-master\lib\kokkos\core\unit_test\headers_self_contained\CMakeLists.txt
	    New File  		    1075	C:\Users\DELL\OneDrive\Desktop\sparta代码修改流程\sparta-master\lib\kokkos\core\unit_test\headers_self_contained\tstHeader.cpp
	    New File  		    4866	C:\Users\DELL\OneDrive\Desktop\sparta代码修改流程\sparta-master\lib\kokkos\core\unit_test\hpx\TestHPX_IndependentInstances.cpp
	    New File  		    1667	C:\Users\DELL\OneDrive\Desktop\sparta代码修改流程\sparta-master\lib\kokkos\core\unit_test\hpx\TestHPX_IndependentInstancesDelayedExecution.cpp
	    New File  		    3322	C:\Users\DELL\OneDrive\Desktop\sparta代码修改流程\sparta-master\lib\kokkos\core\unit_test\hpx\TestHPX_IndependentInstancesInstanceIds.cpp
	    New File  		    1537	C:\Users\DELL\OneDrive\Desktop\sparta代码修改流程\sparta-master\lib\kokkos\core\unit_test\hpx\TestHPX_IndependentInstancesRefCounting.cpp
	    New File  		    5205	C:\Users\DELL\OneDrive\Desktop\sparta代码修改流程\sparta-master\lib\kokkos\core\unit_test\hpx\TestHPX_IndependentInstancesSynchronization.cpp
	    New File  		    5652	C:\Users\DELL\OneDrive\Desktop\sparta代码修改流程\sparta-master\lib\kokkos\core\unit_test\hpx\TestHPX_InParallel.cpp
	    New File  		     847	C:\Users\DELL\OneDrive\Desktop\sparta代码修改流程\sparta-master\lib\kokkos\core\unit_test\hpx\TestHPX_InterOp.cpp
	    New File  		     634	C:\Users\DELL\OneDrive\Desktop\sparta代码修改流程\sparta-master\lib\kokkos\core\unit_test\hpx\TestHPX_Task.cpp
	    New File  		     327	C:\Users\DELL\OneDrive\Desktop\sparta代码修改流程\sparta-master\lib\kokkos\core\unit_test\incremental\README.md
	    New File  		    2940	C:\Users\DELL\OneDrive\Desktop\sparta代码修改流程\sparta-master\lib\kokkos\core\unit_test\incremental\Test01_execspace.hpp
	    New File  		    1723	C:\Users\DELL\OneDrive\Desktop\sparta代码修改流程\sparta-master\lib\kokkos\core\unit_test\incremental\Test02_atomic_host.hpp
	    New File  		    1497	C:\Users\DELL\OneDrive\Desktop\sparta代码修改流程\sparta-master\lib\kokkos\core\unit_test\incremental\Test03a_MemorySpace_malloc.hpp
	    New File  		    1526	C:\Users\DELL\OneDrive\Desktop\sparta代码修改流程\sparta-master\lib\kokkos\core\unit_test\incremental\Test03b_MemorySpace_free.hpp
	    New File  		    4593	C:\Users\DELL\OneDrive\Desktop\sparta代码修改流程\sparta-master\lib\kokkos\core\unit_test\incremental\Test04_ParallelFor_RangePolicy.hpp
	    New File  		    3922	C:\Users\DELL\OneDrive\Desktop\sparta代码修改流程\sparta-master\lib\kokkos\core\unit_test\incremental\Test05_ParallelReduce_RangePolicy.hpp
	    New File  		    7242	C:\Users\DELL\OneDrive\Desktop\sparta代码修改流程\sparta-master\lib\kokkos\core\unit_test\incremental\Test06_ParallelFor_MDRangePolicy.hpp
	    New File  		    5194	C:\Users\DELL\OneDrive\Desktop\sparta代码修改流程\sparta-master\lib\kokkos\core\unit_test\incremental\Test08_deep_copy.hpp
	    New File  		    2368	C:\Users\DELL\OneDrive\Desktop\sparta代码修改流程\sparta-master\lib\kokkos\core\unit_test\incremental\Test10_HierarchicalBasics.hpp
	    New File  		    2351	C:\Users\DELL\OneDrive\Desktop\sparta代码修改流程\sparta-master\lib\kokkos\core\unit_test\incremental\Test11a_ParallelFor_TeamThreadRange.hpp
	    New File  		    2351	C:\Users\DELL\OneDrive\Desktop\sparta代码修改流程\sparta-master\lib\kokkos\core\unit_test\incremental\Test11b_ParallelFor_TeamVectorRange.hpp
	    New File  		    2636	C:\Users\DELL\OneDrive\Desktop\sparta代码修改流程\sparta-master\lib\kokkos\core\unit_test\incremental\Test11c_ParallelFor_ThreadVectorRange.hpp
	    New File  		    3899	C:\Users\DELL\OneDrive\Desktop\sparta代码修改流程\sparta-master\lib\kokkos\core\unit_test\incremental\Test12a_ThreadScratch.hpp
	    New File  		    3952	C:\Users\DELL\OneDrive\Desktop\sparta代码修改流程\sparta-master\lib\kokkos\core\unit_test\incremental\Test12b_TeamScratch.hpp
	    New File  		    2267	C:\Users\DELL\OneDrive\Desktop\sparta代码修改流程\sparta-master\lib\kokkos\core\unit_test\incremental\Test13a_ParallelRed_TeamThreadRange.hpp
	    New File  		    2208	C:\Users\DELL\OneDrive\Desktop\sparta代码修改流程\sparta-master\lib\kokkos\core\unit_test\incremental\Test13b_ParallelRed_TeamVectorRange.hpp
	    New File  		    2657	C:\Users\DELL\OneDrive\Desktop\sparta代码修改流程\sparta-master\lib\kokkos\core\unit_test\incremental\Test13c_ParallelRed_ThreadVectorRange.hpp
	    New File  		    4867	C:\Users\DELL\OneDrive\Desktop\sparta代码修改流程\sparta-master\lib\kokkos\core\unit_test\incremental\Test14_MDRangeReduce.hpp
	    New File  		    4790	C:\Users\DELL\OneDrive\Desktop\sparta代码修改流程\sparta-master\lib\kokkos\core\unit_test\incremental\Test16_ParallelScan.hpp
	    New File  		    3101	C:\Users\DELL\OneDrive\Desktop\sparta代码修改流程\sparta-master\lib\kokkos\core\unit_test\incremental\Test17_CompleteAtomic.hpp
	    New File  		    1343	C:\Users\DELL\OneDrive\Desktop\sparta代码修改流程\sparta-master\lib\kokkos\core\unit_test\openmp\TestOpenMP_InterOp.cpp
	    New File  		     637	C:\Users\DELL\OneDrive\Desktop\sparta代码修改流程\sparta-master\lib\kokkos\core\unit_test\openmp\TestOpenMP_Task.cpp
	    New File  		     637	C:\Users\DELL\OneDrive\Desktop\sparta代码修改流程\sparta-master\lib\kokkos\core\unit_test\serial\TestSerial_Task.cpp
	    New File  		    1504	C:\Users\DELL\OneDrive\Desktop\sparta代码修改流程\sparta-master\lib\kokkos\core\unit_test\standalone\Makefile
	    New File  		    1514	C:\Users\DELL\OneDrive\Desktop\sparta代码修改流程\sparta-master\lib\kokkos\core\unit_test\standalone\UnitTestMainInit.cpp
	    New File  		    4540	C:\Users\DELL\OneDrive\Desktop\sparta代码修改流程\sparta-master\lib\kokkos\core\unit_test\sycl\TestSYCL_InterOp_Graph.cpp
	    New File  		    1795	C:\Users\DELL\OneDrive\Desktop\sparta代码修改流程\sparta-master\lib\kokkos\core\unit_test\sycl\TestSYCL_InterOp_Init.cpp
	    New File  		    3373	C:\Users\DELL\OneDrive\Desktop\sparta代码修改流程\sparta-master\lib\kokkos\core\unit_test\sycl\TestSYCL_InterOp_Init_Context.cpp
	    New File  		    3499	C:\Users\DELL\OneDrive\Desktop\sparta代码修改流程\sparta-master\lib\kokkos\core\unit_test\sycl\TestSYCL_InterOp_Streams.cpp
	    New File  		    2087	C:\Users\DELL\OneDrive\Desktop\sparta代码修改流程\sparta-master\lib\kokkos\core\unit_test\sycl\TestSYCL_InterOp_StreamsMultiGPU.cpp
	    New File  		    9784	C:\Users\DELL\OneDrive\Desktop\sparta代码修改流程\sparta-master\lib\kokkos\core\unit_test\sycl\TestSYCL_Spaces.cpp
	    New File  		    3919	C:\Users\DELL\OneDrive\Desktop\sparta代码修改流程\sparta-master\lib\kokkos\core\unit_test\sycl\TestSYCL_TeamScratchStreams.cpp
	    New File  		    5540	C:\Users\DELL\OneDrive\Desktop\sparta代码修改流程\sparta-master\lib\kokkos\core\unit_test\tools\printing-tool.cpp
	    New File  		    2731	C:\Users\DELL\OneDrive\Desktop\sparta代码修改流程\sparta-master\lib\kokkos\core\unit_test\tools\TestAllCalls.cpp
	    New File  		    4054	C:\Users\DELL\OneDrive\Desktop\sparta代码修改流程\sparta-master\lib\kokkos\core\unit_test\tools\TestBuiltinTuners.cpp
	    New File  		    1920	C:\Users\DELL\OneDrive\Desktop\sparta代码修改流程\sparta-master\lib\kokkos\core\unit_test\tools\TestCategoricalTuner.cpp
	    New File  		      61	C:\Users\DELL\OneDrive\Desktop\sparta代码修改流程\sparta-master\lib\kokkos\core\unit_test\tools\TestCInterface.c
	    New File  		     659	C:\Users\DELL\OneDrive\Desktop\sparta代码修改流程\sparta-master\lib\kokkos\core\unit_test\tools\TestEventCorrectness.cpp
	    New File  		   27034	C:\Users\DELL\OneDrive\Desktop\sparta代码修改流程\sparta-master\lib\kokkos\core\unit_test\tools\TestEventCorrectness.hpp
	    New File  		    1307	C:\Users\DELL\OneDrive\Desktop\sparta代码修改流程\sparta-master\lib\kokkos\core\unit_test\tools\TestIndependence.cpp
	    New File  		    7793	C:\Users\DELL\OneDrive\Desktop\sparta代码修改流程\sparta-master\lib\kokkos\core\unit_test\tools\TestKernelNames.cpp
	    New File  		     691	C:\Users\DELL\OneDrive\Desktop\sparta代码修改流程\sparta-master\lib\kokkos\core\unit_test\tools\TestLogicalSpaces.cpp
	    New File  		    4067	C:\Users\DELL\OneDrive\Desktop\sparta代码修改流程\sparta-master\lib\kokkos\core\unit_test\tools\TestProfilingSection.cpp
	    New File  		    2327	C:\Users\DELL\OneDrive\Desktop\sparta代码修改流程\sparta-master\lib\kokkos\core\unit_test\tools\TestScopedRegion.cpp
	    New File  		   10022	C:\Users\DELL\OneDrive\Desktop\sparta代码修改流程\sparta-master\lib\kokkos\core\unit_test\tools\TestToolsInitialization.cpp
	    New File  		    7451	C:\Users\DELL\OneDrive\Desktop\sparta代码修改流程\sparta-master\lib\kokkos\core\unit_test\tools\TestTuning.cpp
	    New File  		    4981	C:\Users\DELL\OneDrive\Desktop\sparta代码修改流程\sparta-master\lib\kokkos\core\unit_test\tools\TestWithoutInitializing.cpp
	    New File  		   10607	C:\Users\DELL\OneDrive\Desktop\sparta代码修改流程\sparta-master\lib\kokkos\core\unit_test\view\TestBasicView.hpp
	    New File  		    4398	C:\Users\DELL\OneDrive\Desktop\sparta代码修改流程\sparta-master\lib\kokkos\core\unit_test\view\TestBasicViewMDSpanConversion.cpp
	    New File  		    3023	C:\Users\DELL\OneDrive\Desktop\sparta代码修改流程\sparta-master\lib\kokkos\core\unit_test\view\TestExtentsDatatypeConversion.cpp
	    New File  		    5413	C:\Users\DELL\OneDrive\Desktop\sparta代码修改流程\sparta-master\lib\kokkos\core\unit_test\view\TestReferenceCountedAccessor.hpp
	    New File  		    6987	C:\Users\DELL\OneDrive\Desktop\sparta代码修改流程\sparta-master\lib\kokkos\core\unit_test\view\TestReferenceCountedDataHandle.hpp
	    New File  		    3060	C:\Users\DELL\OneDrive\Desktop\sparta代码修改流程\sparta-master\lib\kokkos\core\unit_test\view\TestViewCustomization.cpp
	    New File  		    4387	C:\Users\DELL\OneDrive\Desktop\sparta代码修改流程\sparta-master\lib\kokkos\core\unit_test\view\TestViewCustomizationAccessorArg.hpp
	    New File  		   10775	C:\Users\DELL\OneDrive\Desktop\sparta代码修改流程\sparta-master\lib\kokkos\core\unit_test\view\TestViewCustomizationAccessorFromMapping.hpp
	    New File  		    9979	C:\Users\DELL\OneDrive\Desktop\sparta代码修改流程\sparta-master\lib\kokkos\core\unit_test\view\TestViewCustomizationAllocationType.hpp
	    New File  		   25369	C:\Users\DELL\OneDrive\Desktop\sparta代码修改流程\sparta-master\lib\kokkos\simd\unit_tests\include\SIMDTesting_Ops.hpp
	    New File  		    6807	C:\Users\DELL\OneDrive\Desktop\sparta代码修改流程\sparta-master\lib\kokkos\simd\unit_tests\include\SIMDTesting_Utilities.hpp
	    New File  		    3755	C:\Users\DELL\OneDrive\Desktop\sparta代码修改流程\sparta-master\lib\kokkos\simd\unit_tests\include\TestSIMD_Condition.hpp
	    New File  		    6548	C:\Users\DELL\OneDrive\Desktop\sparta代码修改流程\sparta-master\lib\kokkos\simd\unit_tests\include\TestSIMD_Construction.hpp
	    New File  		    8834	C:\Users\DELL\OneDrive\Desktop\sparta代码修改流程\sparta-master\lib\kokkos\simd\unit_tests\include\TestSIMD_Conversions.hpp
	    New File  		    5103	C:\Users\DELL\OneDrive\Desktop\sparta代码修改流程\sparta-master\lib\kokkos\simd\unit_tests\include\TestSIMD_GeneratorCtors.hpp
	    New File  		    3902	C:\Users\DELL\OneDrive\Desktop\sparta代码修改流程\sparta-master\lib\kokkos\simd\unit_tests\include\TestSIMD_MaskOps.hpp
	    New File  		   25740	C:\Users\DELL\OneDrive\Desktop\sparta代码修改流程\sparta-master\lib\kokkos\simd\unit_tests\include\TestSIMD_MathOps.hpp
	    New File  		   10054	C:\Users\DELL\OneDrive\Desktop\sparta代码修改流程\sparta-master\lib\kokkos\simd\unit_tests\include\TestSIMD_Reductions.hpp
	    New File  		   12542	C:\Users\DELL\OneDrive\Desktop\sparta代码修改流程\sparta-master\lib\kokkos\simd\unit_tests\include\TestSIMD_ShiftOps.hpp
	    New File  		    8417	C:\Users\DELL\OneDrive\Desktop\sparta代码修改流程\sparta-master\lib\kokkos\simd\unit_tests\include\TestSIMD_WhereExpressions.hpp
	    New File  		    1576	C:\Users\DELL\OneDrive\Desktop\sparta代码修改流程\sparta-master\lib\kokkos\simd\src\impl\Kokkos_Neon_SVE_bridge.hpp
	    New File  		    1864	C:\Users\DELL\OneDrive\Desktop\sparta代码修改流程\sparta-master\lib\kokkos\algorithms\src\sorting\impl\Kokkos_CopyOpsForBinSortImpl.hpp
	    New File  		    4192	C:\Users\DELL\OneDrive\Desktop\sparta代码修改流程\sparta-master\lib\kokkos\algorithms\src\sorting\impl\Kokkos_NestedSortImpl.hpp
	    New File  		   18299	C:\Users\DELL\OneDrive\Desktop\sparta代码修改流程\sparta-master\lib\kokkos\algorithms\src\sorting\impl\Kokkos_SortByKeyImpl.hpp
	    New File  		   17420	C:\Users\DELL\OneDrive\Desktop\sparta代码修改流程\sparta-master\lib\kokkos\algorithms\src\sorting\impl\Kokkos_SortImpl.hpp
	    New File  		    4544	C:\Users\DELL\OneDrive\Desktop\sparta代码修改流程\sparta-master\lib\kokkos\algorithms\src\std_algorithms\impl\Kokkos_AdjacentDifference.hpp
	    New File  		    5587	C:\Users\DELL\OneDrive\Desktop\sparta代码修改流程\sparta-master\lib\kokkos\algorithms\src\std_algorithms\impl\Kokkos_AdjacentFind.hpp
	    New File  		    3267	C:\Users\DELL\OneDrive\Desktop\sparta代码修改流程\sparta-master\lib\kokkos\algorithms\src\std_algorithms\impl\Kokkos_AllOfAnyOfNoneOf.hpp
	    New File  		    9069	C:\Users\DELL\OneDrive\Desktop\sparta代码修改流程\sparta-master\lib\kokkos\algorithms\src\std_algorithms\impl\Kokkos_Constraints.hpp
	    New File  		    3436	C:\Users\DELL\OneDrive\Desktop\sparta代码修改流程\sparta-master\lib\kokkos\algorithms\src\std_algorithms\impl\Kokkos_CopyBackward.hpp
	    New File  		    4905	C:\Users\DELL\OneDrive\Desktop\sparta代码修改流程\sparta-master\lib\kokkos\algorithms\src\std_algorithms\impl\Kokkos_CopyCopyN.hpp
	    New File  		    5417	C:\Users\DELL\OneDrive\Desktop\sparta代码修改流程\sparta-master\lib\kokkos\algorithms\src\std_algorithms\impl\Kokkos_CopyIf.hpp
	    New File  		    3823	C:\Users\DELL\OneDrive\Desktop\sparta代码修改流程\sparta-master\lib\kokkos\algorithms\src\std_algorithms\impl\Kokkos_CountCountIf.hpp
	    New File  		    7273	C:\Users\DELL\OneDrive\Desktop\sparta代码修改流程\sparta-master\lib\kokkos\algorithms\src\std_algorithms\impl\Kokkos_Equal.hpp
	    New File  		    8461	C:\Users\DELL\OneDrive\Desktop\sparta代码修改流程\sparta-master\lib\kokkos\algorithms\src\std_algorithms\impl\Kokkos_ExclusiveScan.hpp
	    New File  		    3726	C:\Users\DELL\OneDrive\Desktop\sparta代码修改流程\sparta-master\lib\kokkos\algorithms\src\std_algorithms\impl\Kokkos_FillFillN.hpp
	    New File  		    9162	C:\Users\DELL\OneDrive\Desktop\sparta代码修改流程\sparta-master\lib\kokkos\algorithms\src\std_algorithms\impl\Kokkos_FindEnd.hpp
	    New File  		    6870	C:\Users\DELL\OneDrive\Desktop\sparta代码修改流程\sparta-master\lib\kokkos\algorithms\src\std_algorithms\impl\Kokkos_FindFirstOf.hpp
	    New File  		    6059	C:\Users\DELL\OneDrive\Desktop\sparta代码修改流程\sparta-master\lib\kokkos\algorithms\src\std_algorithms\impl\Kokkos_FindIfOrNot.hpp
	    New File  		    4118	C:\Users\DELL\OneDrive\Desktop\sparta代码修改流程\sparta-master\lib\kokkos\algorithms\src\std_algorithms\impl\Kokkos_ForEachForEachN.hpp
	    New File  		    7026	C:\Users\DELL\OneDrive\Desktop\sparta代码修改流程\sparta-master\lib\kokkos\algorithms\src\std_algorithms\impl\Kokkos_FunctorsForExclusiveScan.hpp
	    New File  		    3589	C:\Users\DELL\OneDrive\Desktop\sparta代码修改流程\sparta-master\lib\kokkos\algorithms\src\std_algorithms\impl\Kokkos_GenerateGenerateN.hpp
	    New File  		    2456	C:\Users\DELL\OneDrive\Desktop\sparta代码修改流程\sparta-master\lib\kokkos\algorithms\src\std_algorithms\impl\Kokkos_HelperPredicates.hpp
	    New File  		    1065	C:\Users\DELL\OneDrive\Desktop\sparta代码修改流程\sparta-master\lib\kokkos\algorithms\src\std_algorithms\impl\Kokkos_IdentityReferenceUnaryFunctor.hpp
	    New File  		   18250	C:\Users\DELL\OneDrive\Desktop\sparta代码修改流程\sparta-master\lib\kokkos\algorithms\src\std_algorithms\impl\Kokkos_InclusiveScan.hpp
	    New File  		    6840	C:\Users\DELL\OneDrive\Desktop\sparta代码修改流程\sparta-master\lib\kokkos\algorithms\src\std_algorithms\impl\Kokkos_IsPartitioned.hpp
	    New File  		    4383	C:\Users\DELL\OneDrive\Desktop\sparta代码修改流程\sparta-master\lib\kokkos\algorithms\src\std_algorithms\impl\Kokkos_IsSorted.hpp
	    New File  		    6175	C:\Users\DELL\OneDrive\Desktop\sparta代码修改流程\sparta-master\lib\kokkos\algorithms\src\std_algorithms\impl\Kokkos_IsSortedUntil.hpp
	    New File  		    8406	C:\Users\DELL\OneDrive\Desktop\sparta代码修改流程\sparta-master\lib\kokkos\algorithms\src\std_algorithms\impl\Kokkos_LexicographicalCompare.hpp
	    New File  		    7672	C:\Users\DELL\OneDrive\Desktop\sparta代码修改流程\sparta-master\lib\kokkos\algorithms\src\std_algorithms\impl\Kokkos_MinMaxMinmaxElement.hpp
	    New File  		    7711	C:\Users\DELL\OneDrive\Desktop\sparta代码修改流程\sparta-master\lib\kokkos\algorithms\src\std_algorithms\impl\Kokkos_Mismatch.hpp
	    New File  		    3426	C:\Users\DELL\OneDrive\Desktop\sparta代码修改流程\sparta-master\lib\kokkos\algorithms\src\std_algorithms\impl\Kokkos_Move.hpp
	    New File  		    3312	C:\Users\DELL\OneDrive\Desktop\sparta代码修改流程\sparta-master\lib\kokkos\algorithms\src\std_algorithms\impl\Kokkos_MoveBackward.hpp
	    New File  		    1412	C:\Users\DELL\OneDrive\Desktop\sparta代码修改流程\sparta-master\lib\kokkos\algorithms\src\std_algorithms\impl\Kokkos_MustUseKokkosSingleInTeam.hpp
	    New File  		    6176	C:\Users\DELL\OneDrive\Desktop\sparta代码修改流程\sparta-master\lib\kokkos\algorithms\src\std_algorithms\impl\Kokkos_PartitionCopy.hpp
	    New File  		    4857	C:\Users\DELL\OneDrive\Desktop\sparta代码修改流程\sparta-master\lib\kokkos\algorithms\src\std_algorithms\impl\Kokkos_PartitionPoint.hpp
	    New File  		    7186	C:\Users\DELL\OneDrive\Desktop\sparta代码修改流程\sparta-master\lib\kokkos\algorithms\src\std_algorithms\impl\Kokkos_RandomAccessIterator.hpp
	    New File  		    7664	C:\Users\DELL\OneDrive\Desktop\sparta代码修改流程\sparta-master\lib\kokkos\algorithms\src\std_algorithms\impl\Kokkos_Reduce.hpp
	    New File  		    2636	C:\Users\DELL\OneDrive\Desktop\sparta代码修改流程\sparta-master\lib\kokkos\algorithms\src\std_algorithms\impl\Kokkos_ReducerWithArbitraryJoinerNoNeutralElement.hpp
	    New File  		   10970	C:\Users\DELL\OneDrive\Desktop\sparta代码修改流程\sparta-master\lib\kokkos\algorithms\src\std_algorithms\impl\Kokkos_RemoveAllVariants.hpp
	    New File  		    3074	C:\Users\DELL\OneDrive\Desktop\sparta代码修改流程\sparta-master\lib\kokkos\algorithms\src\std_algorithms\impl\Kokkos_Replace.hpp
	    New File  		    4193	C:\Users\DELL\OneDrive\Desktop\sparta代码修改流程\sparta-master\lib\kokkos\algorithms\src\std_algorithms\impl\Kokkos_ReplaceCopy.hpp
	    New File  		    4532	C:\Users\DELL\OneDrive\Desktop\sparta代码修改流程\sparta-master\lib\kokkos\algorithms\src\std_algorithms\impl\Kokkos_ReplaceCopyIf.hpp
	    New File  		    3153	C:\Users\DELL\OneDrive\Desktop\sparta代码修改流程\sparta-master\lib\kokkos\algorithms\src\std_algorithms\impl\Kokkos_ReplaceIf.hpp
	    New File  		    2895	C:\Users\DELL\OneDrive\Desktop\sparta代码修改流程\sparta-master\lib\kokkos\algorithms\src\std_algorithms\impl\Kokkos_Reverse.hpp
	    New File  		    3303	C:\Users\DELL\OneDrive\Desktop\sparta代码修改流程\sparta-master\lib\kokkos\algorithms\src\std_algorithms\impl\Kokkos_ReverseCopy.hpp
	    New File  		    8439	C:\Users\DELL\OneDrive\Desktop\sparta代码修改流程\sparta-master\lib\kokkos\algorithms\src\std_algorithms\impl\Kokkos_Rotate.hpp
	    New File  		    4230	C:\Users\DELL\OneDrive\Desktop\sparta代码修改流程\sparta-master\lib\kokkos\algorithms\src\std_algorithms\impl\Kokkos_RotateCopy.hpp
	    New File  		    9266	C:\Users\DELL\OneDrive\Desktop\sparta代码修改流程\sparta-master\lib\kokkos\algorithms\src\std_algorithms\impl\Kokkos_Search.hpp
	    New File  		    9921	C:\Users\DELL\OneDrive\Desktop\sparta代码修改流程\sparta-master\lib\kokkos\algorithms\src\std_algorithms\impl\Kokkos_SearchN.hpp
	    New File  		    4631	C:\Users\DELL\OneDrive\Desktop\sparta代码修改流程\sparta-master\lib\kokkos\algorithms\src\std_algorithms\impl\Kokkos_ShiftLeft.hpp
	    New File  		    4606	C:\Users\DELL\OneDrive\Desktop\sparta代码修改流程\sparta-master\lib\kokkos\algorithms\src\std_algorithms\impl\Kokkos_ShiftRight.hpp
	    New File  		    3198	C:\Users\DELL\OneDrive\Desktop\sparta代码修改流程\sparta-master\lib\kokkos\algorithms\src\std_algorithms\impl\Kokkos_SwapRanges.hpp
	    New File  		    6492	C:\Users\DELL\OneDrive\Desktop\sparta代码修改流程\sparta-master\lib\kokkos\algorithms\src\std_algorithms\impl\Kokkos_Transform.hpp
	    New File  		    4544	C:\Users\DELL\OneDrive\Desktop\sparta代码修改流程\sparta-master\lib\kokkos\algorithms\src\std_algorithms\impl\Kokkos_TransformExclusiveScan.hpp
	    New File  		   13739	C:\Users\DELL\OneDrive\Desktop\sparta代码修改流程\sparta-master\lib\kokkos\algorithms\src\std_algorithms\impl\Kokkos_TransformInclusiveScan.hpp
	    New File  		   11950	C:\Users\DELL\OneDrive\Desktop\sparta代码修改流程\sparta-master\lib\kokkos\algorithms\src\std_algorithms\impl\Kokkos_TransformReduce.hpp
	    New File  		    8077	C:\Users\DELL\OneDrive\Desktop\sparta代码修改流程\sparta-master\lib\kokkos\algorithms\src\std_algorithms\impl\Kokkos_Unique.hpp
	    New File  		    7563	C:\Users\DELL\OneDrive\Desktop\sparta代码修改流程\sparta-master\lib\kokkos\algorithms\src\std_algorithms\impl\Kokkos_UniqueCopy.hpp
	    New File  		    1056	C:\Users\DELL\OneDrive\Desktop\sparta代码修改流程\sparta-master\lib\kokkos\algorithms\src\std_algorithms\impl\Kokkos_ValueWrapperForNoNeutralElement.hpp
	    New File  		     906	C:\Users\DELL\OneDrive\Desktop\sparta代码修改流程\sparta-master\lib\kokkos\tpls\mdspan\include\mdspan\mdarray.hpp
	    New File  		    1522	C:\Users\DELL\OneDrive\Desktop\sparta代码修改流程\sparta-master\lib\kokkos\tpls\mdspan\include\mdspan\mdspan.hpp
	    New File  		      41	C:\Users\DELL\OneDrive\Desktop\sparta代码修改流程\sparta-master\lib\kokkos\tpls\desul\include\desul\.clang-format
	    New File  		     479	C:\Users\DELL\OneDrive\Desktop\sparta代码修改流程\sparta-master\lib\kokkos\tpls\desul\include\desul\atomics.hpp
	    New File  		     268	C:\Users\DELL\OneDrive\Desktop\sparta代码修改流程\sparta-master\lib\kokkos\example\tutorial\Algorithms\01_random_numbers\CMakeLists.txt
	    New File  		    1060	C:\Users\DELL\OneDrive\Desktop\sparta代码修改流程\sparta-master\lib\kokkos\example\tutorial\Algorithms\01_random_numbers\Makefile
	    New File  		    5169	C:\Users\DELL\OneDrive\Desktop\sparta代码修改流程\sparta-master\lib\kokkos\example\tutorial\Algorithms\01_random_numbers\random_numbers.cpp
	    New File  		     253	C:\Users\DELL\OneDrive\Desktop\sparta代码修改流程\sparta-master\lib\kokkos\example\tutorial\Advanced_Views\01_data_layouts\CMakeLists.txt
	    New File  		    5533	C:\Users\DELL\OneDrive\Desktop\sparta代码修改流程\sparta-master\lib\kokkos\example\tutorial\Advanced_Views\01_data_layouts\data_layouts.cpp
	    New File  		    1058	C:\Users\DELL\OneDrive\Desktop\sparta代码修改流程\sparta-master\lib\kokkos\example\tutorial\Advanced_Views\01_data_layouts\Makefile
	    New File  		     245	C:\Users\DELL\OneDrive\Desktop\sparta代码修改流程\sparta-master\lib\kokkos\example\tutorial\Advanced_Views\03_subviews\CMakeLists.txt
	    New File  		    1046	C:\Users\DELL\OneDrive\Desktop\sparta代码修改流程\sparta-master\lib\kokkos\example\tutorial\Advanced_Views\03_subviews\Makefile
	    New File  		    6255	C:\Users\DELL\OneDrive\Desktop\sparta代码修改流程\sparta-master\lib\kokkos\example\tutorial\Advanced_Views\03_subviews\subviews.cpp
	    New File  		     255	C:\Users\DELL\OneDrive\Desktop\sparta代码修改流程\sparta-master\lib\kokkos\example\tutorial\Advanced_Views\02_memory_traits\CMakeLists.txt
	    New File  		    1061	C:\Users\DELL\OneDrive\Desktop\sparta代码修改流程\sparta-master\lib\kokkos\example\tutorial\Advanced_Views\02_memory_traits\Makefile
	    New File  		    4332	C:\Users\DELL\OneDrive\Desktop\sparta代码修改流程\sparta-master\lib\kokkos\example\tutorial\Advanced_Views\02_memory_traits\memory_traits.cpp
	    New File  		     247	C:\Users\DELL\OneDrive\Desktop\sparta代码修改流程\sparta-master\lib\kokkos\example\tutorial\Advanced_Views\04_dualviews\CMakeLists.txt
	    New File  		    7532	C:\Users\DELL\OneDrive\Desktop\sparta代码修改流程\sparta-master\lib\kokkos\example\tutorial\Advanced_Views\04_dualviews\dual_view.cpp
	    New File  		     289	C:\Users\DELL\OneDrive\Desktop\sparta代码修改流程\sparta-master\lib\kokkos\example\tutorial\Advanced_Views\05_NVIDIA_UVM\CMakeLists.txt
	    New File  		    1049	C:\Users\DELL\OneDrive\Desktop\sparta代码修改流程\sparta-master\lib\kokkos\example\tutorial\Advanced_Views\04_dualviews\Makefile
	    New File  		    1052	C:\Users\DELL\OneDrive\Desktop\sparta代码修改流程\sparta-master\lib\kokkos\example\tutorial\Advanced_Views\05_NVIDIA_UVM\Makefile
	    New File  		    3906	C:\Users\DELL\OneDrive\Desktop\sparta代码修改流程\sparta-master\lib\kokkos\example\tutorial\Advanced_Views\05_NVIDIA_UVM\uvm_example.cpp
	    New File  		    1111	C:\Users\DELL\OneDrive\Desktop\sparta代码修改流程\sparta-master\lib\kokkos\example\tutorial\Advanced_Views\07_Overlapping_DeepCopy\Makefile
	    New File  		    1055	C:\Users\DELL\OneDrive\Desktop\sparta代码修改流程\sparta-master\lib\kokkos\example\tutorial\Advanced_Views\06_AtomicViews\Makefile
	    New File  		    4521	C:\Users\DELL\OneDrive\Desktop\sparta代码修改流程\sparta-master\lib\kokkos\example\tutorial\Advanced_Views\07_Overlapping_DeepCopy\overlapping_deepcopy.cpp
	    New File  		     263	C:\Users\DELL\OneDrive\Desktop\sparta代码修改流程\sparta-master\lib\kokkos\example\tutorial\Hierarchical_Parallelism\01_thread_teams\CMakeLists.txt
	    New File  		    1068	C:\Users\DELL\OneDrive\Desktop\sparta代码修改流程\sparta-master\lib\kokkos\example\tutorial\Hierarchical_Parallelism\01_thread_teams\Makefile
	    New File  		    3340	C:\Users\DELL\OneDrive\Desktop\sparta代码修改流程\sparta-master\lib\kokkos\example\tutorial\Hierarchical_Parallelism\01_thread_teams\thread_teams.cpp
	    New File  		     266	C:\Users\DELL\OneDrive\Desktop\sparta代码修改流程\sparta-master\lib\kokkos\example\tutorial\Hierarchical_Parallelism\01_thread_teams_lambda\CMakeLists.txt
	    New File  		     277	C:\Users\DELL\OneDrive\Desktop\sparta代码修改流程\sparta-master\lib\kokkos\example\tutorial\Hierarchical_Parallelism\02_nested_parallel_for\CMakeLists.txt
	    New File  		    1128	C:\Users\DELL\OneDrive\Desktop\sparta代码修改流程\sparta-master\lib\kokkos\example\tutorial\Hierarchical_Parallelism\01_thread_teams_lambda\Makefile
	    New File  		    1089	C:\Users\DELL\OneDrive\Desktop\sparta代码修改流程\sparta-master\lib\kokkos\example\tutorial\Hierarchical_Parallelism\02_nested_parallel_for\Makefile
	    New File  		    2696	C:\Users\DELL\OneDrive\Desktop\sparta代码修改流程\sparta-master\lib\kokkos\example\tutorial\Hierarchical_Parallelism\01_thread_teams_lambda\thread_teams_lambda.cpp
	    New File  		    2905	C:\Users\DELL\OneDrive\Desktop\sparta代码修改流程\sparta-master\lib\kokkos\example\tutorial\Hierarchical_Parallelism\02_nested_parallel_for\nested_parallel_for.cpp
	    New File  		     265	C:\Users\DELL\OneDrive\Desktop\sparta代码修改流程\sparta-master\lib\kokkos\example\tutorial\Hierarchical_Parallelism\03_vectorization\CMakeLists.txt
	    New File  		    1071	C:\Users\DELL\OneDrive\Desktop\sparta代码修改流程\sparta-master\lib\kokkos\example\tutorial\Hierarchical_Parallelism\03_vectorization\Makefile
	    New File  		    5927	C:\Users\DELL\OneDrive\Desktop\sparta代码修改流程\sparta-master\lib\kokkos\example\tutorial\Hierarchical_Parallelism\03_vectorization\vectorization.cpp
	    New File  		     257	C:\Users\DELL\OneDrive\Desktop\sparta代码修改流程\sparta-master\lib\kokkos\example\tutorial\Hierarchical_Parallelism\04_team_scan\CMakeLists.txt
	    New File  		    1059	C:\Users\DELL\OneDrive\Desktop\sparta代码修改流程\sparta-master\lib\kokkos\example\tutorial\Hierarchical_Parallelism\04_team_scan\Makefile
	    New File  		    4125	C:\Users\DELL\OneDrive\Desktop\sparta代码修改流程\sparta-master\lib\kokkos\example\tutorial\Hierarchical_Parallelism\04_team_scan\team_scan.cpp
	    New File  		    3898	C:\Users\DELL\OneDrive\Desktop\sparta代码修改流程\sparta-master\lib\kokkos\core\src\View\Hooks\Kokkos_ViewHooks.hpp
	    New File  		   16811	C:\Users\DELL\OneDrive\Desktop\sparta代码修改流程\sparta-master\lib\kokkos\core\src\View\MDSpan\Kokkos_MDSpan_Accessor.hpp
	    New File  		    4060	C:\Users\DELL\OneDrive\Desktop\sparta代码修改流程\sparta-master\lib\kokkos\core\src\View\MDSpan\Kokkos_MDSpan_Extents.hpp
	    New File  		    2025	C:\Users\DELL\OneDrive\Desktop\sparta代码修改流程\sparta-master\lib\kokkos\core\src\View\MDSpan\Kokkos_MDSpan_Header.hpp
	    New File  		   13978	C:\Users\DELL\OneDrive\Desktop\sparta代码修改流程\sparta-master\lib\kokkos\core\src\View\MDSpan\Kokkos_MDSpan_Layout.hpp
	    New File  		    1786	C:\Users\DELL\OneDrive\Desktop\sparta代码修改流程\sparta-master\lib\kokkos\core\unit_test\configuration\test-code\CMakeLists.txt
	    New File  		     690	C:\Users\DELL\OneDrive\Desktop\sparta代码修改流程\sparta-master\lib\kokkos\core\unit_test\configuration\test-code\main.cpp
	    New File  		     986	C:\Users\DELL\OneDrive\Desktop\sparta代码修改流程\sparta-master\lib\kokkos\core\unit_test\configuration\test-code\Makefile
	    New File  		     155	C:\Users\DELL\OneDrive\Desktop\sparta代码修改流程\sparta-master\lib\kokkos\core\unit_test\configuration\test-code\test_config.bash
	    New File  		    1318	C:\Users\DELL\OneDrive\Desktop\sparta代码修改流程\sparta-master\lib\kokkos\core\unit_test\configuration\test-code\test_config_arch_list.bash
	    New File  		    1296	C:\Users\DELL\OneDrive\Desktop\sparta代码修改流程\sparta-master\lib\kokkos\core\unit_test\configuration\test-code\test_config_device_list.bash
	    New File  		    1583	C:\Users\DELL\OneDrive\Desktop\sparta代码修改流程\sparta-master\lib\kokkos\core\unit_test\configuration\test-code\test_config_options_list.bash
	    New File  		    3665	C:\Users\DELL\OneDrive\Desktop\sparta代码修改流程\sparta-master\lib\kokkos\core\unit_test\configuration\test-code\test_config_run.bash
	    New File  		   50892	C:\Users\DELL\OneDrive\Desktop\sparta代码修改流程\sparta-master\lib\kokkos\core\unit_test\tools\include\ToolTestingUtilities.hpp
	    New File  		    7745	C:\Users\DELL\OneDrive\Desktop\sparta代码修改流程\sparta-master\lib\kokkos\tpls\mdspan\include\experimental\__p0009_bits\compressed_pair.hpp
	    New File  		   10521	C:\Users\DELL\OneDrive\Desktop\sparta代码修改流程\sparta-master\lib\kokkos\tpls\mdspan\include\experimental\__p0009_bits\config.hpp
	    New File  		    1567	C:\Users\DELL\OneDrive\Desktop\sparta代码修改流程\sparta-master\lib\kokkos\tpls\mdspan\include\experimental\__p0009_bits\default_accessor.hpp
	    New File  		    1093	C:\Users\DELL\OneDrive\Desktop\sparta代码修改流程\sparta-master\lib\kokkos\tpls\mdspan\include\experimental\__p0009_bits\dynamic_extent.hpp
	    New File  		   25358	C:\Users\DELL\OneDrive\Desktop\sparta代码修改流程\sparta-master\lib\kokkos\tpls\mdspan\include\experimental\__p0009_bits\extents.hpp
	    New File  		     834	C:\Users\DELL\OneDrive\Desktop\sparta代码修改流程\sparta-master\lib\kokkos\tpls\mdspan\include\experimental\__p0009_bits\full_extent_t.hpp
	    New File  		    9841	C:\Users\DELL\OneDrive\Desktop\sparta代码修改流程\sparta-master\lib\kokkos\tpls\mdspan\include\experimental\__p0009_bits\layout_left.hpp
	    New File  		   10114	C:\Users\DELL\OneDrive\Desktop\sparta代码修改流程\sparta-master\lib\kokkos\tpls\mdspan\include\experimental\__p0009_bits\layout_right.hpp
	    New File  		   24947	C:\Users\DELL\OneDrive\Desktop\sparta代码修改流程\sparta-master\lib\kokkos\tpls\mdspan\include\experimental\__p0009_bits\layout_stride.hpp
	    New File  		   25839	C:\Users\DELL\OneDrive\Desktop\sparta代码修改流程\sparta-master\lib\kokkos\tpls\mdspan\include\experimental\__p0009_bits\macros.hpp
	    New File  		   18991	C:\Users\DELL\OneDrive\Desktop\sparta代码修改流程\sparta-master\lib\kokkos\tpls\mdspan\include\experimental\__p0009_bits\mdspan.hpp
	    New File  		    3762	C:\Users\DELL\OneDrive\Desktop\sparta代码修改流程\sparta-master\lib\kokkos\tpls\mdspan\include\experimental\__p0009_bits\no_unique_address.hpp
	    New File  		    4358	C:\Users\DELL\OneDrive\Desktop\sparta代码修改流程\sparta-master\lib\kokkos\tpls\mdspan\include\experimental\__p0009_bits\trait_backports.hpp
	    New File  		    2605	C:\Users\DELL\OneDrive\Desktop\sparta代码修改流程\sparta-master\lib\kokkos\tpls\mdspan\include\experimental\__p0009_bits\type_list.hpp
	    New File  		    5015	C:\Users\DELL\OneDrive\Desktop\sparta代码修改流程\sparta-master\lib\kokkos\tpls\mdspan\include\experimental\__p0009_bits\utility.hpp
	    New File  		   18265	C:\Users\DELL\OneDrive\Desktop\sparta代码修改流程\sparta-master\lib\kokkos\tpls\mdspan\include\experimental\__p1684_bits\mdarray.hpp
	    New File  		   32955	C:\Users\DELL\OneDrive\Desktop\sparta代码修改流程\sparta-master\lib\kokkos\tpls\mdspan\include\experimental\__p2642_bits\layout_padded.hpp
	    New File  		    1612	C:\Users\DELL\OneDrive\Desktop\sparta代码修改流程\sparta-master\lib\kokkos\tpls\mdspan\include\experimental\__p2630_bits\strided_slice.hpp
	    New File  		    5636	C:\Users\DELL\OneDrive\Desktop\sparta代码修改流程\sparta-master\lib\kokkos\tpls\mdspan\include\experimental\__p2642_bits\layout_padded_fwd.hpp
	    New File  		    1701	C:\Users\DELL\OneDrive\Desktop\sparta代码修改流程\sparta-master\lib\kokkos\tpls\mdspan\include\experimental\__p2630_bits\submdspan.hpp
	    New File  		   15098	C:\Users\DELL\OneDrive\Desktop\sparta代码修改流程\sparta-master\lib\kokkos\tpls\mdspan\include\experimental\__p2630_bits\submdspan_extents.hpp
	    New File  		   29507	C:\Users\DELL\OneDrive\Desktop\sparta代码修改流程\sparta-master\lib\kokkos\tpls\mdspan\include\experimental\__p2630_bits\submdspan_mapping.hpp
	    New File  		     954	C:\Users\DELL\OneDrive\Desktop\sparta代码修改流程\sparta-master\lib\kokkos\tpls\mdspan\include\experimental\__p2389_bits\dims.hpp
	    New File  		    1150	C:\Users\DELL\OneDrive\Desktop\sparta代码修改流程\sparta-master\lib\kokkos\tpls\desul\include\desul\atomics\Adapt_CXX.hpp
	    New File  		    1012	C:\Users\DELL\OneDrive\Desktop\sparta代码修改流程\sparta-master\lib\kokkos\tpls\desul\include\desul\atomics\Adapt_GCC.hpp
	    New File  		    1724	C:\Users\DELL\OneDrive\Desktop\sparta代码修改流程\sparta-master\lib\kokkos\tpls\desul\include\desul\atomics\Adapt_HIP.hpp
	    New File  		    3476	C:\Users\DELL\OneDrive\Desktop\sparta代码修改流程\sparta-master\lib\kokkos\tpls\desul\include\desul\atomics\Adapt_SYCL.hpp
	    New File  		    5029	C:\Users\DELL\OneDrive\Desktop\sparta代码修改流程\sparta-master\lib\kokkos\tpls\desul\include\desul\atomics\Atomic_Ref.hpp
	    New File  		    3749	C:\Users\DELL\OneDrive\Desktop\sparta代码修改流程\sparta-master\lib\kokkos\tpls\desul\include\desul\atomics\Common.hpp
	    New File  		    1039	C:\Users\DELL\OneDrive\Desktop\sparta代码修改流程\sparta-master\lib\kokkos\tpls\desul\include\desul\atomics\Compare_Exchange.hpp
	    New File  		   10343	C:\Users\DELL\OneDrive\Desktop\sparta代码修改流程\sparta-master\lib\kokkos\tpls\desul\include\desul\atomics\Compare_Exchange_CUDA.hpp
	    New File  		    4484	C:\Users\DELL\OneDrive\Desktop\sparta代码修改流程\sparta-master\lib\kokkos\tpls\desul\include\desul\atomics\Compare_Exchange_GCC.hpp
	    New File  		    3775	C:\Users\DELL\OneDrive\Desktop\sparta代码修改流程\sparta-master\lib\kokkos\tpls\desul\include\desul\atomics\Compare_Exchange_HIP.hpp
	    New File  		    6112	C:\Users\DELL\OneDrive\Desktop\sparta代码修改流程\sparta-master\lib\kokkos\tpls\desul\include\desul\atomics\Compare_Exchange_MSVC.hpp
	    New File  		    4940	C:\Users\DELL\OneDrive\Desktop\sparta代码修改流程\sparta-master\lib\kokkos\tpls\desul\include\desul\atomics\Compare_Exchange_OpenACC.hpp
	    New File  		    3926	C:\Users\DELL\OneDrive\Desktop\sparta代码修改流程\sparta-master\lib\kokkos\tpls\desul\include\desul\atomics\Compare_Exchange_OpenMP.hpp
	    New File  		    1812	C:\Users\DELL\OneDrive\Desktop\sparta代码修改流程\sparta-master\lib\kokkos\tpls\desul\include\desul\atomics\Compare_Exchange_ScopeCaller.hpp
	    New File  		    6075	C:\Users\DELL\OneDrive\Desktop\sparta代码修改流程\sparta-master\lib\kokkos\tpls\desul\include\desul\atomics\Compare_Exchange_SYCL.hpp
	    New File  		     943	C:\Users\DELL\OneDrive\Desktop\sparta代码修改流程\sparta-master\lib\kokkos\tpls\desul\include\desul\atomics\Fetch_Op.hpp
	    New File  		    9550	C:\Users\DELL\OneDrive\Desktop\sparta代码修改流程\sparta-master\lib\kokkos\tpls\desul\include\desul\atomics\Fetch_Op_CUDA.hpp
	    New File  		    3248	C:\Users\DELL\OneDrive\Desktop\sparta代码修改流程\sparta-master\lib\kokkos\tpls\desul\include\desul\atomics\Fetch_Op_GCC.hpp
	    New File  		    9723	C:\Users\DELL\OneDrive\Desktop\sparta代码修改流程\sparta-master\lib\kokkos\tpls\desul\include\desul\atomics\Fetch_Op_Generic.hpp
	    New File  		    6034	C:\Users\DELL\OneDrive\Desktop\sparta代码修改流程\sparta-master\lib\kokkos\tpls\desul\include\desul\atomics\Fetch_Op_HIP.hpp
	    New File  		   10203	C:\Users\DELL\OneDrive\Desktop\sparta代码修改流程\sparta-master\lib\kokkos\tpls\desul\include\desul\atomics\Fetch_Op_OpenACC.hpp
	    New File  		    3993	C:\Users\DELL\OneDrive\Desktop\sparta代码修改流程\sparta-master\lib\kokkos\tpls\desul\include\desul\atomics\Fetch_Op_OpenMP.hpp
	    New File  		    1495	C:\Users\DELL\OneDrive\Desktop\sparta代码修改流程\sparta-master\lib\kokkos\tpls\desul\include\desul\atomics\Fetch_Op_ScopeCaller.hpp
	    New File  		    2727	C:\Users\DELL\OneDrive\Desktop\sparta代码修改流程\sparta-master\lib\kokkos\tpls\desul\include\desul\atomics\Fetch_Op_SYCL.hpp
	    New File  		   20187	C:\Users\DELL\OneDrive\Desktop\sparta代码修改流程\sparta-master\lib\kokkos\tpls\desul\include\desul\atomics\Generic.hpp
	    New File  		    2352	C:\Users\DELL\OneDrive\Desktop\sparta代码修改流程\sparta-master\lib\kokkos\tpls\desul\include\desul\atomics\Lock_Array.hpp
	    New File  		    5136	C:\Users\DELL\OneDrive\Desktop\sparta代码修改流程\sparta-master\lib\kokkos\tpls\desul\include\desul\atomics\Lock_Array_CUDA.hpp
	    New File  		    5066	C:\Users\DELL\OneDrive\Desktop\sparta代码修改流程\sparta-master\lib\kokkos\tpls\desul\include\desul\atomics\Lock_Array_HIP.hpp
	    New File  		    7238	C:\Users\DELL\OneDrive\Desktop\sparta代码修改流程\sparta-master\lib\kokkos\tpls\desul\include\desul\atomics\Lock_Array_SYCL.hpp
	    New File  		     784	C:\Users\DELL\OneDrive\Desktop\sparta代码修改流程\sparta-master\lib\kokkos\tpls\desul\include\desul\atomics\Lock_Based_Fetch_Op.hpp
	    New File  		    1798	C:\Users\DELL\OneDrive\Desktop\sparta代码修改流程\sparta-master\lib\kokkos\tpls\desul\include\desul\atomics\Lock_Based_Fetch_Op_CUDA.hpp
	    New File  		    1752	C:\Users\DELL\OneDrive\Desktop\sparta代码修改流程\sparta-master\lib\kokkos\tpls\desul\include\desul\atomics\Lock_Based_Fetch_Op_HIP.hpp
	    New File  		    1414	C:\Users\DELL\OneDrive\Desktop\sparta代码修改流程\sparta-master\lib\kokkos\tpls\desul\include\desul\atomics\Lock_Based_Fetch_Op_Host.hpp
	    New File  		    1616	C:\Users\DELL\OneDrive\Desktop\sparta代码修改流程\sparta-master\lib\kokkos\tpls\desul\include\desul\atomics\Lock_Based_Fetch_Op_OpenACC.hpp
	    New File  		    2007	C:\Users\DELL\OneDrive\Desktop\sparta代码修改流程\sparta-master\lib\kokkos\tpls\desul\include\desul\atomics\Lock_Based_Fetch_Op_SYCL.hpp
	    New File  		    3498	C:\Users\DELL\OneDrive\Desktop\sparta代码修改流程\sparta-master\lib\kokkos\tpls\desul\include\desul\atomics\Lock_Free_Fetch_Op.hpp
	    New File  		    5515	C:\Users\DELL\OneDrive\Desktop\sparta代码修改流程\sparta-master\lib\kokkos\tpls\desul\include\desul\atomics\Macros.hpp
	    New File  		    5362	C:\Users\DELL\OneDrive\Desktop\sparta代码修改流程\sparta-master\lib\kokkos\tpls\desul\include\desul\atomics\Operator_Function_Objects.hpp
	    New File  		     999	C:\Users\DELL\OneDrive\Desktop\sparta代码修改流程\sparta-master\lib\kokkos\tpls\desul\include\desul\atomics\Thread_Fence.hpp
	    New File  		    1921	C:\Users\DELL\OneDrive\Desktop\sparta代码修改流程\sparta-master\lib\kokkos\tpls\desul\include\desul\atomics\Thread_Fence_CUDA.hpp
	    New File  		     603	C:\Users\DELL\OneDrive\Desktop\sparta代码修改流程\sparta-master\lib\kokkos\tpls\desul\include\desul\atomics\Thread_Fence_GCC.hpp
	    New File  		    1874	C:\Users\DELL\OneDrive\Desktop\sparta代码修改流程\sparta-master\lib\kokkos\tpls\desul\include\desul\atomics\Thread_Fence_HIP.hpp
	    New File  		     668	C:\Users\DELL\OneDrive\Desktop\sparta代码修改流程\sparta-master\lib\kokkos\tpls\desul\include\desul\atomics\Thread_Fence_MSVC.hpp
	    New File  		     641	C:\Users\DELL\OneDrive\Desktop\sparta代码修改流程\sparta-master\lib\kokkos\tpls\desul\include\desul\atomics\Thread_Fence_OpenACC.hpp
	    New File  		    2297	C:\Users\DELL\OneDrive\Desktop\sparta代码修改流程\sparta-master\lib\kokkos\tpls\desul\include\desul\atomics\Thread_Fence_OpenMP.hpp
	    New File  		     893	C:\Users\DELL\OneDrive\Desktop\sparta代码修改流程\sparta-master\lib\kokkos\tpls\desul\include\desul\atomics\Thread_Fence_ScopeCaller.hpp
	    New File  		     944	C:\Users\DELL\OneDrive\Desktop\sparta代码修改流程\sparta-master\lib\kokkos\tpls\desul\include\desul\atomics\Thread_Fence_SYCL.hpp
	    New File  		    3424	C:\Users\DELL\OneDrive\Desktop\sparta代码修改流程\sparta-master\lib\kokkos\tpls\desul\include\desul\atomics\openmp\OpenMP_40.hpp
	    New File  		     816	C:\Users\DELL\OneDrive\Desktop\sparta代码修改流程\sparta-master\lib\kokkos\tpls\desul\include\desul\atomics\cuda\CUDA_asm.hpp
	    New File  		     133	C:\Users\DELL\OneDrive\Desktop\sparta代码修改流程\sparta-master\lib\kokkos\tpls\desul\include\desul\atomics\cuda\CUDA_asm_exchange.hpp
	    New File  		     878	C:\Users\DELL\OneDrive\Desktop\sparta代码修改流程\sparta-master\lib\kokkos\tpls\desul\include\desul\atomics\cuda\cuda_cc7_asm.inc
	    New File  		     210	C:\Users\DELL\OneDrive\Desktop\sparta代码修改流程\sparta-master\lib\kokkos\tpls\desul\include\desul\atomics\cuda\cuda_cc7_asm_atomic_fetch_op.inc
	    New File  		   13542	C:\Users\DELL\OneDrive\Desktop\sparta代码修改流程\sparta-master\lib\kokkos\tpls\desul\include\desul\atomics\cuda\cuda_cc7_asm_atomic_fetch_op.inc_isglobal
	    New File  		   13979	C:\Users\DELL\OneDrive\Desktop\sparta代码修改流程\sparta-master\lib\kokkos\tpls\desul\include\desul\atomics\cuda\cuda_cc7_asm_atomic_fetch_op.inc_predicate
	    New File  		     198	C:\Users\DELL\OneDrive\Desktop\sparta代码修改流程\sparta-master\lib\kokkos\tpls\desul\include\desul\atomics\cuda\cuda_cc7_asm_atomic_op.inc
	    New File  		    5657	C:\Users\DELL\OneDrive\Desktop\sparta代码修改流程\sparta-master\lib\kokkos\tpls\desul\include\desul\atomics\cuda\cuda_cc7_asm_atomic_op.inc_isglobal
	    New File  		    5985	C:\Users\DELL\OneDrive\Desktop\sparta代码修改流程\sparta-master\lib\kokkos\tpls\desul\include\desul\atomics\cuda\cuda_cc7_asm_atomic_op.inc_predicate
	    New File  		    8187	C:\Users\DELL\OneDrive\Desktop\sparta代码修改流程\sparta-master\lib\kokkos\tpls\desul\include\desul\atomics\openmp\OpenMP_40_op.inc
	    New File  		     905	C:\Users\DELL\OneDrive\Desktop\sparta代码修改流程\sparta-master\lib\kokkos\tpls\desul\include\desul\atomics\cuda\cuda_cc7_asm_exchange.inc
	    New File  		    1174	C:\Users\DELL\OneDrive\Desktop\sparta代码修改流程\sparta-master\lib\kokkos\tpls\desul\include\desul\atomics\cuda\cuda_cc7_asm_exchange_memorder.inc
	    New File  		    2732	C:\Users\DELL\OneDrive\Desktop\sparta代码修改流程\sparta-master\lib\kokkos\tpls\desul\include\desul\atomics\cuda\cuda_cc7_asm_exchange_op.inc
	    New File  		    1304	C:\Users\DELL\OneDrive\Desktop\sparta代码修改流程\sparta-master\lib\kokkos\tpls\desul\include\desul\atomics\cuda\cuda_cc7_asm_memorder.inc

------------------------------------------------------------------------------

               Total    Copied   Skipped  Mismatch    FAILED    Extras
    Dirs :       197       197         3         0         0         0
   Files :      3591      3591         0         0         0         0
   Bytes :  110.92 m  110.92 m         0         0         0         0
   Times :   0:00:12   0:00:01                       0:00:00   0:00:00


   Speed :           89,468,363 Bytes/sec.
   Speed :            5,119.421 MegaBytes/min.
   Ended : 2026729 20:03:59

